shelf_life_code,ingredient_code,storage_location,min_days,max_days,warning_days,starting_event,source,source_record_id,source_url,source_recorded_at,source_license,source_duration,days_conversion_method,shelf_life_status,mapping_note
SHF-2B4DD46E4DA2,ING-BERAS,suhu_ruang,730,730,14,tanggal_pembelian,USDA FoodKeeper (mirror arsip),mirror-line-318,https://raw.githubusercontent.com/jelera/food-shelflife-db/master/lib/seeds/ingredients.csv,,USDA public domain; mirror terpisah,2-2 Years,1 minggu=7 hari; 1 bulan=30 hari; 1 tahun=365 hari,referensi_perlu_verifikasi_lokal,Beras dipadankan dengan Rice white or wild
SHF-F4BF6D7A135F,ING-BERAS-KETAN,suhu_ruang,730,730,14,tanggal_pembelian,USDA FoodKeeper (mirror arsip),mirror-line-318,https://raw.githubusercontent.com/jelera/food-shelflife-db/master/lib/seeds/ingredients.csv,,USDA public domain; mirror terpisah,2-2 Years,1 minggu=7 hari; 1 bulan=30 hari; 1 tahun=365 hari,referensi_perlu_verifikasi_lokal,Beras Ketan dipadankan dengan Rice white or wild
SHF-866B434A8A05,ING-BERAS-PREMIUM,suhu_ruang,730,730,14,tanggal_pembelian,USDA FoodKeeper (mirror arsip),mirror-line-318,https://raw.githubusercontent.com/jelera/food-shelflife-db/master/lib/seeds/ingredients.csv,,USDA public domain; mirror terpisah,2-2 Years,1 minggu=7 hari; 1 bulan=30 hari; 1 tahun=365 hari,referensi_perlu_verifikasi_lokal,Beras Premium dipadankan dengan Rice white or wild
SHF-55769EC89591,ING-BERAS-MEDIUM,suhu_ruang,730,730,14,tanggal_pembelian,USDA FoodKeeper (mirror arsip),mirror-line-318,https://raw.githubusercontent.com/jelera/food-shelflife-db/master/lib/seeds/ingredients.csv,,USDA public domain; mirror terpisah,2-2 Years,1 minggu=7 hari; 1 bulan=30 hari; 1 tahun=365 hari,referensi_perlu_verifikasi_lokal,Beras Medium dipadankan dengan Rice white or wild
SHF-6460CEAAF513,ING-BERAS-TERMAHAL,suhu_ruang,730,730,14,tanggal_pembelian,USDA FoodKeeper (mirror arsip),mirror-line-318,https://raw.githubusercontent.com/jelera/food-shelflife-db/master/lib/seeds/ingredients.csv,,USDA public domain; mirror terpisah,2-2 Years,1 minggu=7 hari; 1 bulan=30 hari; 1 tahun=365 hari,referensi_perlu_verifikasi_lokal,Beras Termahal dipadankan dengan Rice white or wild
SHF-7A6AC5030C3B,ING-BERAS-TERMURAH-NON-BULOG,suhu_ruang,730,730,14,tanggal_pembelian,USDA FoodKeeper (mirror arsip),mirror-line-318,https://raw.githubusercontent.com/jelera/food-shelflife-db/master/lib/seeds/ingredients.csv,,USDA public domain; mirror terpisah,2-2 Years,1 minggu=7 hari; 1 bulan=30 hari; 1 tahun=365 hari,referensi_perlu_verifikasi_lokal,Beras Termurah (Non Bulog) dipadankan dengan Rice white or wild
SHF-C9DACC98856E,ING-TEPUNG-TERIGU,suhu_ruang,180,360,14,tanggal_pembelian,USDA FoodKeeper (mirror arsip),mirror-line-205,https://raw.githubusercontent.com/jelera/food-shelflife-db/master/lib/seeds/ingredients.csv,,USDA public domain; mirror terpisah,6-12 Months,1 minggu=7 hari; 1 bulan=30 hari; 1 tahun=365 hari,referensi_perlu_verifikasi_lokal,Tepung Terigu dipadankan dengan Flour white
SHF-39BCF273D47A,ING-TEPUNG-TERIGU-CURAH,suhu_ruang,180,360,14,tanggal_pembelian,USDA FoodKeeper (mirror arsip),mirror-line-205,https://raw.githubusercontent.com/jelera/food-shelflife-db/master/lib/seeds/ingredients.csv,,USDA public domain; mirror terpisah,6-12 Months,1 minggu=7 hari; 1 bulan=30 hari; 1 tahun=365 hari,referensi_perlu_verifikasi_lokal,Tepung Terigu Curah dipadankan dengan Flour white
SHF-A2654D148D2F,ING-JAGUNG-SEGAR,kulkas,1,2,1,tanggal_pembelian,USDA FoodKeeper (mirror arsip),mirror-line-264,https://raw.githubusercontent.com/jelera/food-shelflife-db/master/lib/seeds/ingredients.csv,,USDA public domain; mirror terpisah,1-2 Days,1 minggu=7 hari; 1 bulan=30 hari; 1 tahun=365 hari,referensi_perlu_verifikasi_lokal,Jagung Segar dipadankan dengan Corn on the cob
SHF-58871BA8AC74,ING-JAGUNG-SEGAR,freezer,240,240,14,tanggal_pembelian,USDA FoodKeeper (mirror arsip),mirror-line-264,https://raw.githubusercontent.com/jelera/food-shelflife-db/master/lib/seeds/ingredients.csv,,USDA public domain; mirror terpisah,8-8 Months,1 minggu=7 hari; 1 bulan=30 hari; 1 tahun=365 hari,referensi_perlu_verifikasi_lokal,Jagung Segar dipadankan dengan Corn on the cob
SHF-30AD2CD7F858,ING-JAGUNG-MANIS,kulkas,1,2,1,tanggal_pembelian,USDA FoodKeeper (mirror arsip),mirror-line-264,https://raw.githubusercontent.com/jelera/food-shelflife-db/master/lib/seeds/ingredients.csv,,USDA public domain; mirror terpisah,1-2 Days,1 minggu=7 hari; 1 bulan=30 hari; 1 tahun=365 hari,referensi_perlu_verifikasi_lokal,Jagung Manis dipadankan dengan Corn on the cob
SHF-C685CED36774,ING-JAGUNG-MANIS,freezer,240,240,14,tanggal_pembelian,USDA FoodKeeper (mirror arsip),mirror-line-264,https://raw.githubusercontent.com/jelera/food-shelflife-db/master/lib/seeds/ingredients.csv,,USDA public domain; mirror terpisah,8-8 Months,1 minggu=7 hari; 1 bulan=30 hari; 1 tahun=365 hari,referensi_perlu_verifikasi_lokal,Jagung Manis dipadankan dengan Corn on the cob
SHF-3EF2105EEA94,ING-JAGUNG-PIPIL,suhu_ruang,180,360,14,tanggal_pembelian,USDA FoodKeeper (mirror arsip),mirror-line-202,https://raw.githubusercontent.com/jelera/food-shelflife-db/master/lib/seeds/ingredients.csv,,USDA public domain; mirror terpisah,6-12 Months,1 minggu=7 hari; 1 bulan=30 hari; 1 tahun=365 hari,referensi_perlu_verifikasi_lokal,"Jagung Pipil dipadankan dengan Cornmeal regular, degerminated"
SHF-1C5EFC493E99,ING-JAGUNG-PIPILAN,suhu_ruang,180,360,14,tanggal_pembelian,USDA FoodKeeper (mirror arsip),mirror-line-202,https://raw.githubusercontent.com/jelera/food-shelflife-db/master/lib/seeds/ingredients.csv,,USDA public domain; mirror terpisah,6-12 Months,1 minggu=7 hari; 1 bulan=30 hari; 1 tahun=365 hari,referensi_perlu_verifikasi_lokal,"Jagung Pipilan dipadankan dengan Cornmeal regular, degerminated"
SHF-9AFC2B8C87A1,ING-KENTANG,suhu_ruang,30,60,3,tanggal_pembelian,USDA FoodKeeper (mirror arsip),mirror-line-279,https://raw.githubusercontent.com/jelera/food-shelflife-db/master/lib/seeds/ingredients.csv,,USDA public domain; mirror terpisah,1-2 Months,1 minggu=7 hari; 1 bulan=30 hari; 1 tahun=365 hari,referensi_perlu_verifikasi_lokal,Kentang dipadankan dengan Potatoes
SHF-0AE45086FB79,ING-KENTANG,kulkas,7,14,1,tanggal_pembelian,USDA FoodKeeper (mirror arsip),mirror-line-279,https://raw.githubusercontent.com/jelera/food-shelflife-db/master/lib/seeds/ingredients.csv,,USDA public domain; mirror terpisah,1-2 Weeks,1 minggu=7 hari; 1 bulan=30 hari; 1 tahun=365 hari,referensi_perlu_verifikasi_lokal,Kentang dipadankan dengan Potatoes
SHF-C4E5EE7E2CE6,ING-KENTANG,freezer,300,360,14,mulai_disimpan,USDA FoodKeeper (mirror arsip),mirror-line-279,https://raw.githubusercontent.com/jelera/food-shelflife-db/master/lib/seeds/ingredients.csv,,USDA public domain; mirror terpisah,10-12 Months,1 minggu=7 hari; 1 bulan=30 hari; 1 tahun=365 hari,referensi_perlu_verifikasi_lokal,Kentang dipadankan dengan Potatoes
SHF-5F25DAECF362,ING-SINGKONG,suhu_ruang,7,7,1,tanggal_pembelian,USDA FoodKeeper (mirror arsip),mirror-line-290,https://raw.githubusercontent.com/jelera/food-shelflife-db/master/lib/seeds/ingredients.csv,,USDA public domain; mirror terpisah,7-7 Days,1 minggu=7 hari; 1 bulan=30 hari; 1 tahun=365 hari,referensi_perlu_verifikasi_lokal,Singkong dipadankan dengan Yuca/cassava
SHF-17C0E886985F,ING-SINGKONG,kulkas,3,3,1,tanggal_pembelian,USDA FoodKeeper (mirror arsip),mirror-line-290,https://raw.githubusercontent.com/jelera/food-shelflife-db/master/lib/seeds/ingredients.csv,,USDA public domain; mirror terpisah,3-3 Days,1 minggu=7 hari; 1 bulan=30 hari; 1 tahun=365 hari,referensi_perlu_verifikasi_lokal,Singkong dipadankan dengan Yuca/cassava
SHF-B92958E35C74,ING-SINGKONG,freezer,30,60,3,tanggal_pembelian,USDA FoodKeeper (mirror arsip),mirror-line-290,https://raw.githubusercontent.com/jelera/food-shelflife-db/master/lib/seeds/ingredients.csv,,USDA public domain; mirror terpisah,1-2 Months,1 minggu=7 hari; 1 bulan=30 hari; 1 tahun=365 hari,referensi_perlu_verifikasi_lokal,Singkong dipadankan dengan Yuca/cassava
SHF-BF03EDA218D3,ING-UBI-JALAR,suhu_ruang,14,21,1,tanggal_pembelian,USDA FoodKeeper (mirror arsip),mirror-line-402,https://raw.githubusercontent.com/jelera/food-shelflife-db/master/lib/seeds/ingredients.csv,,USDA public domain; mirror terpisah,2-3 Weeks,1 minggu=7 hari; 1 bulan=30 hari; 1 tahun=365 hari,referensi_perlu_verifikasi_lokal,Ubi Jalar dipadankan dengan Yams/sweet potatoes
SHF-E4F21AB818DF,ING-UBI-JALAR-PUTIH,suhu_ruang,14,21,1,tanggal_pembelian,USDA FoodKeeper (mirror arsip),mirror-line-402,https://raw.githubusercontent.com/jelera/food-shelflife-db/master/lib/seeds/ingredients.csv,,USDA public domain; mirror terpisah,2-3 Weeks,1 minggu=7 hari; 1 bulan=30 hari; 1 tahun=365 hari,referensi_perlu_verifikasi_lokal,Ubi Jalar Putih dipadankan dengan Yams/sweet potatoes
SHF-454C3230D9F9,ING-IKAN-LELE,kulkas,1,2,1,tanggal_pembelian,USDA FoodKeeper (mirror arsip),mirror-line-134,https://raw.githubusercontent.com/jelera/food-shelflife-db/master/lib/seeds/ingredients.csv,,USDA public domain; mirror terpisah,1-2 Days,1 minggu=7 hari; 1 bulan=30 hari; 1 tahun=365 hari,referensi_perlu_verifikasi_lokal,"Ikan Lele dipadankan dengan Fatty fish bluefish, catfish, mackerel, mullet, salmon, tuna, etc."
SHF-FBF21F8C06DB,ING-IKAN-LELE,freezer,60,90,6,tanggal_pembelian,USDA FoodKeeper (mirror arsip),mirror-line-134,https://raw.githubusercontent.com/jelera/food-shelflife-db/master/lib/seeds/ingredients.csv,,USDA public domain; mirror terpisah,2-3 Months,1 minggu=7 hari; 1 bulan=30 hari; 1 tahun=365 hari,referensi_perlu_verifikasi_lokal,"Ikan Lele dipadankan dengan Fatty fish bluefish, catfish, mackerel, mullet, salmon, tuna, etc."
SHF-CE44FD7B468A,ING-IKAN-BANDENG,kulkas,1,2,1,tanggal_pembelian,USDA FoodKeeper (mirror arsip),mirror-line-134,https://raw.githubusercontent.com/jelera/food-shelflife-db/master/lib/seeds/ingredients.csv,,USDA public domain; mirror terpisah,1-2 Days,1 minggu=7 hari; 1 bulan=30 hari; 1 tahun=365 hari,referensi_perlu_verifikasi_lokal,"Ikan Bandeng dipadankan dengan Fatty fish bluefish, catfish, mackerel, mullet, salmon, tuna, etc."
SHF-90BC728CA7F8,ING-IKAN-BANDENG,freezer,60,90,6,tanggal_pembelian,USDA FoodKeeper (mirror arsip),mirror-line-134,https://raw.githubusercontent.com/jelera/food-shelflife-db/master/lib/seeds/ingredients.csv,,USDA public domain; mirror terpisah,2-3 Months,1 minggu=7 hari; 1 bulan=30 hari; 1 tahun=365 hari,referensi_perlu_verifikasi_lokal,"Ikan Bandeng dipadankan dengan Fatty fish bluefish, catfish, mackerel, mullet, salmon, tuna, etc."
SHF-B3032E8AEE75,ING-IKAN-MUJAIR,kulkas,1,2,1,tanggal_pembelian,USDA FoodKeeper (mirror arsip),mirror-line-132,https://raw.githubusercontent.com/jelera/food-shelflife-db/master/lib/seeds/ingredients.csv,,USDA public domain; mirror terpisah,1-2 Days,1 minggu=7 hari; 1 bulan=30 hari; 1 tahun=365 hari,referensi_perlu_verifikasi_lokal,"Ikan Mujair dipadankan dengan Lean fish cod, flounder, haddock, halibut, sole, etc."
SHF-C310AD3988D1,ING-IKAN-MUJAIR,freezer,180,240,14,tanggal_pembelian,USDA FoodKeeper (mirror arsip),mirror-line-132,https://raw.githubusercontent.com/jelera/food-shelflife-db/master/lib/seeds/ingredients.csv,,USDA public domain; mirror terpisah,6-8 Months,1 minggu=7 hari; 1 bulan=30 hari; 1 tahun=365 hari,referensi_perlu_verifikasi_lokal,"Ikan Mujair dipadankan dengan Lean fish cod, flounder, haddock, halibut, sole, etc."
SHF-D4840B3E077C,ING-IKAN-TONGKOL,kulkas,1,2,1,tanggal_pembelian,USDA FoodKeeper (mirror arsip),mirror-line-134,https://raw.githubusercontent.com/jelera/food-shelflife-db/master/lib/seeds/ingredients.csv,,USDA public domain; mirror terpisah,1-2 Days,1 minggu=7 hari; 1 bulan=30 hari; 1 tahun=365 hari,referensi_perlu_verifikasi_lokal,"Ikan Tongkol dipadankan dengan Fatty fish bluefish, catfish, mackerel, mullet, salmon, tuna, etc."
SHF-7DEFCB83A8BB,ING-IKAN-TONGKOL,freezer,60,90,6,tanggal_pembelian,USDA FoodKeeper (mirror arsip),mirror-line-134,https://raw.githubusercontent.com/jelera/food-shelflife-db/master/lib/seeds/ingredients.csv,,USDA public domain; mirror terpisah,2-3 Months,1 minggu=7 hari; 1 bulan=30 hari; 1 tahun=365 hari,referensi_perlu_verifikasi_lokal,"Ikan Tongkol dipadankan dengan Fatty fish bluefish, catfish, mackerel, mullet, salmon, tuna, etc."
SHF-482FA78D0FF2,ING-IKAN-KEMBUNG,kulkas,1,2,1,tanggal_pembelian,USDA FoodKeeper (mirror arsip),mirror-line-134,https://raw.githubusercontent.com/jelera/food-shelflife-db/master/lib/seeds/ingredients.csv,,USDA public domain; mirror terpisah,1-2 Days,1 minggu=7 hari; 1 bulan=30 hari; 1 tahun=365 hari,referensi_perlu_verifikasi_lokal,"Ikan Kembung dipadankan dengan Fatty fish bluefish, catfish, mackerel, mullet, salmon, tuna, etc."
SHF-B479B6B0DD69,ING-IKAN-KEMBUNG,freezer,60,90,6,tanggal_pembelian,USDA FoodKeeper (mirror arsip),mirror-line-134,https://raw.githubusercontent.com/jelera/food-shelflife-db/master/lib/seeds/ingredients.csv,,USDA public domain; mirror terpisah,2-3 Months,1 minggu=7 hari; 1 bulan=30 hari; 1 tahun=365 hari,referensi_perlu_verifikasi_lokal,"Ikan Kembung dipadankan dengan Fatty fish bluefish, catfish, mackerel, mullet, salmon, tuna, etc."
SHF-448EE277D408,ING-IKAN-TUNA,kulkas,1,2,1,tanggal_pembelian,USDA FoodKeeper (mirror arsip),mirror-line-134,https://raw.githubusercontent.com/jelera/food-shelflife-db/master/lib/seeds/ingredients.csv,,USDA public domain; mirror terpisah,1-2 Days,1 minggu=7 hari; 1 bulan=30 hari; 1 tahun=365 hari,referensi_perlu_verifikasi_lokal,"Ikan Tuna dipadankan dengan Fatty fish bluefish, catfish, mackerel, mullet, salmon, tuna, etc."
SHF-3372F7AF9A86,ING-IKAN-TUNA,freezer,60,90,6,tanggal_pembelian,USDA FoodKeeper (mirror arsip),mirror-line-134,https://raw.githubusercontent.com/jelera/food-shelflife-db/master/lib/seeds/ingredients.csv,,USDA public domain; mirror terpisah,2-3 Months,1 minggu=7 hari; 1 bulan=30 hari; 1 tahun=365 hari,referensi_perlu_verifikasi_lokal,"Ikan Tuna dipadankan dengan Fatty fish bluefish, catfish, mackerel, mullet, salmon, tuna, etc."
SHF-0E6AB90E2714,ING-IKAN-DORI,kulkas,1,2,1,tanggal_pembelian,USDA FoodKeeper (mirror arsip),mirror-line-132,https://raw.githubusercontent.com/jelera/food-shelflife-db/master/lib/seeds/ingredients.csv,,USDA public domain; mirror terpisah,1-2 Days,1 minggu=7 hari; 1 bulan=30 hari; 1 tahun=365 hari,referensi_perlu_verifikasi_lokal,"Ikan Dori dipadankan dengan Lean fish cod, flounder, haddock, halibut, sole, etc."
SHF-83761E5A25CE,ING-IKAN-DORI,freezer,180,240,14,tanggal_pembelian,USDA FoodKeeper (mirror arsip),mirror-line-132,https://raw.githubusercontent.com/jelera/food-shelflife-db/master/lib/seeds/ingredients.csv,,USDA public domain; mirror terpisah,6-8 Months,1 minggu=7 hari; 1 bulan=30 hari; 1 tahun=365 hari,referensi_perlu_verifikasi_lokal,"Ikan Dori dipadankan dengan Lean fish cod, flounder, haddock, halibut, sole, etc."
SHF-3C1F510AC188,ING-IKAN-MAS,kulkas,1,2,1,tanggal_pembelian,USDA FoodKeeper (mirror arsip),mirror-line-134,https://raw.githubusercontent.com/jelera/food-shelflife-db/master/lib/seeds/ingredients.csv,,USDA public domain; mirror terpisah,1-2 Days,1 minggu=7 hari; 1 bulan=30 hari; 1 tahun=365 hari,referensi_perlu_verifikasi_lokal,"Ikan Mas dipadankan dengan Fatty fish bluefish, catfish, mackerel, mullet, salmon, tuna, etc."
SHF-0E6659B8DC9A,ING-IKAN-MAS,freezer,60,90,6,tanggal_pembelian,USDA FoodKeeper (mirror arsip),mirror-line-134,https://raw.githubusercontent.com/jelera/food-shelflife-db/master/lib/seeds/ingredients.csv,,USDA public domain; mirror terpisah,2-3 Months,1 minggu=7 hari; 1 bulan=30 hari; 1 tahun=365 hari,referensi_perlu_verifikasi_lokal,"Ikan Mas dipadankan dengan Fatty fish bluefish, catfish, mackerel, mullet, salmon, tuna, etc."
SHF-F6CC927B73ED,ING-IKAN-SEGAR-TONGKOL-TUNA-CAKALANG,kulkas,1,2,1,tanggal_pembelian,USDA FoodKeeper (mirror arsip),mirror-line-134,https://raw.githubusercontent.com/jelera/food-shelflife-db/master/lib/seeds/ingredients.csv,,USDA public domain; mirror terpisah,1-2 Days,1 minggu=7 hari; 1 bulan=30 hari; 1 tahun=365 hari,referensi_perlu_verifikasi_lokal,"Ikan Segar Tongkol/Tuna/Cakalang dipadankan dengan Fatty fish bluefish, catfish, mackerel, mullet, salmon, tuna, etc."
SHF-6A0ACD5A810E,ING-IKAN-SEGAR-TONGKOL-TUNA-CAKALANG,freezer,60,90,6,tanggal_pembelian,USDA FoodKeeper (mirror arsip),mirror-line-134,https://raw.githubusercontent.com/jelera/food-shelflife-db/master/lib/seeds/ingredients.csv,,USDA public domain; mirror terpisah,2-3 Months,1 minggu=7 hari; 1 bulan=30 hari; 1 tahun=365 hari,referensi_perlu_verifikasi_lokal,"Ikan Segar Tongkol/Tuna/Cakalang dipadankan dengan Fatty fish bluefish, catfish, mackerel, mullet, salmon, tuna, etc."
SHF-8ED054CABDBD,ING-UDANG,kulkas,1,3,1,tanggal_pembelian,USDA FoodKeeper (mirror arsip),mirror-line-139,https://raw.githubusercontent.com/jelera/food-shelflife-db/master/lib/seeds/ingredients.csv,,USDA public domain; mirror terpisah,1-3 Days,1 minggu=7 hari; 1 bulan=30 hari; 1 tahun=365 hari,referensi_perlu_verifikasi_lokal,"Udang dipadankan dengan Shrimp, crayfish"
SHF-C5A3C9BC6D93,ING-UDANG,freezer,180,540,14,tanggal_pembelian,USDA FoodKeeper (mirror arsip),mirror-line-139,https://raw.githubusercontent.com/jelera/food-shelflife-db/master/lib/seeds/ingredients.csv,,USDA public domain; mirror terpisah,6-18 Months,1 minggu=7 hari; 1 bulan=30 hari; 1 tahun=365 hari,referensi_perlu_verifikasi_lokal,"Udang dipadankan dengan Shrimp, crayfish"
SHF-DE77B517272A,ING-DAGING-SAPI,kulkas,3,5,1,tanggal_pembelian,USDA FoodKeeper (mirror arsip),mirror-line-40,https://raw.githubusercontent.com/jelera/food-shelflife-db/master/lib/seeds/ingredients.csv,,USDA public domain; mirror terpisah,3-5 Days,1 minggu=7 hari; 1 bulan=30 hari; 1 tahun=365 hari,referensi_perlu_verifikasi_lokal,"Daging Sapi dipadankan dengan Beef stew, cubes"
SHF-D90240B9B6D5,ING-DAGING-SAPI,freezer,120,360,12,tanggal_pembelian,USDA FoodKeeper (mirror arsip),mirror-line-40,https://raw.githubusercontent.com/jelera/food-shelflife-db/master/lib/seeds/ingredients.csv,,USDA public domain; mirror terpisah,4-12 Months,1 minggu=7 hari; 1 bulan=30 hari; 1 tahun=365 hari,referensi_perlu_verifikasi_lokal,"Daging Sapi dipadankan dengan Beef stew, cubes"
SHF-5481D7B3E4C0,ING-DAGING-AYAM,kulkas,1,2,1,tanggal_pembelian,USDA FoodKeeper (mirror arsip),mirror-line-106,https://raw.githubusercontent.com/jelera/food-shelflife-db/master/lib/seeds/ingredients.csv,,USDA public domain; mirror terpisah,1-2 Days,1 minggu=7 hari; 1 bulan=30 hari; 1 tahun=365 hari,referensi_perlu_verifikasi_lokal,Daging Ayam dipadankan dengan Chicken whole
SHF-BC646621A0FA,ING-DAGING-AYAM,freezer,360,360,14,tanggal_pembelian,USDA FoodKeeper (mirror arsip),mirror-line-106,https://raw.githubusercontent.com/jelera/food-shelflife-db/master/lib/seeds/ingredients.csv,,USDA public domain; mirror terpisah,12-12 Months,1 minggu=7 hari; 1 bulan=30 hari; 1 tahun=365 hari,referensi_perlu_verifikasi_lokal,Daging Ayam dipadankan dengan Chicken whole
SHF-6E45DAA7E564,ING-DAGING-AYAM-KAMPUNG,kulkas,1,2,1,tanggal_pembelian,USDA FoodKeeper (mirror arsip),mirror-line-106,https://raw.githubusercontent.com/jelera/food-shelflife-db/master/lib/seeds/ingredients.csv,,USDA public domain; mirror terpisah,1-2 Days,1 minggu=7 hari; 1 bulan=30 hari; 1 tahun=365 hari,referensi_perlu_verifikasi_lokal,Daging Ayam Kampung dipadankan dengan Chicken whole
SHF-A37139C56482,ING-DAGING-AYAM-KAMPUNG,freezer,360,360,14,tanggal_pembelian,USDA FoodKeeper (mirror arsip),mirror-line-106,https://raw.githubusercontent.com/jelera/food-shelflife-db/master/lib/seeds/ingredients.csv,,USDA public domain; mirror terpisah,12-12 Months,1 minggu=7 hari; 1 bulan=30 hari; 1 tahun=365 hari,referensi_perlu_verifikasi_lokal,Daging Ayam Kampung dipadankan dengan Chicken whole
SHF-B853768A0268,ING-DAGING-AYAM-BROILER,kulkas,1,2,1,tanggal_pembelian,USDA FoodKeeper (mirror arsip),mirror-line-106,https://raw.githubusercontent.com/jelera/food-shelflife-db/master/lib/seeds/ingredients.csv,,USDA public domain; mirror terpisah,1-2 Days,1 minggu=7 hari; 1 bulan=30 hari; 1 tahun=365 hari,referensi_perlu_verifikasi_lokal,Daging Ayam Broiler dipadankan dengan Chicken whole
SHF-70FE53506B0C,ING-DAGING-AYAM-BROILER,freezer,360,360,14,tanggal_pembelian,USDA FoodKeeper (mirror arsip),mirror-line-106,https://raw.githubusercontent.com/jelera/food-shelflife-db/master/lib/seeds/ingredients.csv,,USDA public domain; mirror terpisah,12-12 Months,1 minggu=7 hari; 1 bulan=30 hari; 1 tahun=365 hari,referensi_perlu_verifikasi_lokal,Daging Ayam Broiler dipadankan dengan Chicken whole
SHF-064A985E236C,ING-DAGING-AYAM-RAS-SEGAR,kulkas,1,2,1,tanggal_pembelian,USDA FoodKeeper (mirror arsip),mirror-line-106,https://raw.githubusercontent.com/jelera/food-shelflife-db/master/lib/seeds/ingredients.csv,,USDA public domain; mirror terpisah,1-2 Days,1 minggu=7 hari; 1 bulan=30 hari; 1 tahun=365 hari,referensi_perlu_verifikasi_lokal,Daging Ayam Ras Segar dipadankan dengan Chicken whole
SHF-DA8CA6FF97CE,ING-DAGING-AYAM-RAS-SEGAR,freezer,360,360,14,tanggal_pembelian,USDA FoodKeeper (mirror arsip),mirror-line-106,https://raw.githubusercontent.com/jelera/food-shelflife-db/master/lib/seeds/ingredients.csv,,USDA public domain; mirror terpisah,12-12 Months,1 minggu=7 hari; 1 bulan=30 hari; 1 tahun=365 hari,referensi_perlu_verifikasi_lokal,Daging Ayam Ras Segar dipadankan dengan Chicken whole
SHF-06188F36FD67,ING-TELUR-AYAM,kulkas,21,35,2,tanggal_pembelian,USDA FoodKeeper (mirror arsip),mirror-line-20,https://raw.githubusercontent.com/jelera/food-shelflife-db/master/lib/seeds/ingredients.csv,,USDA public domain; mirror terpisah,3-5 Weeks,1 minggu=7 hari; 1 bulan=30 hari; 1 tahun=365 hari,referensi_perlu_verifikasi_lokal,Telur Ayam dipadankan dengan Eggs in shell
SHF-DFCE8AB01DAA,ING-TELUR-AYAM-KAMPUNG,kulkas,21,35,2,tanggal_pembelian,USDA FoodKeeper (mirror arsip),mirror-line-20,https://raw.githubusercontent.com/jelera/food-shelflife-db/master/lib/seeds/ingredients.csv,,USDA public domain; mirror terpisah,3-5 Weeks,1 minggu=7 hari; 1 bulan=30 hari; 1 tahun=365 hari,referensi_perlu_verifikasi_lokal,Telur Ayam Kampung dipadankan dengan Eggs in shell
SHF-ED6BF44CC251,ING-TELUR-AYAM-BROILER,kulkas,21,35,2,tanggal_pembelian,USDA FoodKeeper (mirror arsip),mirror-line-20,https://raw.githubusercontent.com/jelera/food-shelflife-db/master/lib/seeds/ingredients.csv,,USDA public domain; mirror terpisah,3-5 Weeks,1 minggu=7 hari; 1 bulan=30 hari; 1 tahun=365 hari,referensi_perlu_verifikasi_lokal,Telur Ayam Broiler dipadankan dengan Eggs in shell
SHF-8936737582B6,ING-TELUR-AYAM-RAS-SEGAR,kulkas,21,35,2,tanggal_pembelian,USDA FoodKeeper (mirror arsip),mirror-line-20,https://raw.githubusercontent.com/jelera/food-shelflife-db/master/lib/seeds/ingredients.csv,,USDA public domain; mirror terpisah,3-5 Weeks,1 minggu=7 hari; 1 bulan=30 hari; 1 tahun=365 hari,referensi_perlu_verifikasi_lokal,Telur Ayam Ras Segar dipadankan dengan Eggs in shell
SHF-3D5B224E7780,ING-TOMAT,freezer,60,60,6,tanggal_pembelian,USDA FoodKeeper (mirror arsip),mirror-line-288,https://raw.githubusercontent.com/jelera/food-shelflife-db/master/lib/seeds/ingredients.csv,,USDA public domain; mirror terpisah,2-2 Months,1 minggu=7 hari; 1 bulan=30 hari; 1 tahun=365 hari,referensi_perlu_verifikasi_lokal,Tomat dipadankan dengan Tomatoes
SHF-FAFDAD026F74,ING-TOMAT-HIJAU,freezer,60,60,6,tanggal_pembelian,USDA FoodKeeper (mirror arsip),mirror-line-288,https://raw.githubusercontent.com/jelera/food-shelflife-db/master/lib/seeds/ingredients.csv,,USDA public domain; mirror terpisah,2-2 Months,1 minggu=7 hari; 1 bulan=30 hari; 1 tahun=365 hari,referensi_perlu_verifikasi_lokal,Tomat Hijau dipadankan dengan Tomatoes
SHF-94162DC29177,ING-BAYAM,kulkas,3,7,1,tanggal_pembelian,USDA FoodKeeper (mirror arsip),mirror-line-273,https://raw.githubusercontent.com/jelera/food-shelflife-db/master/lib/seeds/ingredients.csv,,USDA public domain; mirror terpisah,3-7 Days,1 minggu=7 hari; 1 bulan=30 hari; 1 tahun=365 hari,referensi_perlu_verifikasi_lokal,"Bayam dipadankan dengan Lettuce leaf, spinach"
SHF-7009059FC609,ING-KANGKUNG,kulkas,1,4,1,tanggal_pembelian,USDA FoodKeeper (mirror arsip),mirror-line-269,https://raw.githubusercontent.com/jelera/food-shelflife-db/master/lib/seeds/ingredients.csv,,USDA public domain; mirror terpisah,1-4 Days,1 minggu=7 hari; 1 bulan=30 hari; 1 tahun=365 hari,referensi_perlu_verifikasi_lokal,Kangkung dipadankan dengan Greens
SHF-99DD0189E2DB,ING-KANGKUNG,freezer,300,360,14,tanggal_pembelian,USDA FoodKeeper (mirror arsip),mirror-line-269,https://raw.githubusercontent.com/jelera/food-shelflife-db/master/lib/seeds/ingredients.csv,,USDA public domain; mirror terpisah,10-12 Months,1 minggu=7 hari; 1 bulan=30 hari; 1 tahun=365 hari,referensi_perlu_verifikasi_lokal,Kangkung dipadankan dengan Greens
SHF-17B5BDE5B954,ING-KACANG-PANJANG,kulkas,3,5,1,tanggal_pembelian,USDA FoodKeeper (mirror arsip),mirror-line-255,https://raw.githubusercontent.com/jelera/food-shelflife-db/master/lib/seeds/ingredients.csv,,USDA public domain; mirror terpisah,3-5 Days,1 minggu=7 hari; 1 bulan=30 hari; 1 tahun=365 hari,referensi_perlu_verifikasi_lokal,"Kacang Panjang dipadankan dengan Beans and peas green, fava, lima, soybean, wax, snow, sugar snap"
SHF-88E4CBCFC9A4,ING-KACANG-PANJANG,freezer,240,240,14,tanggal_pembelian,USDA FoodKeeper (mirror arsip),mirror-line-255,https://raw.githubusercontent.com/jelera/food-shelflife-db/master/lib/seeds/ingredients.csv,,USDA public domain; mirror terpisah,8-8 Months,1 minggu=7 hari; 1 bulan=30 hari; 1 tahun=365 hari,referensi_perlu_verifikasi_lokal,"Kacang Panjang dipadankan dengan Beans and peas green, fava, lima, soybean, wax, snow, sugar snap"
SHF-432043665A83,ING-SAWI-HIJAU,kulkas,1,4,1,tanggal_pembelian,USDA FoodKeeper (mirror arsip),mirror-line-269,https://raw.githubusercontent.com/jelera/food-shelflife-db/master/lib/seeds/ingredients.csv,,USDA public domain; mirror terpisah,1-4 Days,1 minggu=7 hari; 1 bulan=30 hari; 1 tahun=365 hari,referensi_perlu_verifikasi_lokal,Sawi Hijau dipadankan dengan Greens
SHF-D08BDB286968,ING-SAWI-HIJAU,freezer,300,360,14,tanggal_pembelian,USDA FoodKeeper (mirror arsip),mirror-line-269,https://raw.githubusercontent.com/jelera/food-shelflife-db/master/lib/seeds/ingredients.csv,,USDA public domain; mirror terpisah,10-12 Months,1 minggu=7 hari; 1 bulan=30 hari; 1 tahun=365 hari,referensi_perlu_verifikasi_lokal,Sawi Hijau dipadankan dengan Greens
SHF-290E1325FA3A,ING-TERONG,suhu_ruang,1,1,1,tanggal_pembelian,USDA FoodKeeper (mirror arsip),mirror-line-266,https://raw.githubusercontent.com/jelera/food-shelflife-db/master/lib/seeds/ingredients.csv,,USDA public domain; mirror terpisah,1-1 Days,1 minggu=7 hari; 1 bulan=30 hari; 1 tahun=365 hari,referensi_perlu_verifikasi_lokal,Terong dipadankan dengan Eggplant
SHF-835E5A213FE9,ING-TERONG,kulkas,4,7,1,tanggal_pembelian,USDA FoodKeeper (mirror arsip),mirror-line-266,https://raw.githubusercontent.com/jelera/food-shelflife-db/master/lib/seeds/ingredients.csv,,USDA public domain; mirror terpisah,4-7 Days,1 minggu=7 hari; 1 bulan=30 hari; 1 tahun=365 hari,referensi_perlu_verifikasi_lokal,Terong dipadankan dengan Eggplant
SHF-5E9855245C87,ING-TERONG,freezer,180,240,14,tanggal_pembelian,USDA FoodKeeper (mirror arsip),mirror-line-266,https://raw.githubusercontent.com/jelera/food-shelflife-db/master/lib/seeds/ingredients.csv,,USDA public domain; mirror terpisah,6-8 Months,1 minggu=7 hari; 1 bulan=30 hari; 1 tahun=365 hari,referensi_perlu_verifikasi_lokal,Terong dipadankan dengan Eggplant
SHF-E8011DA6B408,ING-BUNCIS,kulkas,3,5,1,tanggal_pembelian,USDA FoodKeeper (mirror arsip),mirror-line-255,https://raw.githubusercontent.com/jelera/food-shelflife-db/master/lib/seeds/ingredients.csv,,USDA public domain; mirror terpisah,3-5 Days,1 minggu=7 hari; 1 bulan=30 hari; 1 tahun=365 hari,referensi_perlu_verifikasi_lokal,"Buncis dipadankan dengan Beans and peas green, fava, lima, soybean, wax, snow, sugar snap"
SHF-2BAEEE4B189B,ING-BUNCIS,freezer,240,240,14,tanggal_pembelian,USDA FoodKeeper (mirror arsip),mirror-line-255,https://raw.githubusercontent.com/jelera/food-shelflife-db/master/lib/seeds/ingredients.csv,,USDA public domain; mirror terpisah,8-8 Months,1 minggu=7 hari; 1 bulan=30 hari; 1 tahun=365 hari,referensi_perlu_verifikasi_lokal,"Buncis dipadankan dengan Beans and peas green, fava, lima, soybean, wax, snow, sugar snap"
SHF-78BB145ECC27,ING-TAUGE,kulkas,5,10,1,tanggal_pembelian,USDA FoodKeeper (mirror arsip),mirror-line-527,https://raw.githubusercontent.com/jelera/food-shelflife-db/master/lib/seeds/ingredients.csv,,USDA public domain; mirror terpisah,5-10 Days,1 minggu=7 hari; 1 bulan=30 hari; 1 tahun=365 hari,referensi_perlu_verifikasi_lokal,Tauge dipadankan dengan Bean sprouts
SHF-A7CB1A1B1BE9,ING-DAUN-KETELA-POHON,kulkas,1,4,1,tanggal_pembelian,USDA FoodKeeper (mirror arsip),mirror-line-269,https://raw.githubusercontent.com/jelera/food-shelflife-db/master/lib/seeds/ingredients.csv,,USDA public domain; mirror terpisah,1-4 Days,1 minggu=7 hari; 1 bulan=30 hari; 1 tahun=365 hari,referensi_perlu_verifikasi_lokal,Daun Ketela Pohon dipadankan dengan Greens
SHF-B08031442E3B,ING-DAUN-KETELA-POHON,freezer,300,360,14,tanggal_pembelian,USDA FoodKeeper (mirror arsip),mirror-line-269,https://raw.githubusercontent.com/jelera/food-shelflife-db/master/lib/seeds/ingredients.csv,,USDA public domain; mirror terpisah,10-12 Months,1 minggu=7 hari; 1 bulan=30 hari; 1 tahun=365 hari,referensi_perlu_verifikasi_lokal,Daun Ketela Pohon dipadankan dengan Greens
SHF-932C0063C9E2,ING-PAKCOY,kulkas,1,4,1,tanggal_pembelian,USDA FoodKeeper (mirror arsip),mirror-line-269,https://raw.githubusercontent.com/jelera/food-shelflife-db/master/lib/seeds/ingredients.csv,,USDA public domain; mirror terpisah,1-4 Days,1 minggu=7 hari; 1 bulan=30 hari; 1 tahun=365 hari,referensi_perlu_verifikasi_lokal,Pakcoy dipadankan dengan Greens
SHF-2DC0F28FCC2F,ING-PAKCOY,freezer,300,360,14,tanggal_pembelian,USDA FoodKeeper (mirror arsip),mirror-line-269,https://raw.githubusercontent.com/jelera/food-shelflife-db/master/lib/seeds/ingredients.csv,,USDA public domain; mirror terpisah,10-12 Months,1 minggu=7 hari; 1 bulan=30 hari; 1 tahun=365 hari,referensi_perlu_verifikasi_lokal,Pakcoy dipadankan dengan Greens
SHF-514857C94299,ING-KUBIS,kulkas,7,14,1,tanggal_pembelian,USDA FoodKeeper (mirror arsip),mirror-line-260,https://raw.githubusercontent.com/jelera/food-shelflife-db/master/lib/seeds/ingredients.csv,,USDA public domain; mirror terpisah,1-2 Weeks,1 minggu=7 hari; 1 bulan=30 hari; 1 tahun=365 hari,referensi_perlu_verifikasi_lokal,Kubis dipadankan dengan Cabbage
SHF-F788F3B1999D,ING-KUBIS,freezer,300,360,14,tanggal_pembelian,USDA FoodKeeper (mirror arsip),mirror-line-260,https://raw.githubusercontent.com/jelera/food-shelflife-db/master/lib/seeds/ingredients.csv,,USDA public domain; mirror terpisah,10-12 Months,1 minggu=7 hari; 1 bulan=30 hari; 1 tahun=365 hari,referensi_perlu_verifikasi_lokal,Kubis dipadankan dengan Cabbage
SHF-9E8F5ADBD96A,ING-KOL,kulkas,7,14,1,tanggal_pembelian,USDA FoodKeeper (mirror arsip),mirror-line-260,https://raw.githubusercontent.com/jelera/food-shelflife-db/master/lib/seeds/ingredients.csv,,USDA public domain; mirror terpisah,1-2 Weeks,1 minggu=7 hari; 1 bulan=30 hari; 1 tahun=365 hari,referensi_perlu_verifikasi_lokal,Kol dipadankan dengan Cabbage
SHF-FB94E228BBAC,ING-KOL,freezer,300,360,14,tanggal_pembelian,USDA FoodKeeper (mirror arsip),mirror-line-260,https://raw.githubusercontent.com/jelera/food-shelflife-db/master/lib/seeds/ingredients.csv,,USDA public domain; mirror terpisah,10-12 Months,1 minggu=7 hari; 1 bulan=30 hari; 1 tahun=365 hari,referensi_perlu_verifikasi_lokal,Kol dipadankan dengan Cabbage
SHF-823E274F2569,ING-MENTIMUN,kulkas,4,6,1,tanggal_pembelian,USDA FoodKeeper (mirror arsip),mirror-line-265,https://raw.githubusercontent.com/jelera/food-shelflife-db/master/lib/seeds/ingredients.csv,,USDA public domain; mirror terpisah,4-6 Days,1 minggu=7 hari; 1 bulan=30 hari; 1 tahun=365 hari,referensi_perlu_verifikasi_lokal,Mentimun dipadankan dengan Cucumbers
SHF-B339CE7330E9,ING-TIMUN,kulkas,4,6,1,tanggal_pembelian,USDA FoodKeeper (mirror arsip),mirror-line-265,https://raw.githubusercontent.com/jelera/food-shelflife-db/master/lib/seeds/ingredients.csv,,USDA public domain; mirror terpisah,4-6 Days,1 minggu=7 hari; 1 bulan=30 hari; 1 tahun=365 hari,referensi_perlu_verifikasi_lokal,Timun dipadankan dengan Cucumbers
SHF-F2EC0D92A89E,ING-SAWI-PUTIH,kulkas,7,14,1,tanggal_pembelian,USDA FoodKeeper (mirror arsip),mirror-line-260,https://raw.githubusercontent.com/jelera/food-shelflife-db/master/lib/seeds/ingredients.csv,,USDA public domain; mirror terpisah,1-2 Weeks,1 minggu=7 hari; 1 bulan=30 hari; 1 tahun=365 hari,referensi_perlu_verifikasi_lokal,Sawi Putih dipadankan dengan Cabbage
SHF-29FD184293F7,ING-SAWI-PUTIH,freezer,300,360,14,tanggal_pembelian,USDA FoodKeeper (mirror arsip),mirror-line-260,https://raw.githubusercontent.com/jelera/food-shelflife-db/master/lib/seeds/ingredients.csv,,USDA public domain; mirror terpisah,10-12 Months,1 minggu=7 hari; 1 bulan=30 hari; 1 tahun=365 hari,referensi_perlu_verifikasi_lokal,Sawi Putih dipadankan dengan Cabbage
SHF-9276400BB3C2,ING-SELADA,kulkas,3,7,1,tanggal_pembelian,USDA FoodKeeper (mirror arsip),mirror-line-273,https://raw.githubusercontent.com/jelera/food-shelflife-db/master/lib/seeds/ingredients.csv,,USDA public domain; mirror terpisah,3-7 Days,1 minggu=7 hari; 1 bulan=30 hari; 1 tahun=365 hari,referensi_perlu_verifikasi_lokal,"Selada dipadankan dengan Lettuce leaf, spinach"
SHF-F44C0048C9E5,ING-WORTEL,kulkas,14,21,1,tanggal_pembelian,USDA FoodKeeper (mirror arsip),mirror-line-261,https://raw.githubusercontent.com/jelera/food-shelflife-db/master/lib/seeds/ingredients.csv,,USDA public domain; mirror terpisah,2-3 Weeks,1 minggu=7 hari; 1 bulan=30 hari; 1 tahun=365 hari,referensi_perlu_verifikasi_lokal,"Wortel dipadankan dengan Carrots, parsnips"
SHF-3D812E83F56B,ING-WORTEL,freezer,300,360,14,tanggal_pembelian,USDA FoodKeeper (mirror arsip),mirror-line-261,https://raw.githubusercontent.com/jelera/food-shelflife-db/master/lib/seeds/ingredients.csv,,USDA public domain; mirror terpisah,10-12 Months,1 minggu=7 hari; 1 bulan=30 hari; 1 tahun=365 hari,referensi_perlu_verifikasi_lokal,"Wortel dipadankan dengan Carrots, parsnips"
SHF-CE4D3F3A54CA,ING-BAWANG-MERAH,suhu_ruang,30,30,3,tanggal_pembelian,USDA FoodKeeper (mirror arsip),mirror-line-276,https://raw.githubusercontent.com/jelera/food-shelflife-db/master/lib/seeds/ingredients.csv,,USDA public domain; mirror terpisah,1-1 Months,1 minggu=7 hari; 1 bulan=30 hari; 1 tahun=365 hari,referensi_perlu_verifikasi_lokal,"Bawang Merah dipadankan dengan Onions yellow, white, red, etc."
SHF-9D767CA19A47,ING-BAWANG-MERAH,kulkas,60,60,6,tanggal_pembelian,USDA FoodKeeper (mirror arsip),mirror-line-276,https://raw.githubusercontent.com/jelera/food-shelflife-db/master/lib/seeds/ingredients.csv,,USDA public domain; mirror terpisah,2-2 Months,1 minggu=7 hari; 1 bulan=30 hari; 1 tahun=365 hari,referensi_perlu_verifikasi_lokal,"Bawang Merah dipadankan dengan Onions yellow, white, red, etc."
SHF-CAF7C691156E,ING-BAWANG-MERAH,freezer,300,360,14,tanggal_pembelian,USDA FoodKeeper (mirror arsip),mirror-line-276,https://raw.githubusercontent.com/jelera/food-shelflife-db/master/lib/seeds/ingredients.csv,,USDA public domain; mirror terpisah,10-12 Months,1 minggu=7 hari; 1 bulan=30 hari; 1 tahun=365 hari,referensi_perlu_verifikasi_lokal,"Bawang Merah dipadankan dengan Onions yellow, white, red, etc."
SHF-BCCDDA17019C,ING-BAWANG-PUTIH,suhu_ruang,30,30,3,tanggal_pembelian,USDA FoodKeeper (mirror arsip),mirror-line-267,https://raw.githubusercontent.com/jelera/food-shelflife-db/master/lib/seeds/ingredients.csv,,USDA public domain; mirror terpisah,1-1 Months,1 minggu=7 hari; 1 bulan=30 hari; 1 tahun=365 hari,referensi_perlu_verifikasi_lokal,Bawang Putih dipadankan dengan Garlic
SHF-8914147B6E55,ING-BAWANG-PUTIH,kulkas,3,14,1,tanggal_pembelian,USDA FoodKeeper (mirror arsip),mirror-line-267,https://raw.githubusercontent.com/jelera/food-shelflife-db/master/lib/seeds/ingredients.csv,,USDA public domain; mirror terpisah,3-14 Days,1 minggu=7 hari; 1 bulan=30 hari; 1 tahun=365 hari,referensi_perlu_verifikasi_lokal,Bawang Putih dipadankan dengan Garlic
SHF-3654CA6674D8,ING-BAWANG-PUTIH,freezer,30,30,3,tanggal_pembelian,USDA FoodKeeper (mirror arsip),mirror-line-267,https://raw.githubusercontent.com/jelera/food-shelflife-db/master/lib/seeds/ingredients.csv,,USDA public domain; mirror terpisah,1-1 Months,1 minggu=7 hari; 1 bulan=30 hari; 1 tahun=365 hari,referensi_perlu_verifikasi_lokal,Bawang Putih dipadankan dengan Garlic
SHF-553FC370E457,ING-BAWANG-BOMBAY,suhu_ruang,30,30,3,tanggal_pembelian,USDA FoodKeeper (mirror arsip),mirror-line-276,https://raw.githubusercontent.com/jelera/food-shelflife-db/master/lib/seeds/ingredients.csv,,USDA public domain; mirror terpisah,1-1 Months,1 minggu=7 hari; 1 bulan=30 hari; 1 tahun=365 hari,referensi_perlu_verifikasi_lokal,"Bawang Bombay dipadankan dengan Onions yellow, white, red, etc."
SHF-0643B27C1B4A,ING-BAWANG-BOMBAY,kulkas,60,60,6,tanggal_pembelian,USDA FoodKeeper (mirror arsip),mirror-line-276,https://raw.githubusercontent.com/jelera/food-shelflife-db/master/lib/seeds/ingredients.csv,,USDA public domain; mirror terpisah,2-2 Months,1 minggu=7 hari; 1 bulan=30 hari; 1 tahun=365 hari,referensi_perlu_verifikasi_lokal,"Bawang Bombay dipadankan dengan Onions yellow, white, red, etc."
SHF-CF082747EFAC,ING-BAWANG-BOMBAY,freezer,300,360,14,tanggal_pembelian,USDA FoodKeeper (mirror arsip),mirror-line-276,https://raw.githubusercontent.com/jelera/food-shelflife-db/master/lib/seeds/ingredients.csv,,USDA public domain; mirror terpisah,10-12 Months,1 minggu=7 hari; 1 bulan=30 hari; 1 tahun=365 hari,referensi_perlu_verifikasi_lokal,"Bawang Bombay dipadankan dengan Onions yellow, white, red, etc."
SHF-7FA7BF76DC14,ING-BAWANG-MERAH-UKURAN-SEDANG,suhu_ruang,30,30,3,tanggal_pembelian,USDA FoodKeeper (mirror arsip),mirror-line-276,https://raw.githubusercontent.com/jelera/food-shelflife-db/master/lib/seeds/ingredients.csv,,USDA public domain; mirror terpisah,1-1 Months,1 minggu=7 hari; 1 bulan=30 hari; 1 tahun=365 hari,referensi_perlu_verifikasi_lokal,"Bawang Merah Ukuran Sedang dipadankan dengan Onions yellow, white, red, etc."
SHF-EFC204B00AB7,ING-BAWANG-MERAH-UKURAN-SEDANG,kulkas,60,60,6,tanggal_pembelian,USDA FoodKeeper (mirror arsip),mirror-line-276,https://raw.githubusercontent.com/jelera/food-shelflife-db/master/lib/seeds/ingredients.csv,,USDA public domain; mirror terpisah,2-2 Months,1 minggu=7 hari; 1 bulan=30 hari; 1 tahun=365 hari,referensi_perlu_verifikasi_lokal,"Bawang Merah Ukuran Sedang dipadankan dengan Onions yellow, white, red, etc."
SHF-1792F0CE720A,ING-BAWANG-MERAH-UKURAN-SEDANG,freezer,300,360,14,tanggal_pembelian,USDA FoodKeeper (mirror arsip),mirror-line-276,https://raw.githubusercontent.com/jelera/food-shelflife-db/master/lib/seeds/ingredients.csv,,USDA public domain; mirror terpisah,10-12 Months,1 minggu=7 hari; 1 bulan=30 hari; 1 tahun=365 hari,referensi_perlu_verifikasi_lokal,"Bawang Merah Ukuran Sedang dipadankan dengan Onions yellow, white, red, etc."
SHF-C10B0782A7BE,ING-BAWANG-PUTIH-UKURAN-SEDANG,suhu_ruang,30,30,3,tanggal_pembelian,USDA FoodKeeper (mirror arsip),mirror-line-267,https://raw.githubusercontent.com/jelera/food-shelflife-db/master/lib/seeds/ingredients.csv,,USDA public domain; mirror terpisah,1-1 Months,1 minggu=7 hari; 1 bulan=30 hari; 1 tahun=365 hari,referensi_perlu_verifikasi_lokal,Bawang Putih Ukuran Sedang dipadankan dengan Garlic
SHF-C4437DB9654F,ING-BAWANG-PUTIH-UKURAN-SEDANG,kulkas,3,14,1,tanggal_pembelian,USDA FoodKeeper (mirror arsip),mirror-line-267,https://raw.githubusercontent.com/jelera/food-shelflife-db/master/lib/seeds/ingredients.csv,,USDA public domain; mirror terpisah,3-14 Days,1 minggu=7 hari; 1 bulan=30 hari; 1 tahun=365 hari,referensi_perlu_verifikasi_lokal,Bawang Putih Ukuran Sedang dipadankan dengan Garlic
SHF-128BA2A2A8C7,ING-BAWANG-PUTIH-UKURAN-SEDANG,freezer,30,30,3,tanggal_pembelian,USDA FoodKeeper (mirror arsip),mirror-line-267,https://raw.githubusercontent.com/jelera/food-shelflife-db/master/lib/seeds/ingredients.csv,,USDA public domain; mirror terpisah,1-1 Months,1 minggu=7 hari; 1 bulan=30 hari; 1 tahun=365 hari,referensi_perlu_verifikasi_lokal,Bawang Putih Ukuran Sedang dipadankan dengan Garlic
SHF-A975CA6211E4,ING-CABE-MERAH,kulkas,4,14,1,tanggal_pembelian,USDA FoodKeeper (mirror arsip),mirror-line-278,https://raw.githubusercontent.com/jelera/food-shelflife-db/master/lib/seeds/ingredients.csv,,USDA public domain; mirror terpisah,4-14 Days,1 minggu=7 hari; 1 bulan=30 hari; 1 tahun=365 hari,referensi_perlu_verifikasi_lokal,Cabe Merah dipadankan dengan Peppers
SHF-6D0F67506FF3,ING-CABE-MERAH,freezer,180,240,14,tanggal_pembelian,USDA FoodKeeper (mirror arsip),mirror-line-278,https://raw.githubusercontent.com/jelera/food-shelflife-db/master/lib/seeds/ingredients.csv,,USDA public domain; mirror terpisah,6-8 Months,1 minggu=7 hari; 1 bulan=30 hari; 1 tahun=365 hari,referensi_perlu_verifikasi_lokal,Cabe Merah dipadankan dengan Peppers
SHF-D3B47BF6DCBA,ING-CABE-RAWIT,kulkas,7,7,1,tanggal_pembelian,USDA FoodKeeper (mirror arsip),mirror-line-526,https://raw.githubusercontent.com/jelera/food-shelflife-db/master/lib/seeds/ingredients.csv,,USDA public domain; mirror terpisah,1-1 Weeks,1 minggu=7 hari; 1 bulan=30 hari; 1 tahun=365 hari,referensi_perlu_verifikasi_lokal,Cabe Rawit dipadankan dengan Hot peppers
SHF-218AABD0D2C9,ING-CABE-RAWIT,freezer,270,270,14,mulai_disimpan,USDA FoodKeeper (mirror arsip),mirror-line-526,https://raw.githubusercontent.com/jelera/food-shelflife-db/master/lib/seeds/ingredients.csv,,USDA public domain; mirror terpisah,9-9 Months,1 minggu=7 hari; 1 bulan=30 hari; 1 tahun=365 hari,referensi_perlu_verifikasi_lokal,Cabe Rawit dipadankan dengan Hot peppers
SHF-C0F192D1A472,ING-CABAI-MERAH-KERITING,kulkas,4,14,1,tanggal_pembelian,USDA FoodKeeper (mirror arsip),mirror-line-278,https://raw.githubusercontent.com/jelera/food-shelflife-db/master/lib/seeds/ingredients.csv,,USDA public domain; mirror terpisah,4-14 Days,1 minggu=7 hari; 1 bulan=30 hari; 1 tahun=365 hari,referensi_perlu_verifikasi_lokal,Cabe Merah Keriting dipadankan dengan Peppers
SHF-9EFA4375463D,ING-CABAI-MERAH-KERITING,freezer,180,240,14,tanggal_pembelian,USDA FoodKeeper (mirror arsip),mirror-line-278,https://raw.githubusercontent.com/jelera/food-shelflife-db/master/lib/seeds/ingredients.csv,,USDA public domain; mirror terpisah,6-8 Months,1 minggu=7 hari; 1 bulan=30 hari; 1 tahun=365 hari,referensi_perlu_verifikasi_lokal,Cabe Merah Keriting dipadankan dengan Peppers
SHF-F9C337822A58,ING-CABE-MERAH-BIASA,kulkas,4,14,1,tanggal_pembelian,USDA FoodKeeper (mirror arsip),mirror-line-278,https://raw.githubusercontent.com/jelera/food-shelflife-db/master/lib/seeds/ingredients.csv,,USDA public domain; mirror terpisah,4-14 Days,1 minggu=7 hari; 1 bulan=30 hari; 1 tahun=365 hari,referensi_perlu_verifikasi_lokal,Cabe Merah Biasa dipadankan dengan Peppers
SHF-BB77F4E527A1,ING-CABE-MERAH-BIASA,freezer,180,240,14,tanggal_pembelian,USDA FoodKeeper (mirror arsip),mirror-line-278,https://raw.githubusercontent.com/jelera/food-shelflife-db/master/lib/seeds/ingredients.csv,,USDA public domain; mirror terpisah,6-8 Months,1 minggu=7 hari; 1 bulan=30 hari; 1 tahun=365 hari,referensi_perlu_verifikasi_lokal,Cabe Merah Biasa dipadankan dengan Peppers
SHF-376B4FC19FEE,ING-CABE-HIJAU-BIASA,kulkas,4,14,1,tanggal_pembelian,USDA FoodKeeper (mirror arsip),mirror-line-278,https://raw.githubusercontent.com/jelera/food-shelflife-db/master/lib/seeds/ingredients.csv,,USDA public domain; mirror terpisah,4-14 Days,1 minggu=7 hari; 1 bulan=30 hari; 1 tahun=365 hari,referensi_perlu_verifikasi_lokal,Cabe Hijau Biasa dipadankan dengan Peppers
SHF-502530653A9C,ING-CABE-HIJAU-BIASA,freezer,180,240,14,tanggal_pembelian,USDA FoodKeeper (mirror arsip),mirror-line-278,https://raw.githubusercontent.com/jelera/food-shelflife-db/master/lib/seeds/ingredients.csv,,USDA public domain; mirror terpisah,6-8 Months,1 minggu=7 hari; 1 bulan=30 hari; 1 tahun=365 hari,referensi_perlu_verifikasi_lokal,Cabe Hijau Biasa dipadankan dengan Peppers
SHF-2400EF00E9DC,ING-CABAI-RAWIT-MERAH,kulkas,7,7,1,tanggal_pembelian,USDA FoodKeeper (mirror arsip),mirror-line-526,https://raw.githubusercontent.com/jelera/food-shelflife-db/master/lib/seeds/ingredients.csv,,USDA public domain; mirror terpisah,1-1 Weeks,1 minggu=7 hari; 1 bulan=30 hari; 1 tahun=365 hari,referensi_perlu_verifikasi_lokal,Cabe Rawit Merah dipadankan dengan Hot peppers
SHF-15A77472812C,ING-CABAI-RAWIT-MERAH,freezer,270,270,14,mulai_disimpan,USDA FoodKeeper (mirror arsip),mirror-line-526,https://raw.githubusercontent.com/jelera/food-shelflife-db/master/lib/seeds/ingredients.csv,,USDA public domain; mirror terpisah,9-9 Months,1 minggu=7 hari; 1 bulan=30 hari; 1 tahun=365 hari,referensi_perlu_verifikasi_lokal,Cabe Rawit Merah dipadankan dengan Hot peppers
SHF-19E2CFDB7F29,ING-CABAI-RAWIT-HIJAU,kulkas,7,7,1,tanggal_pembelian,USDA FoodKeeper (mirror arsip),mirror-line-526,https://raw.githubusercontent.com/jelera/food-shelflife-db/master/lib/seeds/ingredients.csv,,USDA public domain; mirror terpisah,1-1 Weeks,1 minggu=7 hari; 1 bulan=30 hari; 1 tahun=365 hari,referensi_perlu_verifikasi_lokal,Cabe Rawit Hijau dipadankan dengan Hot peppers
SHF-EDB99C43FFCE,ING-CABAI-RAWIT-HIJAU,freezer,270,270,14,mulai_disimpan,USDA FoodKeeper (mirror arsip),mirror-line-526,https://raw.githubusercontent.com/jelera/food-shelflife-db/master/lib/seeds/ingredients.csv,,USDA public domain; mirror terpisah,9-9 Months,1 minggu=7 hari; 1 bulan=30 hari; 1 tahun=365 hari,referensi_perlu_verifikasi_lokal,Cabe Rawit Hijau dipadankan dengan Hot peppers
SHF-30755325F289,ING-KACANG-KEDELAI,suhu_ruang,365,730,14,tanggal_pembelian,USDA FoodKeeper (mirror arsip),mirror-line-313,https://raw.githubusercontent.com/jelera/food-shelflife-db/master/lib/seeds/ingredients.csv,,USDA public domain; mirror terpisah,1-2 Years,1 minggu=7 hari; 1 bulan=30 hari; 1 tahun=365 hari,referensi_perlu_verifikasi_lokal,Kacang Kedelai dipadankan dengan Beans dried
SHF-CBB44618F2CD,ING-KACANG-KEDELAI-IMPOR,suhu_ruang,365,730,14,tanggal_pembelian,USDA FoodKeeper (mirror arsip),mirror-line-313,https://raw.githubusercontent.com/jelera/food-shelflife-db/master/lib/seeds/ingredients.csv,,USDA public domain; mirror terpisah,1-2 Years,1 minggu=7 hari; 1 bulan=30 hari; 1 tahun=365 hari,referensi_perlu_verifikasi_lokal,Kacang Kedelai Impor dipadankan dengan Beans dried
SHF-FFD8717A86FF,ING-KACANG-TANAH,suhu_ruang,28,28,3,tanggal_pembelian,USDA FoodKeeper (mirror arsip),mirror-line-421,https://raw.githubusercontent.com/jelera/food-shelflife-db/master/lib/seeds/ingredients.csv,,USDA public domain; mirror terpisah,4-4 Weeks,1 minggu=7 hari; 1 bulan=30 hari; 1 tahun=365 hari,referensi_perlu_verifikasi_lokal,Kacang Tanah dipadankan dengan Peanuts no shell
SHF-4DD91BC7BFBF,ING-KACANG-TANAH,kulkas,360,360,14,tanggal_pembelian,USDA FoodKeeper (mirror arsip),mirror-line-421,https://raw.githubusercontent.com/jelera/food-shelflife-db/master/lib/seeds/ingredients.csv,,USDA public domain; mirror terpisah,12-12 Months,1 minggu=7 hari; 1 bulan=30 hari; 1 tahun=365 hari,referensi_perlu_verifikasi_lokal,Kacang Tanah dipadankan dengan Peanuts no shell
SHF-AA7C6B8F77DA,ING-KACANG-TANAH,freezer,720,720,14,tanggal_pembelian,USDA FoodKeeper (mirror arsip),mirror-line-421,https://raw.githubusercontent.com/jelera/food-shelflife-db/master/lib/seeds/ingredients.csv,,USDA public domain; mirror terpisah,24-24 Months,1 minggu=7 hari; 1 bulan=30 hari; 1 tahun=365 hari,referensi_perlu_verifikasi_lokal,Kacang Tanah dipadankan dengan Peanuts no shell
SHF-7B1A99B45EF3,ING-KACANG-HIJAU,kulkas,365,365,14,mulai_disimpan,USDA FoodKeeper (mirror arsip),mirror-line-658,https://raw.githubusercontent.com/jelera/food-shelflife-db/master/lib/seeds/ingredients.csv,,USDA public domain; mirror terpisah,1-1 Years,1 minggu=7 hari; 1 bulan=30 hari; 1 tahun=365 hari,referensi_perlu_verifikasi_lokal,"Kacang Hijau dipadankan dengan Mung bean dry, food-grade bags"
SHF-0B1456E1C7B8,ING-KACANG-HIJAU,freezer,365,365,14,mulai_disimpan,USDA FoodKeeper (mirror arsip),mirror-line-658,https://raw.githubusercontent.com/jelera/food-shelflife-db/master/lib/seeds/ingredients.csv,,USDA public domain; mirror terpisah,1-1 Years,1 minggu=7 hari; 1 bulan=30 hari; 1 tahun=365 hari,referensi_perlu_verifikasi_lokal,"Kacang Hijau dipadankan dengan Mung bean dry, food-grade bags"
SHF-FD6662954964,ING-PISANG,kulkas,3,3,1,mulai_disimpan,USDA FoodKeeper (mirror arsip),mirror-line-233,https://raw.githubusercontent.com/jelera/food-shelflife-db/master/lib/seeds/ingredients.csv,,USDA public domain; mirror terpisah,3-3 Days,1 minggu=7 hari; 1 bulan=30 hari; 1 tahun=365 hari,referensi_perlu_verifikasi_lokal,Pisang dipadankan dengan Bananas
SHF-D041F2D99699,ING-PISANG,freezer,60,90,6,mulai_disimpan,USDA FoodKeeper (mirror arsip),mirror-line-233,https://raw.githubusercontent.com/jelera/food-shelflife-db/master/lib/seeds/ingredients.csv,,USDA public domain; mirror terpisah,2-3 Months,1 minggu=7 hari; 1 bulan=30 hari; 1 tahun=365 hari,referensi_perlu_verifikasi_lokal,Pisang dipadankan dengan Bananas
SHF-6BA0908A07A2,ING-PEPAYA,suhu_ruang,3,5,1,tanggal_pembelian,USDA FoodKeeper (mirror arsip),mirror-line-247,https://raw.githubusercontent.com/jelera/food-shelflife-db/master/lib/seeds/ingredients.csv,,USDA public domain; mirror terpisah,3-5 Days,1 minggu=7 hari; 1 bulan=30 hari; 1 tahun=365 hari,referensi_perlu_verifikasi_lokal,"Pepaya dipadankan dengan Papaya, mango, feijoa, passionfruit, casaha melon"
SHF-7301F4028E81,ING-PEPAYA,kulkas,7,7,1,tanggal_pembelian,USDA FoodKeeper (mirror arsip),mirror-line-247,https://raw.githubusercontent.com/jelera/food-shelflife-db/master/lib/seeds/ingredients.csv,,USDA public domain; mirror terpisah,1-1 Weeks,1 minggu=7 hari; 1 bulan=30 hari; 1 tahun=365 hari,referensi_perlu_verifikasi_lokal,"Pepaya dipadankan dengan Papaya, mango, feijoa, passionfruit, casaha melon"
SHF-388EC30E1E2D,ING-PEPAYA,freezer,180,240,14,mulai_disimpan,USDA FoodKeeper (mirror arsip),mirror-line-247,https://raw.githubusercontent.com/jelera/food-shelflife-db/master/lib/seeds/ingredients.csv,,USDA public domain; mirror terpisah,6-8 Months,1 minggu=7 hari; 1 bulan=30 hari; 1 tahun=365 hari,referensi_perlu_verifikasi_lokal,"Pepaya dipadankan dengan Papaya, mango, feijoa, passionfruit, casaha melon"
SHF-4DA5E383FEC6,ING-SEMANGKA,suhu_ruang,1,2,1,tanggal_pembelian,USDA FoodKeeper (mirror arsip),mirror-line-474,https://raw.githubusercontent.com/jelera/food-shelflife-db/master/lib/seeds/ingredients.csv,,USDA public domain; mirror terpisah,1-2 Days,1 minggu=7 hari; 1 bulan=30 hari; 1 tahun=365 hari,referensi_perlu_verifikasi_lokal,Semangka dipadankan dengan Watermelon
SHF-421A9BD8DF3E,ING-SEMANGKA,kulkas,3,4,1,tanggal_pembelian,USDA FoodKeeper (mirror arsip),mirror-line-474,https://raw.githubusercontent.com/jelera/food-shelflife-db/master/lib/seeds/ingredients.csv,,USDA public domain; mirror terpisah,3-4 Days,1 minggu=7 hari; 1 bulan=30 hari; 1 tahun=365 hari,referensi_perlu_verifikasi_lokal,Semangka dipadankan dengan Watermelon
SHF-EBC0AA0ECAFB,ING-SEMANGKA,freezer,360,360,14,mulai_disimpan,USDA FoodKeeper (mirror arsip),mirror-line-474,https://raw.githubusercontent.com/jelera/food-shelflife-db/master/lib/seeds/ingredients.csv,,USDA public domain; mirror terpisah,12-12 Months,1 minggu=7 hari; 1 bulan=30 hari; 1 tahun=365 hari,referensi_perlu_verifikasi_lokal,Semangka dipadankan dengan Watermelon
SHF-506505EBBE03,ING-MANGGA,suhu_ruang,3,5,1,tanggal_pembelian,USDA FoodKeeper (mirror arsip),mirror-line-247,https://raw.githubusercontent.com/jelera/food-shelflife-db/master/lib/seeds/ingredients.csv,,USDA public domain; mirror terpisah,3-5 Days,1 minggu=7 hari; 1 bulan=30 hari; 1 tahun=365 hari,referensi_perlu_verifikasi_lokal,"Mangga dipadankan dengan Papaya, mango, feijoa, passionfruit, casaha melon"
SHF-0FB4E76392CB,ING-MANGGA,kulkas,7,7,1,tanggal_pembelian,USDA FoodKeeper (mirror arsip),mirror-line-247,https://raw.githubusercontent.com/jelera/food-shelflife-db/master/lib/seeds/ingredients.csv,,USDA public domain; mirror terpisah,1-1 Weeks,1 minggu=7 hari; 1 bulan=30 hari; 1 tahun=365 hari,referensi_perlu_verifikasi_lokal,"Mangga dipadankan dengan Papaya, mango, feijoa, passionfruit, casaha melon"
SHF-8CB36CB377D3,ING-MANGGA,freezer,180,240,14,mulai_disimpan,USDA FoodKeeper (mirror arsip),mirror-line-247,https://raw.githubusercontent.com/jelera/food-shelflife-db/master/lib/seeds/ingredients.csv,,USDA public domain; mirror terpisah,6-8 Months,1 minggu=7 hari; 1 bulan=30 hari; 1 tahun=365 hari,referensi_perlu_verifikasi_lokal,"Mangga dipadankan dengan Papaya, mango, feijoa, passionfruit, casaha melon"
SHF-424158D57D62,ING-MELON,kulkas,14,14,1,tanggal_pembelian,USDA FoodKeeper (mirror arsip),mirror-line-246,https://raw.githubusercontent.com/jelera/food-shelflife-db/master/lib/seeds/ingredients.csv,,USDA public domain; mirror terpisah,2-2 Weeks,1 minggu=7 hari; 1 bulan=30 hari; 1 tahun=365 hari,referensi_perlu_verifikasi_lokal,Melon dipadankan dengan Melons
SHF-1E0433F2742C,ING-MELON,freezer,30,30,3,mulai_disimpan,USDA FoodKeeper (mirror arsip),mirror-line-246,https://raw.githubusercontent.com/jelera/food-shelflife-db/master/lib/seeds/ingredients.csv,,USDA public domain; mirror terpisah,1-1 Months,1 minggu=7 hari; 1 bulan=30 hari; 1 tahun=365 hari,referensi_perlu_verifikasi_lokal,Melon dipadankan dengan Melons
SHF-08BE7E0CBF3B,ING-ANGGUR-MERAH,suhu_ruang,1,1,1,tanggal_pembelian,USDA FoodKeeper (mirror arsip),mirror-line-243,https://raw.githubusercontent.com/jelera/food-shelflife-db/master/lib/seeds/ingredients.csv,,USDA public domain; mirror terpisah,1-1 Days,1 minggu=7 hari; 1 bulan=30 hari; 1 tahun=365 hari,referensi_perlu_verifikasi_lokal,Anggur Merah dipadankan dengan Grapes
SHF-6BD9022807C1,ING-ANGGUR-MERAH,kulkas,7,7,1,tanggal_pembelian,USDA FoodKeeper (mirror arsip),mirror-line-243,https://raw.githubusercontent.com/jelera/food-shelflife-db/master/lib/seeds/ingredients.csv,,USDA public domain; mirror terpisah,1-1 Weeks,1 minggu=7 hari; 1 bulan=30 hari; 1 tahun=365 hari,referensi_perlu_verifikasi_lokal,Anggur Merah dipadankan dengan Grapes
SHF-B80F724F53DA,ING-ANGGUR-MERAH,freezer,30,30,3,mulai_disimpan,USDA FoodKeeper (mirror arsip),mirror-line-243,https://raw.githubusercontent.com/jelera/food-shelflife-db/master/lib/seeds/ingredients.csv,,USDA public domain; mirror terpisah,1-1 Months,1 minggu=7 hari; 1 bulan=30 hari; 1 tahun=365 hari,referensi_perlu_verifikasi_lokal,Anggur Merah dipadankan dengan Grapes
SHF-1B066C3281F2,ING-ANGGUR,suhu_ruang,1,1,1,tanggal_pembelian,USDA FoodKeeper (mirror arsip),mirror-line-243,https://raw.githubusercontent.com/jelera/food-shelflife-db/master/lib/seeds/ingredients.csv,,USDA public domain; mirror terpisah,1-1 Days,1 minggu=7 hari; 1 bulan=30 hari; 1 tahun=365 hari,referensi_perlu_verifikasi_lokal,Anggur dipadankan dengan Grapes
SHF-5746B2E3B91A,ING-ANGGUR,kulkas,7,7,1,tanggal_pembelian,USDA FoodKeeper (mirror arsip),mirror-line-243,https://raw.githubusercontent.com/jelera/food-shelflife-db/master/lib/seeds/ingredients.csv,,USDA public domain; mirror terpisah,1-1 Weeks,1 minggu=7 hari; 1 bulan=30 hari; 1 tahun=365 hari,referensi_perlu_verifikasi_lokal,Anggur dipadankan dengan Grapes
SHF-03C038E73054,ING-ANGGUR,freezer,30,30,3,mulai_disimpan,USDA FoodKeeper (mirror arsip),mirror-line-243,https://raw.githubusercontent.com/jelera/food-shelflife-db/master/lib/seeds/ingredients.csv,,USDA public domain; mirror terpisah,1-1 Months,1 minggu=7 hari; 1 bulan=30 hari; 1 tahun=365 hari,referensi_perlu_verifikasi_lokal,Anggur dipadankan dengan Grapes
SHF-8ECA1F2C8FCC,ING-TAHU-PUTIH,kulkas,7,7,1,tanggal_pembelian,USDA FoodKeeper (mirror arsip),mirror-line-156,https://raw.githubusercontent.com/jelera/food-shelflife-db/master/lib/seeds/ingredients.csv,,USDA public domain; mirror terpisah,1-1 Weeks,1 minggu=7 hari; 1 bulan=30 hari; 1 tahun=365 hari,referensi_perlu_verifikasi_lokal,Tahu Putih dipadankan dengan Tofu
SHF-972AF14C760F,ING-TAHU-PUTIH,freezer,150,150,14,tanggal_pembelian,USDA FoodKeeper (mirror arsip),mirror-line-156,https://raw.githubusercontent.com/jelera/food-shelflife-db/master/lib/seeds/ingredients.csv,,USDA public domain; mirror terpisah,5-5 Months,1 minggu=7 hari; 1 bulan=30 hari; 1 tahun=365 hari,referensi_perlu_verifikasi_lokal,Tahu Putih dipadankan dengan Tofu
SHF-D9735F7469D5,ING-TAHU-MENTAH-PCS,kulkas,7,7,1,tanggal_pembelian,USDA FoodKeeper (mirror arsip),mirror-line-156,https://raw.githubusercontent.com/jelera/food-shelflife-db/master/lib/seeds/ingredients.csv,,USDA public domain; mirror terpisah,1-1 Weeks,1 minggu=7 hari; 1 bulan=30 hari; 1 tahun=365 hari,referensi_perlu_verifikasi_lokal,Tahu Mentah / pcs dipadankan dengan Tofu
SHF-E7549167CD2E,ING-TAHU-MENTAH-PCS,freezer,150,150,14,tanggal_pembelian,USDA FoodKeeper (mirror arsip),mirror-line-156,https://raw.githubusercontent.com/jelera/food-shelflife-db/master/lib/seeds/ingredients.csv,,USDA public domain; mirror terpisah,5-5 Months,1 minggu=7 hari; 1 bulan=30 hari; 1 tahun=365 hari,referensi_perlu_verifikasi_lokal,Tahu Mentah / pcs dipadankan dengan Tofu
SHF-0E69B4B19CCF,ING-TEMPE,freezer,180,180,14,tanggal_pembelian,USDA FoodKeeper (mirror arsip),mirror-line-309,https://raw.githubusercontent.com/jelera/food-shelflife-db/master/lib/seeds/ingredients.csv,,USDA public domain; mirror terpisah,6-6 Months,1 minggu=7 hari; 1 bulan=30 hari; 1 tahun=365 hari,referensi_perlu_verifikasi_lokal,Tempe dipadankan dengan Tempeh
SHF-E8FF60F6B86E,ING-TEMPE,kulkas,3,4,1,mulai_disimpan,USDA FoodKeeper (mirror arsip),mirror-line-309,https://raw.githubusercontent.com/jelera/food-shelflife-db/master/lib/seeds/ingredients.csv,,USDA public domain; mirror terpisah,3-4 Days,1 minggu=7 hari; 1 bulan=30 hari; 1 tahun=365 hari,referensi_perlu_verifikasi_lokal,Tempe dipadankan dengan Tempeh
SHF-445E7DD5D4F2,ING-TEMPE-PCS,freezer,180,180,14,tanggal_pembelian,USDA FoodKeeper (mirror arsip),mirror-line-309,https://raw.githubusercontent.com/jelera/food-shelflife-db/master/lib/seeds/ingredients.csv,,USDA public domain; mirror terpisah,6-6 Months,1 minggu=7 hari; 1 bulan=30 hari; 1 tahun=365 hari,referensi_perlu_verifikasi_lokal,Tempe / pcs dipadankan dengan Tempeh
SHF-33DA5EFE0C4D,ING-TEMPE-PCS,kulkas,3,4,1,mulai_disimpan,USDA FoodKeeper (mirror arsip),mirror-line-309,https://raw.githubusercontent.com/jelera/food-shelflife-db/master/lib/seeds/ingredients.csv,,USDA public domain; mirror terpisah,3-4 Days,1 minggu=7 hari; 1 bulan=30 hari; 1 tahun=365 hari,referensi_perlu_verifikasi_lokal,Tempe / pcs dipadankan dengan Tempeh
