price_code,ingredient_code,price_rupiah,quantity,unit,region,recorded_at,source,source_url,source_recorded_at,source_license,source_commodity_name,price_status
PRC-D07242756A61,ING-BERAS-PREMIUM,15563,1,kg,Kabupaten Garut,2026-09-28,Bapokting Disperindag Garut,https://bapokting.disperindag.garutkab.go.id/Bapokting/grafik?komoditi=3,2026-09-28,Tidak disebutkan pada laman,Beras Premium,published
PRC-1743F0AE27B7,ING-BERAS-MEDIUM,14625,1,kg,Kabupaten Garut,2026-09-28,Bapokting Disperindag Garut,https://bapokting.disperindag.garutkab.go.id/Bapokting/grafik?komoditi=4,2026-09-28,Tidak disebutkan pada laman,Beras Medium,published
PRC-C8185C5B7D2D,ING-BERAS-TERMAHAL,15833,1,kg,Kabupaten Garut,2026-09-28,Bapokting Disperindag Garut,https://bapokting.disperindag.garutkab.go.id/Bapokting/grafik?komoditi=5,2026-09-28,Tidak disebutkan pada laman,Beras Termahal,published
PRC-62E81F3860F3,ING-BERAS-TERMURAH-NON-BULOG,13625,1,kg,Kabupaten Garut,2026-09-28,Bapokting Disperindag Garut,https://bapokting.disperindag.garutkab.go.id/Bapokting/grafik?komoditi=6,2026-09-28,Tidak disebutkan pada laman,Beras Termurah (Non Bulog),published
PRC-7A9F4C4BB1F3,ING-GULA-PASIR-DALAM-NEGERI,18611,1,kg,Kabupaten Garut,2026-09-28,Bapokting Disperindag Garut,https://bapokting.disperindag.garutkab.go.id/Bapokting/grafik?komoditi=7,2026-09-28,Tidak disebutkan pada laman,Gula Pasir Dalam Negeri,published
PRC-372A13E3CF2B,ING-MINYAK-GORENG-BIMOLI-KEMASAN,23769,1,liter,Kabupaten Garut,2026-09-28,Bapokting Disperindag Garut,https://bapokting.disperindag.garutkab.go.id/Bapokting/grafik?komoditi=8,2026-09-28,Tidak disebutkan pada laman,Minyak Goreng Bimoli Kemasan,published
PRC-C369B13C196C,ING-MINYAK-GORENG-CURAH,21833,1,kg,Kabupaten Garut,2026-09-28,Bapokting Disperindag Garut,https://bapokting.disperindag.garutkab.go.id/Bapokting/grafik?komoditi=9,2026-09-28,Tidak disebutkan pada laman,Minyak Goreng Curah,published
PRC-78601491A785,ING-MINYAK-GORENG-KEMASAN-SEDERHANA,20941,1,kg,Kabupaten Garut,2026-09-28,Bapokting Disperindag Garut,https://bapokting.disperindag.garutkab.go.id/Bapokting/grafik?komoditi=10,2026-09-28,Tidak disebutkan pada laman,Minyak Goreng Kemasan Sederhana,published
PRC-211A6E5C467D,ING-DAGING-SAPI,145214,1,kg,Kabupaten Garut,2026-09-28,Bapokting Disperindag Garut,https://bapokting.disperindag.garutkab.go.id/Bapokting/grafik?komoditi=11,2026-09-28,Tidak disebutkan pada laman,Daging Sapi,published
PRC-47382DFCF021,ING-DAGING-AYAM-BROILER,39412,1,kg,Kabupaten Garut,2026-09-28,Bapokting Disperindag Garut,https://bapokting.disperindag.garutkab.go.id/Bapokting/grafik?komoditi=12,2026-09-28,Tidak disebutkan pada laman,Daging Ayam Broiler,published
PRC-7E61E94ABC3C,ING-DAGING-AYAM-KAMPUNG,55714,1,kg,Kabupaten Garut,2026-09-28,Bapokting Disperindag Garut,https://bapokting.disperindag.garutkab.go.id/Bapokting/grafik?komoditi=13,2026-09-28,Tidak disebutkan pada laman,Daging Ayam Kampung,published
PRC-C5A319D8D283,ING-TELUR-AYAM-BROILER,26889,1,kg,Kabupaten Garut,2026-09-28,Bapokting Disperindag Garut,https://bapokting.disperindag.garutkab.go.id/Bapokting/grafik?komoditi=14,2026-09-28,Tidak disebutkan pada laman,Telur Ayam Broiler,published
PRC-67B875F08886,ING-TELUR-AYAM-KAMPUNG,2958,1,butir,Kabupaten Garut,2026-09-28,Bapokting Disperindag Garut,https://bapokting.disperindag.garutkab.go.id/Bapokting/grafik?komoditi=15,2026-09-28,Tidak disebutkan pada laman,Telur Ayam Kampung,published
PRC-42BCCDB688AA,ING-SUSU-KENTAL-MANIS-MERK-BENDERA,12794,1,kaleng,Kabupaten Garut,2026-09-28,Bapokting Disperindag Garut,https://bapokting.disperindag.garutkab.go.id/Bapokting/grafik?komoditi=16,2026-09-28,Tidak disebutkan pada laman,Susu Kental Manis Merk bendera,published
PRC-2E0434FBBE5E,ING-SUSU-KENTAL-MANIS-MERK-INDOMILK,12441,1,kaleng,Kabupaten Garut,2026-09-28,Bapokting Disperindag Garut,https://bapokting.disperindag.garutkab.go.id/Bapokting/grafik?komoditi=17,2026-09-28,Tidak disebutkan pada laman,Susu Kental Manis Merk Indomilk,published
PRC-2B04CBD8CE56,ING-SUSU-BUBUK-DANCOW,63375,1,kotak,Kabupaten Garut,2026-09-28,Bapokting Disperindag Garut,https://bapokting.disperindag.garutkab.go.id/Bapokting/grafik?komoditi=18,2026-09-28,Tidak disebutkan pada laman,Susu Bubuk Dancow,published
PRC-F0FC1B64C57F,ING-SUSU-BUBUK-INDOMILK,71000,1,kotak,Kabupaten Garut,2026-09-28,Bapokting Disperindag Garut,https://bapokting.disperindag.garutkab.go.id/Bapokting/grafik?komoditi=19,2026-09-28,Tidak disebutkan pada laman,Susu Bubuk Indomilk,published
PRC-B473503ADC66,ING-JAGUNG-PIPILAN,12583,1,kg,Kabupaten Garut,2026-09-28,Bapokting Disperindag Garut,https://bapokting.disperindag.garutkab.go.id/Bapokting/grafik?komoditi=20,2026-09-28,Tidak disebutkan pada laman,Jagung Pipilan,published
PRC-319EEFD15F1B,ING-GARAM-BERYODIUM-BATA,3417,1,bata,Kabupaten Garut,2026-09-28,Bapokting Disperindag Garut,https://bapokting.disperindag.garutkab.go.id/Bapokting/grafik?komoditi=21,2026-09-28,Tidak disebutkan pada laman,Garam Beryodium Bata,published
PRC-5BC90E3A59A9,ING-GARAM-BERYODIUM-HALUS,2750,1,bungkus,Kabupaten Garut,2026-09-28,Bapokting Disperindag Garut,https://bapokting.disperindag.garutkab.go.id/Bapokting/grafik?komoditi=22,2026-09-28,Tidak disebutkan pada laman,Garam Beryodium Halus,published
PRC-747FA5D1853F,ING-TEPUNG-TERIGU-CAP-SEGITIGA-BIRU,12588,1,kg,Kabupaten Garut,2026-09-28,Bapokting Disperindag Garut,https://bapokting.disperindag.garutkab.go.id/Bapokting/grafik?komoditi=23,2026-09-28,Tidak disebutkan pada laman,Tepung Terigu Cap Segitiga Biru,published
PRC-37E626478EA8,ING-TEPUNG-TERIGU-CAP-CAKRA-KEMBAR,13455,1,kg,Kabupaten Garut,2026-09-28,Bapokting Disperindag Garut,https://bapokting.disperindag.garutkab.go.id/Bapokting/grafik?komoditi=24,2026-09-28,Tidak disebutkan pada laman,Tepung Terigu Cap Cakra Kembar,published
PRC-879C31E5458A,ING-TEPUNG-TERIGU-CAP-KUNCI,12273,1,kg,Kabupaten Garut,2026-09-28,Bapokting Disperindag Garut,https://bapokting.disperindag.garutkab.go.id/Bapokting/grafik?komoditi=25,2026-09-28,Tidak disebutkan pada laman,Tepung Terigu Cap Kunci,published
PRC-85D10804C96B,ING-KACANG-KEDELAI-IMPOR,16688,1,kg,Kabupaten Garut,2026-09-28,Bapokting Disperindag Garut,https://bapokting.disperindag.garutkab.go.id/Bapokting/grafik?komoditi=26,2026-09-28,Tidak disebutkan pada laman,Kacang Kedelai Impor,published
PRC-DB39694717FE,ING-KACANG-HIJAU,29176,1,kg,Kabupaten Garut,2026-09-28,Bapokting Disperindag Garut,https://bapokting.disperindag.garutkab.go.id/Bapokting/grafik?komoditi=27,2026-09-28,Tidak disebutkan pada laman,Kacang Hijau,published
PRC-76BAF8D29D8A,ING-KACANG-TANAH,43529,1,kg,Kabupaten Garut,2026-09-28,Bapokting Disperindag Garut,https://bapokting.disperindag.garutkab.go.id/Bapokting/grafik?komoditi=28,2026-09-28,Tidak disebutkan pada laman,Kacang Tanah,published
PRC-C30384DF0555,ING-MIE-INSTAN,3094,1,bungkus,Kabupaten Garut,2026-09-28,Bapokting Disperindag Garut,https://bapokting.disperindag.garutkab.go.id/Bapokting/grafik?komoditi=29,2026-09-28,Tidak disebutkan pada laman,Mie Instan,published
PRC-48C0B27594B0,ING-CABAI-MERAH-KERITING,59412,1,kg,Kabupaten Garut,2026-09-28,Bapokting Disperindag Garut,https://bapokting.disperindag.garutkab.go.id/Bapokting/grafik?komoditi=30,2026-09-28,Tidak disebutkan pada laman,Cabe Merah Keriting,published
PRC-95B4DA8F16F4,ING-CABE-MERAH-BIASA,74667,1,kg,Kabupaten Garut,2026-09-28,Bapokting Disperindag Garut,https://bapokting.disperindag.garutkab.go.id/Bapokting/grafik?komoditi=31,2026-09-28,Tidak disebutkan pada laman,Cabe Merah Biasa,published
PRC-D244BB716B09,ING-CABAI-RAWIT-HIJAU,55944,1,kg,Kabupaten Garut,2026-09-28,Bapokting Disperindag Garut,https://bapokting.disperindag.garutkab.go.id/Bapokting/grafik?komoditi=32,2026-09-28,Tidak disebutkan pada laman,Cabe Rawit Hijau,published
PRC-00EA1A1C067E,ING-CABAI-RAWIT-MERAH,78333,1,kg,Kabupaten Garut,2026-09-28,Bapokting Disperindag Garut,https://bapokting.disperindag.garutkab.go.id/Bapokting/grafik?komoditi=33,2026-09-28,Tidak disebutkan pada laman,Cabe Rawit Merah,published
PRC-C8A8C3E862A9,ING-BAWANG-MERAH,31111,1,kg,Kabupaten Garut,2026-09-28,Bapokting Disperindag Garut,https://bapokting.disperindag.garutkab.go.id/Bapokting/grafik?komoditi=34,2026-09-28,Tidak disebutkan pada laman,Bawang Merah,published
PRC-FB90C2D13136,ING-BAWANG-PUTIH,33375,1,kg,Kabupaten Garut,2026-09-28,Bapokting Disperindag Garut,https://bapokting.disperindag.garutkab.go.id/Bapokting/grafik?komoditi=35,2026-09-28,Tidak disebutkan pada laman,Bawang Putih,published
PRC-88701D203307,ING-IKAN-ASIN-TERI-NO-2,67857,1,kg,Kabupaten Garut,2026-09-28,Bapokting Disperindag Garut,https://bapokting.disperindag.garutkab.go.id/Bapokting/grafik?komoditi=36,2026-09-28,Tidak disebutkan pada laman,Ikan Asin Teri No. 2,published
PRC-9B2F489032B6,ING-IKAN-KEMBUNG,48857,1,kg,Kabupaten Garut,2026-09-28,Bapokting Disperindag Garut,https://bapokting.disperindag.garutkab.go.id/Bapokting/grafik?komoditi=37,2026-09-28,Tidak disebutkan pada laman,Ikan kembung,published
PRC-FB869AA1C11D,ING-SINGKONG,4917,1,kg,Kabupaten Garut,2026-09-28,Bapokting Disperindag Garut,https://bapokting.disperindag.garutkab.go.id/Bapokting/grafik?komoditi=38,2026-09-28,Tidak disebutkan pada laman,Ketela Pohon,published
PRC-4AAFD33D5006,ING-KENTANG,16941,1,kg,Kabupaten Garut,2026-09-28,Bapokting Disperindag Garut,https://bapokting.disperindag.garutkab.go.id/Bapokting/grafik?komoditi=39,2026-09-28,Tidak disebutkan pada laman,Kentang,published
PRC-1FE7174385B2,ING-JAGUNG-MANIS,14438,1,kg,Kabupaten Garut,2026-09-28,Bapokting Disperindag Garut,https://bapokting.disperindag.garutkab.go.id/Bapokting/grafik?komoditi=42,2026-09-28,Tidak disebutkan pada laman,Jagung Manis,published
PRC-3B1A6EFA3ABD,ING-TEPUNG-TERIGU-CURAH,9000,1,kg,Kabupaten Garut,2026-09-28,Bapokting Disperindag Garut,https://bapokting.disperindag.garutkab.go.id/Bapokting/grafik?komoditi=43,2026-09-28,Tidak disebutkan pada laman,Tepung Terigu Curah,published
PRC-6D84DC78B8CD,ING-IKAN-BANDENG,41778,1,kg,Kabupaten Garut,2026-09-28,Bapokting Disperindag Garut,https://bapokting.disperindag.garutkab.go.id/Bapokting/grafik?komoditi=44,2026-09-28,Tidak disebutkan pada laman,Ikan Bandeng,published
PRC-C0589F6AAC8C,ING-IKAN-SEGAR-TONGKOL-TUNA-CAKALANG,42714,1,kg,Kabupaten Garut,2026-09-28,Bapokting Disperindag Garut,https://bapokting.disperindag.garutkab.go.id/Bapokting/grafik?komoditi=45,2026-09-28,Tidak disebutkan pada laman,Ikan Segar Tongkol/Tuna/Cakalang,published
PRC-D8AEDDF846D9,ING-CABE-HIJAU-BIASA,34467,1,kg,Kabupaten Garut,2026-09-28,Bapokting Disperindag Garut,https://bapokting.disperindag.garutkab.go.id/Bapokting/grafik?komoditi=46,2026-09-28,Tidak disebutkan pada laman,Cabe Hijau Biasa,published
PRC-9F963C8B4B65,ING-GULA-MERAH,24139,1,kg,Kabupaten Garut,2026-09-28,Bapokting Disperindag Garut,https://bapokting.disperindag.garutkab.go.id/Bapokting/grafik?komoditi=47,2026-09-28,Tidak disebutkan pada laman,Gula Merah,published
PRC-AF18164EEBA1,ING-TOMAT,9111,1,kg,Kabupaten Garut,2026-09-28,Bapokting Disperindag Garut,https://bapokting.disperindag.garutkab.go.id/Bapokting/grafik?komoditi=48,2026-09-28,Tidak disebutkan pada laman,Tomat Merah,published
PRC-28822FFCDEC2,ING-BAWANG-BOMBAY,37167,1,kg,Kabupaten Garut,2026-09-28,Bapokting Disperindag Garut,https://bapokting.disperindag.garutkab.go.id/Bapokting/grafik?komoditi=49,2026-09-28,Tidak disebutkan pada laman,Bawang Bombay,published
PRC-73A3519235FE,ING-KUBIS,8000,1,kg,Kabupaten Garut,2026-09-28,Bapokting Disperindag Garut,https://bapokting.disperindag.garutkab.go.id/Bapokting/grafik?komoditi=50,2026-09-28,Tidak disebutkan pada laman,Kol/Kubis,published
PRC-E537AEBDE02F,ING-TEMPE,9333,1,kg,Kabupaten Garut,2026-09-28,Bapokting Disperindag Garut,https://bapokting.disperindag.garutkab.go.id/Bapokting/grafik?komoditi=51,2026-09-28,Tidak disebutkan pada laman,Tempe / Kg,published
PRC-F6FA847D4D77,ING-TAHU-PUTIH,9000,1,kg,Kabupaten Garut,2026-09-28,Bapokting Disperindag Garut,https://bapokting.disperindag.garutkab.go.id/Bapokting/grafik?komoditi=52,2026-09-28,Tidak disebutkan pada laman,Tahu Mentah / Kg,published
PRC-DBBA3A8F36BD,ING-UDANG,89286,1,kg,Kabupaten Garut,2026-09-28,Bapokting Disperindag Garut,https://bapokting.disperindag.garutkab.go.id/Bapokting/grafik?komoditi=53,2026-09-28,Tidak disebutkan pada laman,Udang,published
PRC-B7020D1A7EFC,ING-JERUK,20333,1,kg,Kabupaten Garut,2026-09-28,Bapokting Disperindag Garut,https://bapokting.disperindag.garutkab.go.id/Bapokting/grafik?komoditi=54,2026-09-28,Tidak disebutkan pada laman,Jeruk,published
PRC-119A510CB1DA,ING-PISANG,6588,1,kg,Kabupaten Garut,2026-09-28,Bapokting Disperindag Garut,https://bapokting.disperindag.garutkab.go.id/Bapokting/grafik?komoditi=55,2026-09-28,Tidak disebutkan pada laman,Pisang,published
PRC-98AA3B411B14,ING-TOMAT-HIJAU,7222,1,kg,Kabupaten Garut,2026-09-28,Bapokting Disperindag Garut,https://bapokting.disperindag.garutkab.go.id/Bapokting/grafik?komoditi=56,2026-09-28,Tidak disebutkan pada laman,Tomat Hijau,published
PRC-E3EFE1789CC9,ING-MINYAK-KITA,19900,1,liter,Kabupaten Garut,2026-09-28,Bapokting Disperindag Garut,https://bapokting.disperindag.garutkab.go.id/Bapokting/grafik?komoditi=57,2026-09-28,Tidak disebutkan pada laman,Minyak Kita,published
PRC-DFDACD4C0548,ING-IKAN-MAS,35867,1,kg,Kabupaten Garut,2026-09-28,Bapokting Disperindag Garut,https://bapokting.disperindag.garutkab.go.id/Bapokting/grafik?komoditi=58,2026-09-28,Tidak disebutkan pada laman,Ikan Mas,published
PRC-8ABE28F12C2C,ING-UBI-JALAR-PUTIH,6938,1,kg,Kabupaten Garut,2026-09-28,Bapokting Disperindag Garut,https://bapokting.disperindag.garutkab.go.id/Bapokting/grafik?komoditi=59,2026-09-28,Tidak disebutkan pada laman,Ubi Jalar Putih,published
PRC-A5A0FDAD77DB,ING-SUSU-BALITA-SGM-400GR,57000,1,kotak,Kabupaten Garut,2026-09-28,Bapokting Disperindag Garut,https://bapokting.disperindag.garutkab.go.id/Bapokting/grafik?komoditi=60,2026-09-28,Tidak disebutkan pada laman,Susu Balita SGM 400Gr,published
PRC-5B23DCDB8E49,ING-DAGING-SAPI-LOKAL-TETELAN,95273,1,kg,Kabupaten Garut,2026-09-28,Bapokting Disperindag Garut,https://bapokting.disperindag.garutkab.go.id/Bapokting/grafik?komoditi=61,2026-09-28,Tidak disebutkan pada laman,"Daging Sapi, Lokal, Tetelan",published
PRC-D32117394504,ING-DAGING-SAPI-LOKAL-PAHA-DEPAN,145273,1,kg,Kabupaten Garut,2026-09-28,Bapokting Disperindag Garut,https://bapokting.disperindag.garutkab.go.id/Bapokting/grafik?komoditi=62,2026-09-28,Tidak disebutkan pada laman,"Daging Sapi, Lokal, Paha Depan",published
PRC-2F802926643D,ING-DAGING-SAPI-LOKAL-PAHA-BELAKANG,145273,1,kg,Kabupaten Garut,2026-09-28,Bapokting Disperindag Garut,https://bapokting.disperindag.garutkab.go.id/Bapokting/grafik?komoditi=63,2026-09-28,Tidak disebutkan pada laman,"Daging Sapi, Lokal, Paha Belakang",published
PRC-A3B1C6B31960,ING-DAGING-SAPI-LOKAL-HAS-DALAM,145273,1,kg,Kabupaten Garut,2026-09-28,Bapokting Disperindag Garut,https://bapokting.disperindag.garutkab.go.id/Bapokting/grafik?komoditi=64,2026-09-28,Tidak disebutkan pada laman,"Daging Sapi, Lokal, Has Dalam",published
PRC-E3ABBEE0861B,ING-DAGING-SAPI-LOKAL-HAS-LUAR,145273,1,kg,Kabupaten Garut,2026-09-28,Bapokting Disperindag Garut,https://bapokting.disperindag.garutkab.go.id/Bapokting/grafik?komoditi=65,2026-09-28,Tidak disebutkan pada laman,"Daging Sapi, Lokal, Has Luar",published
PRC-6CD1DBFBE892,ING-SUSU-KOTAK,3000,1,kotak,Kabupaten Garut,2026-09-28,Bapokting Disperindag Garut,https://bapokting.disperindag.garutkab.go.id/Bapokting/grafik?komoditi=67,2026-09-28,Tidak disebutkan pada laman,Susu Kotak,published
PRC-77BA4932BBE0,ING-ANGGUR,68167,1,kg,Kabupaten Garut,2026-09-28,Bapokting Disperindag Garut,https://bapokting.disperindag.garutkab.go.id/Bapokting/grafik?komoditi=68,2026-09-28,Tidak disebutkan pada laman,Anggur,published
PRC-6DAB350AFD1A,ING-MELON,15533,1,kg,Kabupaten Garut,2026-09-28,Bapokting Disperindag Garut,https://bapokting.disperindag.garutkab.go.id/Bapokting/grafik?komoditi=69,2026-09-28,Tidak disebutkan pada laman,Melon,published
PRC-8F33D0AE26DD,ING-LECI,50000,1,kg,Kabupaten Garut,2026-09-28,Bapokting Disperindag Garut,https://bapokting.disperindag.garutkab.go.id/Bapokting/grafik?komoditi=70,2026-09-28,Tidak disebutkan pada laman,Leci,published
PRC-7C2039661193,ING-LENGKENG,57222,1,kg,Kabupaten Garut,2026-09-28,Bapokting Disperindag Garut,https://bapokting.disperindag.garutkab.go.id/Bapokting/grafik?komoditi=71,2026-09-28,Tidak disebutkan pada laman,Lengkeng,published
PRC-69882B883CF1,ING-IKAN-DORI,53000,1,kg,Kabupaten Garut,2026-09-28,Bapokting Disperindag Garut,https://bapokting.disperindag.garutkab.go.id/Bapokting/grafik?komoditi=73,2026-09-28,Tidak disebutkan pada laman,Ikan Dori,published
PRC-93B4A5AC2D9E,ING-WORTEL,14176,1,kg,Kabupaten Garut,2026-09-28,Bapokting Disperindag Garut,https://bapokting.disperindag.garutkab.go.id/Bapokting/grafik?komoditi=74,2026-09-28,Tidak disebutkan pada laman,Wortel,published
PRC-C49DE55167CF,ING-BUNCIS,17500,1,kg,Kabupaten Garut,2026-09-28,Bapokting Disperindag Garut,https://bapokting.disperindag.garutkab.go.id/Bapokting/grafik?komoditi=75,2026-09-28,Tidak disebutkan pada laman,Buncis,published
PRC-BC0BCDAF783D,ING-SAWI-PUTIH,9385,1,kg,Kabupaten Garut,2026-09-28,Bapokting Disperindag Garut,https://bapokting.disperindag.garutkab.go.id/Bapokting/grafik?komoditi=76,2026-09-28,Tidak disebutkan pada laman,Sawi Putih,published
PRC-890DF62EA80E,ING-PAKCOY,10643,1,kg,Kabupaten Garut,2026-09-28,Bapokting Disperindag Garut,https://bapokting.disperindag.garutkab.go.id/Bapokting/grafik?komoditi=77,2026-09-28,Tidak disebutkan pada laman,Pak Choi,published
PRC-4E39C087B801,ING-KOL,6769,1,kg,Kabupaten Garut,2026-09-28,Bapokting Disperindag Garut,https://bapokting.disperindag.garutkab.go.id/Bapokting/grafik?komoditi=78,2026-09-28,Tidak disebutkan pada laman,Kol,published
PRC-C95CC294C55C,ING-TIMUN,7375,1,kg,Kabupaten Garut,2026-09-28,Bapokting Disperindag Garut,https://bapokting.disperindag.garutkab.go.id/Bapokting/grafik?komoditi=79,2026-09-28,Tidak disebutkan pada laman,Timun,published
PRC-BC3480FAD54D,ING-KANGKUNG,3688,1,kg,Kabupaten Garut,2026-09-28,Bapokting Disperindag Garut,https://bapokting.disperindag.garutkab.go.id/Bapokting/grafik?komoditi=80,2026-09-28,Tidak disebutkan pada laman,Kangkung,published
PRC-427E14A5F6F0,ING-BAYAM,3219,1,kg,Kabupaten Garut,2026-09-28,Bapokting Disperindag Garut,https://bapokting.disperindag.garutkab.go.id/Bapokting/grafik?komoditi=81,2026-09-28,Tidak disebutkan pada laman,Bayam,published
PRC-8305EE4639D0,ING-ROTI,7933,1,bungkus,Kabupaten Garut,2026-09-28,Bapokting Disperindag Garut,https://bapokting.disperindag.garutkab.go.id/Bapokting/grafik?komoditi=82,2026-09-28,Tidak disebutkan pada laman,Roti,published
PRC-2F1C2F8B7A3F,ING-TAHU-MENTAH-PCS,1280,1,pcs,Kabupaten Garut,2026-09-28,Bapokting Disperindag Garut,https://bapokting.disperindag.garutkab.go.id/Bapokting/grafik?komoditi=83,2026-09-28,Tidak disebutkan pada laman,Tahu Mentah / pcs,published
PRC-0862403B2DC9,ING-TEMPE-PCS,8308,1,pcs,Kabupaten Garut,2026-09-28,Bapokting Disperindag Garut,https://bapokting.disperindag.garutkab.go.id/Bapokting/grafik?komoditi=84,2026-09-28,Tidak disebutkan pada laman,Tempe / pcs,published
PRC-8E2E0DD6FA31,ING-BAWANG-MERAH-UKURAN-SEDANG,37350,1,kg,Nasional PIHPS,2026-09-28,PIHPS Bank Indonesia,https://www.bi.go.id/hargapangan/Website/Home/Index/widget,2026-09-28,Tidak disebutkan pada respons; lihat ketentuan situs,Bawang Merah Ukuran Sedang,published
PRC-26A97BAB9E56,ING-BAWANG-PUTIH-UKURAN-SEDANG,39050,1,kg,Nasional PIHPS,2026-09-28,PIHPS Bank Indonesia,https://www.bi.go.id/hargapangan/Website/Home/Index/widget,2026-09-28,Tidak disebutkan pada respons; lihat ketentuan situs,Bawang Putih Ukuran Sedang,published
PRC-1107CC8ECB10,ING-BERAS-KUALITAS-BAWAH-I,14900,1,kg,Nasional PIHPS,2026-09-28,PIHPS Bank Indonesia,https://www.bi.go.id/hargapangan/Website/Home/Index/widget,2026-09-28,Tidak disebutkan pada respons; lihat ketentuan situs,Beras Kualitas Bawah I,published
PRC-C502BBCC55C0,ING-BERAS-KUALITAS-BAWAH-II,14700,1,kg,Nasional PIHPS,2026-09-28,PIHPS Bank Indonesia,https://www.bi.go.id/hargapangan/Website/Home/Index/widget,2026-09-28,Tidak disebutkan pada respons; lihat ketentuan situs,Beras Kualitas Bawah II,published
PRC-389C52387E0C,ING-BERAS-KUALITAS-MEDIUM-I,16600,1,kg,Nasional PIHPS,2026-09-28,PIHPS Bank Indonesia,https://www.bi.go.id/hargapangan/Website/Home/Index/widget,2026-09-28,Tidak disebutkan pada respons; lihat ketentuan situs,Beras Kualitas Medium I,published
PRC-A8A63DB4FFB5,ING-BERAS-KUALITAS-MEDIUM-II,16400,1,kg,Nasional PIHPS,2026-09-28,PIHPS Bank Indonesia,https://www.bi.go.id/hargapangan/Website/Home/Index/widget,2026-09-28,Tidak disebutkan pada respons; lihat ketentuan situs,Beras Kualitas Medium II,published
PRC-D707B388C212,ING-BERAS-KUALITAS-SUPER-I,17900,1,kg,Nasional PIHPS,2026-09-28,PIHPS Bank Indonesia,https://www.bi.go.id/hargapangan/Website/Home/Index/widget,2026-09-28,Tidak disebutkan pada respons; lihat ketentuan situs,Beras Kualitas Super I,published
PRC-5083FCD35EF9,ING-BERAS-KUALITAS-SUPER-II,17300,1,kg,Nasional PIHPS,2026-09-28,PIHPS Bank Indonesia,https://www.bi.go.id/hargapangan/Website/Home/Index/widget,2026-09-28,Tidak disebutkan pada respons; lihat ketentuan situs,Beras Kualitas Super II,published
PRC-AEB102576F15,ING-CABAI-MERAH-BESAR,58650,1,kg,Nasional PIHPS,2026-09-28,PIHPS Bank Indonesia,https://www.bi.go.id/hargapangan/Website/Home/Index/widget,2026-09-28,Tidak disebutkan pada respons; lihat ketentuan situs,Cabai Merah Besar,published
PRC-DF7CD5A059D9,ING-CABAI-MERAH-KERITING,71400,1,kg,Nasional PIHPS,2026-09-28,PIHPS Bank Indonesia,https://www.bi.go.id/hargapangan/Website/Home/Index/widget,2026-09-28,Tidak disebutkan pada respons; lihat ketentuan situs,Cabai Merah Keriting,published
PRC-4022561A6DB1,ING-CABAI-RAWIT-HIJAU,68900,1,kg,Nasional PIHPS,2026-09-28,PIHPS Bank Indonesia,https://www.bi.go.id/hargapangan/Website/Home/Index/widget,2026-09-28,Tidak disebutkan pada respons; lihat ketentuan situs,Cabai Rawit Hijau,published
PRC-9AA904ECC288,ING-CABAI-RAWIT-MERAH,99650,1,kg,Nasional PIHPS,2026-09-28,PIHPS Bank Indonesia,https://www.bi.go.id/hargapangan/Website/Home/Index/widget,2026-09-28,Tidak disebutkan pada respons; lihat ketentuan situs,Cabai Rawit Merah,published
PRC-A2FB37E2554A,ING-DAGING-AYAM-RAS-SEGAR,42150,1,kg,Nasional PIHPS,2026-09-28,PIHPS Bank Indonesia,https://www.bi.go.id/hargapangan/Website/Home/Index/widget,2026-09-28,Tidak disebutkan pada respons; lihat ketentuan situs,Daging Ayam Ras Segar,published
PRC-CFBAB5D365D4,ING-DAGING-SAPI-KUALITAS-1,152600,1,kg,Nasional PIHPS,2026-09-28,PIHPS Bank Indonesia,https://www.bi.go.id/hargapangan/Website/Home/Index/widget,2026-09-28,Tidak disebutkan pada respons; lihat ketentuan situs,Daging Sapi Kualitas 1,published
PRC-90B75B4CA1A7,ING-DAGING-SAPI-KUALITAS-2,143300,1,kg,Nasional PIHPS,2026-09-28,PIHPS Bank Indonesia,https://www.bi.go.id/hargapangan/Website/Home/Index/widget,2026-09-28,Tidak disebutkan pada respons; lihat ketentuan situs,Daging Sapi Kualitas 2,published
PRC-E32C940DC027,ING-GULA-PASIR-KUALITAS-PREMIUM,20350,1,kg,Nasional PIHPS,2026-09-28,PIHPS Bank Indonesia,https://www.bi.go.id/hargapangan/Website/Home/Index/widget,2026-09-28,Tidak disebutkan pada respons; lihat ketentuan situs,Gula Pasir Kualitas Premium,published
PRC-59E0EB003453,ING-GULA-PASIR-LOKAL,19150,1,kg,Nasional PIHPS,2026-09-28,PIHPS Bank Indonesia,https://www.bi.go.id/hargapangan/Website/Home/Index/widget,2026-09-28,Tidak disebutkan pada respons; lihat ketentuan situs,Gula Pasir Lokal,published
PRC-3E7A63981653,ING-MINYAK-GORENG-CURAH,20400,1,kg,Nasional PIHPS,2026-09-28,PIHPS Bank Indonesia,https://www.bi.go.id/hargapangan/Website/Home/Index/widget,2026-09-28,Tidak disebutkan pada respons; lihat ketentuan situs,Minyak Goreng Curah,published
PRC-CCB98BDD648F,ING-MINYAK-GORENG-KEMASAN-BERMERK-1,24350,1,kg,Nasional PIHPS,2026-09-28,PIHPS Bank Indonesia,https://www.bi.go.id/hargapangan/Website/Home/Index/widget,2026-09-28,Tidak disebutkan pada respons; lihat ketentuan situs,Minyak Goreng Kemasan Bermerk 1,published
PRC-C2DC27391138,ING-MINYAK-GORENG-KEMASAN-BERMERK-2,23550,1,kg,Nasional PIHPS,2026-09-28,PIHPS Bank Indonesia,https://www.bi.go.id/hargapangan/Website/Home/Index/widget,2026-09-28,Tidak disebutkan pada respons; lihat ketentuan situs,Minyak Goreng Kemasan Bermerk 2,published
PRC-69FA143D566C,ING-TELUR-AYAM-RAS-SEGAR,29950,1,kg,Nasional PIHPS,2026-09-28,PIHPS Bank Indonesia,https://www.bi.go.id/hargapangan/Website/Home/Index/widget,2026-09-28,Tidak disebutkan pada respons; lihat ketentuan situs,Telur Ayam Ras Segar,published
PRC-D807134BC589,ING-ROTI,12000,0.43,kg,Referensi toko daring (non-Garut),2026-10-01,e-Order BPPBJ Jakarta - listing penjual,https://eorder-bppbj.jakarta.go.id/eorder/product/roti-tawar-8028,,Tidak dinyatakan; fakta harga referensi untuk estimasi,Roti Tawar 430 g,retail_reference
PRC-64F4A16013D8,ING-MENTEGA,2086000,9.08,kg,Referensi toko daring (non-Garut),2026-10-01,TokoWahab,https://www.tokowahab.com/mentega-64/mn064/filter/anchor,,Tidak dinyatakan; fakta harga referensi untuk estimasi,"Anchor Pats Salted 40 × 227 g — Referensi harga grosir, stok habis saat ditinjau; estimasi proporsional gram, bukan harga beli satu bungkus di supermarket.",retail_reference
PRC-04C0D24586BD,ING-DAUN-KETUMBAR,26000,0.2,kg,Referensi toko daring (non-Garut),2026-10-01,UbiFresh Pasar Modern BSD,https://www.ubifresh.id/market/pasar-modern-bsd/,,Tidak dinyatakan; fakta harga referensi untuk estimasi,Daun Ketumbar/Daun Wansui 200 g,retail_reference
PRC-1380FD178A95,ING-MERICA,49950,0.1,kg,Referensi toko daring (non-Garut),2026-10-01,Jaya Putra Mandiri / Mbizmarket Bekasi,https://www.mbizmarket.co.id/catalog/detail/merica-bubuk-3125927-6119095.html,,Tidak dinyatakan; fakta harga referensi untuk estimasi,"LADAKU Merica Bubuk 100 g — Harga listing tanpa tanggal publikasi; proksi harga merica generik, bukan harga Garut atau ketersediaan pasti.",retail_reference
PRC-EAE39C476BD7,ING-PARSLEY,6500,0.1,kg,Referensi toko daring (non-Garut),2026-10-01,UbiFresh Pasar Modern BSD,https://www.ubifresh.id/market/pasar-modern-bsd/,,Tidak dinyatakan; fakta harga referensi untuk estimasi,Daun Parsley 100 g,retail_reference
PRC-94F171F9EA5A,ING-LEMON,19200,0.3,kg,Referensi toko daring (non-Garut),2026-10-01,UbiFresh Pasar Modern BSD,https://www.ubifresh.id/market/pasar-modern-bsd/,,Tidak dinyatakan; fakta harga referensi untuk estimasi,"Lemon Lokal 500 g — Estimasi rendemen bagian termakan 60%; massa beli dan harga dikoreksi, bukan menganggap seluruh buah sebagai jus.",retail_reference
PRC-9B70ED8AE9FC,ING-MAIZENA,13400,0.3,kg,Referensi toko daring (non-Garut),2026-10-01,UbiFresh Pasar Modern BSD,https://www.ubifresh.id/market/pasar-modern-bsd/,,Tidak dinyatakan; fakta harga referensi untuk estimasi,Tepung Maizena 300 g,retail_reference
PRC-C28A13678733,ING-GARAM,7161,0.5,kg,Referensi toko daring (non-Garut),2026-10-01,Pasar Segar,https://pasarsegar.co.id/product/garam-cap-kapal/?product_id=10573,,Tidak dinyatakan; fakta harga referensi untuk estimasi,Garam Cap Kapal 500 g,retail_reference
PRC-F1F211D57EBF,ING-JAHE,7700,0.2,kg,Referensi toko daring (non-Garut),2026-10-01,UbiFresh Pasar Modern BSD,https://www.ubifresh.id/market/pasar-modern-bsd/,,Tidak dinyatakan; fakta harga referensi untuk estimasi,Jahe Putih 200 g,retail_reference
PRC-64F319F03D0E,ING-LENGKUAS,5100,0.2,kg,Referensi toko daring (non-Garut),2026-10-01,UbiFresh Pasar Modern BSD,https://www.ubifresh.id/market/pasar-modern-bsd/,,Tidak dinyatakan; fakta harga referensi untuk estimasi,Lengkuas 200 g,retail_reference
PRC-225F6898709E,ING-KUNYIT,5250,0.25,kg,Referensi toko daring (non-Garut),2026-10-01,Pasar Segar - Al Bumbu,https://pasarsegar.co.id/product/kunyit-super-250-grm/?product_id=58791,,Tidak dinyatakan; fakta harga referensi untuk estimasi,Kunyit super 250 g,retail_reference
PRC-BE8269B6E195,ING-KEMIRI,10078,0.1,kg,Referensi toko daring (non-Garut),2026-10-01,Tamarind Indonesia,https://tamarindindonesia.com/shop,,Tidak dinyatakan; fakta harga referensi untuk estimasi,Kemiri vacuum 100 g,retail_reference
PRC-8016F770B938,ING-KETUMBAR-BIJI,14100,0.15,kg,Referensi toko daring (non-Garut),2026-10-01,UbiFresh Pasar Modern BSD,https://www.ubifresh.id/market/pasar-modern-bsd/,,Tidak dinyatakan; fakta harga referensi untuk estimasi,Biji Ketumbar 150 g,retail_reference
PRC-F32DCD0B12DD,ING-SERAI,5600,0.25,kg,Referensi toko daring (non-Garut),2026-10-01,Sayur Kita - Lidah Kulon / GrabMart,https://mart.grab.com/id/id/merchant/sayur-kita-lidah-kulon/6-C22KWBJHMFDDFE,,Tidak dinyatakan; fakta harga referensi untuk estimasi,Sereh / Serai 250 g,retail_reference
PRC-6A8249822E0C,ING-JERUK-NIPIS,8400,0.125,kg,Referensi toko daring (non-Garut),2026-10-01,UbiFresh Pasar Modern BSD,https://www.ubifresh.id/market/pasar-modern-bsd/,,Tidak dinyatakan; fakta harga referensi untuk estimasi,"Jeruk Nipis 250 g — Estimasi bagian jus/daging 50%; harga per gram termakan dikoreksi rendemen ini, bukan dianggap 250 g jus.",retail_reference
PRC-8F0EED82DCB9,ING-DAUN-BAWANG,10000,0.25,kg,Referensi toko daring (non-Garut),2026-10-01,UbiFresh Pasar Modern BSD,https://www.ubifresh.id/market/pasar-modern-bsd/,,Tidak dinyatakan; fakta harga referensi untuk estimasi,Daun Bawang 250 g,retail_reference
PRC-F7D9B8FD2275,ING-MINYAK-ZAITUN,120000,0.225,kg,Referensi toko daring (non-Garut),2026-10-01,Toko Kavaana,https://www.kavaana.com/minyak-zaitun-rs-original.html,,Tidak dinyatakan; fakta harga referensi untuk estimasi,"RS Original 250 ml — Massa estimasi dari 250 ml × densitas 0,9 g/ml, bukan bobot label.",retail_reference
PRC-5136E797FD8F,ING-TERONG,12700,0.5,kg,Referensi toko daring (non-Garut),2026-10-01,UbiFresh Pasar Modern BSD,https://www.ubifresh.id/market/pasar-modern-bsd/,,Tidak dinyatakan; fakta harga referensi untuk estimasi,"Terong Bulat Ungu 500 g — Referensi harga varietas bulat, proksi harga terong generik.",retail_reference
PRC-6B2F7FDC5C55,ING-PAPRIKA-HIJAU,22700,0.3,kg,Referensi toko daring (non-Garut),2026-10-01,UbiFresh Pasar Modern BSD,https://www.ubifresh.id/market/pasar-modern-bsd/,,Tidak dinyatakan; fakta harga referensi untuk estimasi,Paprika Hijau 300 g,retail_reference
PRC-AB8EE484715B,ING-JAMUR-TIRAM,7700,0.2,kg,Referensi toko daring (non-Garut),2026-10-01,UbiFresh Pasar Modern BSD,https://www.ubifresh.id/market/pasar-modern-bsd/,,Tidak dinyatakan; fakta harga referensi untuk estimasi,Jamur Tiram 200 g,retail_reference
PRC-0DD948A5E6BE,ING-MENTIMUN,15200,0.5,kg,Referensi toko daring (non-Garut),2026-10-01,UbiFresh Pasar Modern BSD,https://www.ubifresh.id/market/pasar-modern-bsd/,,Tidak dinyatakan; fakta harga referensi untuk estimasi,Timun Reguler 500 g,retail_reference
PRC-84332CB6326F,ING-KEMANGI,1300,0.05,kg,Referensi toko daring (non-Garut),2026-10-01,UbiFresh Pasar Modern BSD,https://www.ubifresh.id/market/pasar-modern-bsd/,,Tidak dinyatakan; fakta harga referensi untuk estimasi,"Daun Kemangi 1 ikat — Bobot ikat diasumsikan 50 g, bukan bobot label.",retail_reference
PRC-FFB875E786E5,ING-SANTAN,13400,0.2,kg,Referensi toko daring (non-Garut),2026-10-01,UbiFresh Pasar Modern BSD,https://www.ubifresh.id/market/pasar-modern-bsd/,,Tidak dinyatakan; fakta harga referensi untuk estimasi,Santan Kara 200 ml — Asumsi densitas 1 g/ml; kekentalan merek dapat berbeda dari gizi santan generik.,retail_reference
PRC-F03B6FAB354D,ING-SAUS-TIRAM,39600,0.255,kg,Referensi toko daring (non-Garut),2026-10-01,UbiFresh Pasar Modern BSD,https://www.ubifresh.id/market/pasar-modern-bsd/,,Tidak dinyatakan; fakta harga referensi untuk estimasi,Lee Kum Kee Saos Tiram Cap Panda 255 g,retail_reference
PRC-0714FC9FAB62,ING-SAUS-TERIYAKI,25200,0.33,kg,Referensi toko daring (non-Garut),2026-10-01,UbiFresh Pasar Modern BSD,https://www.ubifresh.id/market/pasar-modern-bsd/,,Tidak dinyatakan; fakta harga referensi untuk estimasi,"Saori Saos Teriyaki 275 ml — Asumsi densitas 1,2 g/ml untuk estimasi biaya, bukan bobot label.",retail_reference
PRC-A7B5662591B0,ING-SAUS-TOMAT,42300,0.38533,kg,Referensi toko daring (non-Garut),2026-10-01,Toko Prista / Mbizmarket Mojokerto,https://www.mbizmarket.co.id/catalog/detail/saus-tomat-5849127-9251083.html,,Tidak dinyatakan; fakta harga referensi untuk estimasi,Sasa Saus Tomat 340 ml — Massa estimasi 340 ml × 272/240 g/ml; berat kirim 1 kg pada listing tidak dipakai.,retail_reference
PRC-A136CB0A83B7,ING-MARGARIN,13800,0.2,kg,Referensi toko daring (non-Garut),2026-10-01,UbiFresh Pasar Modern BSD,https://www.ubifresh.id/market/pasar-modern-bsd/,,Tidak dinyatakan; fakta harga referensi untuk estimasi,"Blue Band 200 g — Diklasifikasikan margarin, bukan mentega meskipun judul listing menyebut mentega.",retail_reference
PRC-ECD320DF641C,ING-MINT,16000,0.1,kg,Referensi toko daring (non-Garut),2026-10-01,UbiFresh Pasar Modern BSD,https://www.ubifresh.id/market/pasar-modern-bsd/,,Tidak dinyatakan; fakta harga referensi untuk estimasi,Daun Mint 100 g,retail_reference
PRC-5579D4829537,ING-KEJU-CHEDDAR,31700,0.165,kg,Referensi toko daring (non-Garut),2026-10-01,UbiFresh Pasar Modern BSD,https://www.ubifresh.id/market/pasar-modern-bsd/,,Tidak dinyatakan; fakta harga referensi untuk estimasi,Kraft Keju Cheddar 165 g — Keju olahan sebagai proksi harga cheddar; gizi generik tidak identik SKU.,retail_reference
PRC-BCA192D0D80B,ING-CUMIN,19500,0.1,kg,Referensi toko daring (non-Garut),2026-10-01,UbiFresh Pasar Modern BSD,https://www.ubifresh.id/market/pasar-modern-bsd/,,Tidak dinyatakan; fakta harga referensi untuk estimasi,Jinten 100 g,retail_reference
PRC-F11E1AC4ABBF,ING-PALA,7500,0.01,kg,Referensi toko daring (non-Garut),2026-10-01,UbiFresh Pasar Modern BSD,https://www.ubifresh.id/market/pasar-modern-bsd/,,Tidak dinyatakan; fakta harga referensi untuk estimasi,Biji Pala 10 g,retail_reference
PRC-2D434D3EA99B,ING-PAPRIKA-MERAH,38400,0.5,kg,Referensi toko daring (non-Garut),2026-10-01,UbiFresh Pasar Modern BSD,https://www.ubifresh.id/market/pasar-modern-bsd/,,Tidak dinyatakan; fakta harga referensi untuk estimasi,Paprika Merah 500 g,retail_reference
PRC-68228C664198,ING-ASAM-JAWA,9000,0.15,kg,Referensi toko daring (non-Garut),2026-10-01,UbiFresh Pasar Modern BSD,https://www.ubifresh.id/market/pasar-modern-bsd/,,Tidak dinyatakan; fakta harga referensi untuk estimasi,Asam Jawa Tanpa Biji Cap Gunung 150 g,retail_reference
PRC-CED69AC4B34D,ING-KECAP-ASIN,20800,0.6375,kg,Referensi toko daring (non-Garut),2026-10-01,UbiFresh Pasar Modern BSD,https://www.ubifresh.id/market/pasar-modern-bsd/,,Tidak dinyatakan; fakta harga referensi untuk estimasi,Kecap Asin Cap Hati Angsa 600 ml — Asumsi massa per volume 255 g/cup ≈ 240 ml sesuai profil estimator.,retail_reference
PRC-891C502D753D,ING-KALDU-AYAM-BUBUK,8100,0.108,kg,Referensi toko daring (non-Garut),2026-10-01,UbiFresh Pasar Modern BSD,https://www.ubifresh.id/market/pasar-modern-bsd/,,Tidak dinyatakan; fakta harga referensi untuk estimasi,"Royco Ayam 9 g × 12 — Proksi harga penyedap ayam; gizi memakai bouillon generik, bukan label produk.",retail_reference
PRC-87A21A7194F8,ING-PAPRIKA-BUBUK,266.4,0.001,kg,Referensi toko daring (non-Garut),2026-10-01,PT Kala Revis Nusantara / Mbizmarket Bogor,https://www.mbizmarket.co.id/catalog/detail/paprika-bubuk-5336508-8674330.html,,Tidak dinyatakan; fakta harga referensi untuk estimasi,"Paprika Bubuk dijual per gram — Listing menyatakan dijual per gram; berat kirim 0,01 kg bukan satuan jual.",retail_reference
PRC-A6EF458F1764,ING-DAUN-JERUK,30480,1,kg,Referensi toko daring (non-Garut),2026-10-01,Pasar Segar Grogol,https://pasarsegar.co.id/product/daun-jeruk/,,Tidak dinyatakan; fakta harga referensi untuk estimasi,Daun Jeruk per kg,retail_reference
PRC-AA6E2DE957F0,ING-DAUN-SALAM,5000,0.1,kg,Referensi toko daring (non-Garut),2026-10-01,Pasar Rakyat Bali,https://pasarrakyatbali.com/products/daun-salam-bay-leaf-ikat,,Tidak dinyatakan; fakta harga referensi untuk estimasi,"Daun Salam 100 g — Toko mengumumkan pengiriman dihentikan; harga historis listing, bukan ketersediaan saat ini.",retail_reference
PRC-418D4DF45DF8,ING-KECAP-MANIS,5000,0.078,kg,Referensi toko daring (non-Garut),2026-10-01,Pasar Segar Grogol,https://pasarsegar.co.id/product/bango-kecap-manis-pouch-60-ml-17/,,Tidak dinyatakan; fakta harga referensi untuk estimasi,"Bango Kecap Manis Pouch 60 ml — Asumsi massa 60 ml × 1,3 g/ml sesuai profil estimator, bukan bobot label.",retail_reference
PRC-4F69640B1E2E,ING-KAYU-MANIS,20000,0.05,kg,Referensi toko daring (non-Garut),2026-10-01,Beorganik Official Store,https://beorganik.co.id/product/beorganik-cinnamon-stick-kayu-manis-batang-50gr/,,Tidak dinyatakan; fakta harga referensi untuk estimasi,Beorganik Cinnamon Stick 50 g,retail_reference
PRC-C39E83EB9165,ING-THYME,16000,0.03,kg,Referensi toko daring (non-Garut),2026-10-01,Beorganik Official Store,https://beorganik.co.id/product/beorganik-thyme-dried-thyme-kering/,,Tidak dinyatakan; fakta harga referensi untuk estimasi,Beorganik Thyme Dried SLIM 30 g — Harga varian SLIM 30 g dari variasi produk; bukan varian BIG 105 g.,retail_reference
PRC-54F1D7D7B4D0,ING-MINYAK-WIJEN,18000,0.13625,kg,Referensi toko daring (non-Garut),2026-10-01,Bekawan Store,https://bekawan.store/product/minyak-wijen-150ml/,,Tidak dinyatakan; fakta harga referensi untuk estimasi,Minyak Wijen 150 ml — Massa diasumsikan dari profil minyak 218 g per 240 ml.,retail_reference
PRC-60A5C8268471,ING-TEPUNG-PANIR,5688,0.25,kg,Referensi toko daring (non-Garut),2026-10-01,Titan Baking,https://titanbaking.com/product/detail/tepung-roti-le-chef-putih-250-gr,,Tidak dinyatakan; fakta harga referensi untuk estimasi,Tepung Roti Le Chef Putih 250 g — Listing saat dibuka berbeda dari cuplikan pencarian; memakai harga halaman produk.,retail_reference
PRC-8FCC88587B75,ING-TEPUNG-TAPIOKA,5174,0.5,kg,Referensi toko daring (non-Garut),2026-10-01,Titan Baking,https://titanbaking.com/product/detail/tepung-tapioka-bola-deli-500-gr,,Tidak dinyatakan; fakta harga referensi untuk estimasi,Tepung Tapioka Bola Deli 500 g — Menggunakan berat pada nama/deskripsi 500 g; metadata halaman keliru menulis 500 kg.,retail_reference
