ingredient_code,name,allergens,allergen_status,allergen_source_url,allergen_note
ING-BERAS,Beras,[],reviewed,https://www.food.gov.uk/business-guidance/allergen-guidance-for-food-businesses,Peninjauan internal jenis bahan tunggal untuk 9 kelompok; bukan pemeriksaan label produk atau kontaminasi silang.
ING-TEPUNG-TERIGU,Tepung Terigu,"[""gluten""]",reviewed,https://www.food.gov.uk/business-guidance/allergen-guidance-for-food-businesses,Peninjauan internal jenis bahan tunggal untuk 9 kelompok; bukan pemeriksaan label produk atau kontaminasi silang.
ING-JAGUNG-SEGAR,Jagung Segar,[],reviewed,https://www.food.gov.uk/business-guidance/allergen-guidance-for-food-businesses,Peninjauan internal jenis bahan tunggal untuk 9 kelompok; bukan pemeriksaan label produk atau kontaminasi silang.
ING-BERAS-KETAN,Beras Ketan,[],reviewed,https://www.food.gov.uk/business-guidance/allergen-guidance-for-food-businesses,Peninjauan internal jenis bahan tunggal untuk 9 kelompok; bukan pemeriksaan label produk atau kontaminasi silang.
ING-JAGUNG-PIPIL,Jagung Pipil,[],reviewed,https://www.food.gov.uk/business-guidance/allergen-guidance-for-food-businesses,Peninjauan internal jenis bahan tunggal untuk 9 kelompok; bukan pemeriksaan label produk atau kontaminasi silang.
ING-KENTANG,Kentang,[],reviewed,https://www.food.gov.uk/business-guidance/allergen-guidance-for-food-businesses,Peninjauan internal jenis bahan tunggal untuk 9 kelompok; bukan pemeriksaan label produk atau kontaminasi silang.
ING-SINGKONG,Singkong,[],reviewed,https://www.food.gov.uk/business-guidance/allergen-guidance-for-food-businesses,Peninjauan internal jenis bahan tunggal untuk 9 kelompok; bukan pemeriksaan label produk atau kontaminasi silang.
ING-UBI-JALAR,Ubi Jalar,[],reviewed,https://www.food.gov.uk/business-guidance/allergen-guidance-for-food-businesses,Peninjauan internal jenis bahan tunggal untuk 9 kelompok; bukan pemeriksaan label produk atau kontaminasi silang.
ING-TALAS,Talas,[],reviewed,https://www.food.gov.uk/business-guidance/allergen-guidance-for-food-businesses,Peninjauan internal jenis bahan tunggal untuk 9 kelompok; bukan pemeriksaan label produk atau kontaminasi silang.
ING-SAGU,Sagu,[],reviewed,https://www.food.gov.uk/business-guidance/allergen-guidance-for-food-businesses,Peninjauan internal jenis bahan tunggal untuk 9 kelompok; bukan pemeriksaan label produk atau kontaminasi silang.
ING-IKAN-LELE,Ikan Lele,"[""ikan""]",reviewed,https://www.food.gov.uk/business-guidance/allergen-guidance-for-food-businesses,Peninjauan internal jenis bahan tunggal untuk 9 kelompok; bukan pemeriksaan label produk atau kontaminasi silang.
ING-IKAN-BANDENG,Ikan Bandeng,"[""ikan""]",reviewed,https://www.food.gov.uk/business-guidance/allergen-guidance-for-food-businesses,Peninjauan internal jenis bahan tunggal untuk 9 kelompok; bukan pemeriksaan label produk atau kontaminasi silang.
ING-IKAN-MUJAIR,Ikan Mujair,"[""ikan""]",reviewed,https://www.food.gov.uk/business-guidance/allergen-guidance-for-food-businesses,Peninjauan internal jenis bahan tunggal untuk 9 kelompok; bukan pemeriksaan label produk atau kontaminasi silang.
ING-IKAN-TONGKOL,Ikan Tongkol,"[""ikan""]",reviewed,https://www.food.gov.uk/business-guidance/allergen-guidance-for-food-businesses,Peninjauan internal jenis bahan tunggal untuk 9 kelompok; bukan pemeriksaan label produk atau kontaminasi silang.
ING-IKAN-KEMBUNG,Ikan Kembung,"[""ikan""]",reviewed,https://www.food.gov.uk/business-guidance/allergen-guidance-for-food-businesses,Peninjauan internal jenis bahan tunggal untuk 9 kelompok; bukan pemeriksaan label produk atau kontaminasi silang.
ING-IKAN-TUNA,Ikan Tuna,"[""ikan""]",reviewed,https://www.food.gov.uk/business-guidance/allergen-guidance-for-food-businesses,Peninjauan internal jenis bahan tunggal untuk 9 kelompok; bukan pemeriksaan label produk atau kontaminasi silang.
ING-UDANG,Udang,"[""krustasea""]",reviewed,https://www.food.gov.uk/business-guidance/allergen-guidance-for-food-businesses,Peninjauan internal jenis bahan tunggal untuk 9 kelompok; bukan pemeriksaan label produk atau kontaminasi silang.
ING-CUMI,Cumi,"[""moluska""]",reviewed,https://www.food.gov.uk/business-guidance/allergen-guidance-for-food-businesses,Peninjauan internal jenis bahan tunggal untuk 9 kelompok; bukan pemeriksaan label produk atau kontaminasi silang.
ING-DAGING-AYAM,Daging Ayam,[],reviewed,https://www.food.gov.uk/business-guidance/allergen-guidance-for-food-businesses,Peninjauan internal jenis bahan tunggal untuk 9 kelompok; bukan pemeriksaan label produk atau kontaminasi silang.
ING-DAGING-SAPI,Daging Sapi,[],reviewed,https://www.food.gov.uk/business-guidance/allergen-guidance-for-food-businesses,Peninjauan internal jenis bahan tunggal untuk 9 kelompok; bukan pemeriksaan label produk atau kontaminasi silang.
ING-DAGING-AYAM-KAMPUNG,Daging Ayam Kampung,[],reviewed,https://www.food.gov.uk/business-guidance/allergen-guidance-for-food-businesses,Peninjauan internal jenis bahan tunggal untuk 9 kelompok; bukan pemeriksaan label produk atau kontaminasi silang.
ING-TELUR-AYAM,Telur Ayam,"[""telur""]",reviewed,https://www.food.gov.uk/business-guidance/allergen-guidance-for-food-businesses,Peninjauan internal jenis bahan tunggal untuk 9 kelompok; bukan pemeriksaan label produk atau kontaminasi silang.
ING-TELUR-AYAM-KAMPUNG,Telur Ayam Kampung,"[""telur""]",reviewed,https://www.food.gov.uk/business-guidance/allergen-guidance-for-food-businesses,Peninjauan internal jenis bahan tunggal untuk 9 kelompok; bukan pemeriksaan label produk atau kontaminasi silang.
ING-TELUR-PUYUH,Telur Puyuh,"[""telur""]",reviewed,https://www.food.gov.uk/business-guidance/allergen-guidance-for-food-businesses,Peninjauan internal jenis bahan tunggal untuk 9 kelompok; bukan pemeriksaan label produk atau kontaminasi silang.
ING-SUSU-SAPI-SEGAR,Susu Sapi Segar,"[""susu""]",reviewed,https://www.food.gov.uk/business-guidance/allergen-guidance-for-food-businesses,Peninjauan internal jenis bahan tunggal untuk 9 kelompok; bukan pemeriksaan label produk atau kontaminasi silang.
ING-TOMAT,Tomat,[],reviewed,https://www.food.gov.uk/business-guidance/allergen-guidance-for-food-businesses,Peninjauan internal jenis bahan tunggal untuk 9 kelompok; bukan pemeriksaan label produk atau kontaminasi silang.
ING-BAYAM,Bayam,[],reviewed,https://www.food.gov.uk/business-guidance/allergen-guidance-for-food-businesses,Peninjauan internal jenis bahan tunggal untuk 9 kelompok; bukan pemeriksaan label produk atau kontaminasi silang.
ING-KANGKUNG,Kangkung,[],reviewed,https://www.food.gov.uk/business-guidance/allergen-guidance-for-food-businesses,Peninjauan internal jenis bahan tunggal untuk 9 kelompok; bukan pemeriksaan label produk atau kontaminasi silang.
ING-KACANG-PANJANG,Kacang Panjang,[],reviewed,https://www.food.gov.uk/business-guidance/allergen-guidance-for-food-businesses,Peninjauan internal jenis bahan tunggal untuk 9 kelompok; bukan pemeriksaan label produk atau kontaminasi silang.
ING-SAWI-HIJAU,Sawi Hijau,[],reviewed,https://www.food.gov.uk/business-guidance/allergen-guidance-for-food-businesses,Peninjauan internal jenis bahan tunggal untuk 9 kelompok; bukan pemeriksaan label produk atau kontaminasi silang.
ING-TERONG,Terong,[],reviewed,https://www.food.gov.uk/business-guidance/allergen-guidance-for-food-businesses,Peninjauan internal jenis bahan tunggal untuk 9 kelompok; bukan pemeriksaan label produk atau kontaminasi silang.
ING-BUNCIS,Buncis,[],reviewed,https://www.food.gov.uk/business-guidance/allergen-guidance-for-food-businesses,Peninjauan internal jenis bahan tunggal untuk 9 kelompok; bukan pemeriksaan label produk atau kontaminasi silang.
ING-TAUGE,Tauge,[],unknown,https://www.food.gov.uk/business-guidance/allergen-guidance-for-food-businesses,"Komposisi produk belum diverifikasi; kelompok tercantum adalah potensi, bukan klaim komposisi aktual. Resep dikecualikan saat alergi aktif."
ING-DAUN-KETELA-POHON,Daun Ketela Pohon,[],reviewed,https://www.food.gov.uk/business-guidance/allergen-guidance-for-food-businesses,Peninjauan internal jenis bahan tunggal untuk 9 kelompok; bukan pemeriksaan label produk atau kontaminasi silang.
ING-PAKCOY,Pakcoy,[],reviewed,https://www.food.gov.uk/business-guidance/allergen-guidance-for-food-businesses,Peninjauan internal jenis bahan tunggal untuk 9 kelompok; bukan pemeriksaan label produk atau kontaminasi silang.
ING-LABU-SIAM,Labu Siam,[],reviewed,https://www.food.gov.uk/business-guidance/allergen-guidance-for-food-businesses,Peninjauan internal jenis bahan tunggal untuk 9 kelompok; bukan pemeriksaan label produk atau kontaminasi silang.
ING-KUBIS,Kubis,[],reviewed,https://www.food.gov.uk/business-guidance/allergen-guidance-for-food-businesses,Peninjauan internal jenis bahan tunggal untuk 9 kelompok; bukan pemeriksaan label produk atau kontaminasi silang.
ING-MENTIMUN,Mentimun,[],reviewed,https://www.food.gov.uk/business-guidance/allergen-guidance-for-food-businesses,Peninjauan internal jenis bahan tunggal untuk 9 kelompok; bukan pemeriksaan label produk atau kontaminasi silang.
ING-SAWI-PUTIH,Sawi Putih,[],reviewed,https://www.food.gov.uk/business-guidance/allergen-guidance-for-food-businesses,Peninjauan internal jenis bahan tunggal untuk 9 kelompok; bukan pemeriksaan label produk atau kontaminasi silang.
ING-SELADA,Selada,[],reviewed,https://www.food.gov.uk/business-guidance/allergen-guidance-for-food-businesses,Peninjauan internal jenis bahan tunggal untuk 9 kelompok; bukan pemeriksaan label produk atau kontaminasi silang.
ING-WORTEL,Wortel,[],reviewed,https://www.food.gov.uk/business-guidance/allergen-guidance-for-food-businesses,Peninjauan internal jenis bahan tunggal untuk 9 kelompok; bukan pemeriksaan label produk atau kontaminasi silang.
ING-JAMUR-TIRAM,Jamur Tiram,[],reviewed,https://www.food.gov.uk/business-guidance/allergen-guidance-for-food-businesses,Peninjauan internal jenis bahan tunggal untuk 9 kelompok; bukan pemeriksaan label produk atau kontaminasi silang.
ING-KEMBANG-KOL,Kembang Kol,[],reviewed,https://www.food.gov.uk/business-guidance/allergen-guidance-for-food-businesses,Peninjauan internal jenis bahan tunggal untuk 9 kelompok; bukan pemeriksaan label produk atau kontaminasi silang.
ING-BAWANG-MERAH,Bawang Merah,[],reviewed,https://www.food.gov.uk/business-guidance/allergen-guidance-for-food-businesses,Peninjauan internal jenis bahan tunggal untuk 9 kelompok; bukan pemeriksaan label produk atau kontaminasi silang.
ING-CABE-MERAH,Cabe Merah,[],reviewed,https://www.food.gov.uk/business-guidance/allergen-guidance-for-food-businesses,Peninjauan internal jenis bahan tunggal untuk 9 kelompok; bukan pemeriksaan label produk atau kontaminasi silang.
ING-BAWANG-PUTIH,Bawang Putih,[],reviewed,https://www.food.gov.uk/business-guidance/allergen-guidance-for-food-businesses,Peninjauan internal jenis bahan tunggal untuk 9 kelompok; bukan pemeriksaan label produk atau kontaminasi silang.
ING-CABE-RAWIT,Cabe Rawit,[],reviewed,https://www.food.gov.uk/business-guidance/allergen-guidance-for-food-businesses,Peninjauan internal jenis bahan tunggal untuk 9 kelompok; bukan pemeriksaan label produk atau kontaminasi silang.
ING-KACANG-KEDELAI,Kacang Kedelai,"[""kedelai""]",reviewed,https://www.food.gov.uk/business-guidance/allergen-guidance-for-food-businesses,Peninjauan internal jenis bahan tunggal untuk 9 kelompok; bukan pemeriksaan label produk atau kontaminasi silang.
ING-KACANG-TANAH,Kacang Tanah,"[""kacang_tanah""]",reviewed,https://www.food.gov.uk/business-guidance/allergen-guidance-for-food-businesses,Peninjauan internal jenis bahan tunggal untuk 9 kelompok; bukan pemeriksaan label produk atau kontaminasi silang.
ING-JERUK,Jeruk,[],reviewed,https://www.food.gov.uk/business-guidance/allergen-guidance-for-food-businesses,Peninjauan internal jenis bahan tunggal untuk 9 kelompok; bukan pemeriksaan label produk atau kontaminasi silang.
ING-PISANG,Pisang,[],reviewed,https://www.food.gov.uk/business-guidance/allergen-guidance-for-food-businesses,Peninjauan internal jenis bahan tunggal untuk 9 kelompok; bukan pemeriksaan label produk atau kontaminasi silang.
ING-APEL,Apel,[],reviewed,https://www.food.gov.uk/business-guidance/allergen-guidance-for-food-businesses,Peninjauan internal jenis bahan tunggal untuk 9 kelompok; bukan pemeriksaan label produk atau kontaminasi silang.
ING-PEPAYA,Pepaya,[],reviewed,https://www.food.gov.uk/business-guidance/allergen-guidance-for-food-businesses,Peninjauan internal jenis bahan tunggal untuk 9 kelompok; bukan pemeriksaan label produk atau kontaminasi silang.
ING-SEMANGKA,Semangka,[],reviewed,https://www.food.gov.uk/business-guidance/allergen-guidance-for-food-businesses,Peninjauan internal jenis bahan tunggal untuk 9 kelompok; bukan pemeriksaan label produk atau kontaminasi silang.
ING-SALAK,Salak,[],reviewed,https://www.food.gov.uk/business-guidance/allergen-guidance-for-food-businesses,Peninjauan internal jenis bahan tunggal untuk 9 kelompok; bukan pemeriksaan label produk atau kontaminasi silang.
ING-MANGGA,Mangga,[],reviewed,https://www.food.gov.uk/business-guidance/allergen-guidance-for-food-businesses,Peninjauan internal jenis bahan tunggal untuk 9 kelompok; bukan pemeriksaan label produk atau kontaminasi silang.
ING-NANAS-MADU,Nanas Madu,[],reviewed,https://www.food.gov.uk/business-guidance/allergen-guidance-for-food-businesses,Peninjauan internal jenis bahan tunggal untuk 9 kelompok; bukan pemeriksaan label produk atau kontaminasi silang.
ING-BUAH-NAGA,Buah Naga,[],reviewed,https://www.food.gov.uk/business-guidance/allergen-guidance-for-food-businesses,Peninjauan internal jenis bahan tunggal untuk 9 kelompok; bukan pemeriksaan label produk atau kontaminasi silang.
ING-JAMBU-BIJI,Jambu Biji,[],reviewed,https://www.food.gov.uk/business-guidance/allergen-guidance-for-food-businesses,Peninjauan internal jenis bahan tunggal untuk 9 kelompok; bukan pemeriksaan label produk atau kontaminasi silang.
ING-MELON,Melon,[],reviewed,https://www.food.gov.uk/business-guidance/allergen-guidance-for-food-businesses,Peninjauan internal jenis bahan tunggal untuk 9 kelompok; bukan pemeriksaan label produk atau kontaminasi silang.
ING-ANGGUR-MERAH,Anggur Merah,[],reviewed,https://www.food.gov.uk/business-guidance/allergen-guidance-for-food-businesses,Peninjauan internal jenis bahan tunggal untuk 9 kelompok; bukan pemeriksaan label produk atau kontaminasi silang.
ING-MINYAK-GORENG,Minyak Goreng,[],unknown,https://www.food.gov.uk/business-guidance/allergen-guidance-for-food-businesses,"Komposisi produk belum diverifikasi; kelompok tercantum adalah potensi, bukan klaim komposisi aktual. Resep dikecualikan saat alergi aktif."
ING-KELAPA,Kelapa,[],reviewed,https://www.food.gov.uk/business-guidance/allergen-guidance-for-food-businesses,Peninjauan internal jenis bahan tunggal untuk 9 kelompok; bukan pemeriksaan label produk atau kontaminasi silang.
ING-MINYAK-KELAPA,Minyak Kelapa,[],reviewed,https://www.food.gov.uk/business-guidance/allergen-guidance-for-food-businesses,Peninjauan internal jenis bahan tunggal untuk 9 kelompok; bukan pemeriksaan label produk atau kontaminasi silang.
ING-TAHU-PUTIH,Tahu Putih,"[""kedelai""]",reviewed,https://www.food.gov.uk/business-guidance/allergen-guidance-for-food-businesses,Peninjauan internal jenis bahan tunggal untuk 9 kelompok; bukan pemeriksaan label produk atau kontaminasi silang.
ING-TEMPE,Tempe,"[""kedelai""]",reviewed,https://www.food.gov.uk/business-guidance/allergen-guidance-for-food-businesses,Peninjauan internal jenis bahan tunggal untuk 9 kelompok; bukan pemeriksaan label produk atau kontaminasi silang.
ING-GARAM,Garam,[],reviewed,https://www.food.gov.uk/business-guidance/allergen-guidance-for-food-businesses,Peninjauan internal jenis bahan tunggal untuk 9 kelompok; bukan pemeriksaan label produk atau kontaminasi silang.
ING-GULA-PASIR,Gula Pasir,[],reviewed,https://www.food.gov.uk/business-guidance/allergen-guidance-for-food-businesses,Peninjauan internal jenis bahan tunggal untuk 9 kelompok; bukan pemeriksaan label produk atau kontaminasi silang.
ING-GULA-MERAH,Gula Merah,[],reviewed,https://www.food.gov.uk/business-guidance/allergen-guidance-for-food-businesses,Peninjauan internal jenis bahan tunggal untuk 9 kelompok; bukan pemeriksaan label produk atau kontaminasi silang.
ING-BAWANG-BOMBAY,Bawang Bombay,[],reviewed,https://www.food.gov.uk/business-guidance/allergen-guidance-for-food-businesses,Peninjauan internal jenis bahan tunggal untuk 9 kelompok; bukan pemeriksaan label produk atau kontaminasi silang.
ING-KACANG-HIJAU,Kacang Hijau,[],reviewed,https://www.food.gov.uk/business-guidance/allergen-guidance-for-food-businesses,Peninjauan internal jenis bahan tunggal untuk 9 kelompok; bukan pemeriksaan label produk atau kontaminasi silang.
ING-AIR,Air,[],reviewed,https://www.food.gov.uk/business-guidance/allergen-guidance-for-food-businesses,Peninjauan internal jenis bahan tunggal untuk 9 kelompok; bukan pemeriksaan label produk atau kontaminasi silang.
ING-BERAS-PREMIUM,Beras Premium,[],reviewed,https://www.food.gov.uk/business-guidance/allergen-guidance-for-food-businesses,Peninjauan internal jenis bahan tunggal untuk 9 kelompok; bukan pemeriksaan label produk atau kontaminasi silang.
ING-BERAS-MEDIUM,Beras Medium,[],reviewed,https://www.food.gov.uk/business-guidance/allergen-guidance-for-food-businesses,Peninjauan internal jenis bahan tunggal untuk 9 kelompok; bukan pemeriksaan label produk atau kontaminasi silang.
ING-BERAS-TERMAHAL,Beras Termahal,[],reviewed,https://www.food.gov.uk/business-guidance/allergen-guidance-for-food-businesses,Peninjauan internal jenis bahan tunggal untuk 9 kelompok; bukan pemeriksaan label produk atau kontaminasi silang.
ING-BERAS-TERMURAH-NON-BULOG,Beras Termurah (Non Bulog),[],reviewed,https://www.food.gov.uk/business-guidance/allergen-guidance-for-food-businesses,Peninjauan internal jenis bahan tunggal untuk 9 kelompok; bukan pemeriksaan label produk atau kontaminasi silang.
ING-GULA-PASIR-DALAM-NEGERI,Gula Pasir Dalam Negeri,[],reviewed,https://www.food.gov.uk/business-guidance/allergen-guidance-for-food-businesses,Peninjauan internal jenis bahan tunggal untuk 9 kelompok; bukan pemeriksaan label produk atau kontaminasi silang.
ING-MINYAK-GORENG-BIMOLI-KEMASAN,Minyak Goreng Bimoli Kemasan,[],unknown,https://www.food.gov.uk/business-guidance/allergen-guidance-for-food-businesses,"Komposisi produk belum diverifikasi; kelompok tercantum adalah potensi, bukan klaim komposisi aktual. Resep dikecualikan saat alergi aktif."
ING-MINYAK-GORENG-CURAH,Minyak Goreng Curah,[],unknown,https://www.food.gov.uk/business-guidance/allergen-guidance-for-food-businesses,"Komposisi produk belum diverifikasi; kelompok tercantum adalah potensi, bukan klaim komposisi aktual. Resep dikecualikan saat alergi aktif."
ING-MINYAK-GORENG-KEMASAN-SEDERHANA,Minyak Goreng Kemasan Sederhana,[],unknown,https://www.food.gov.uk/business-guidance/allergen-guidance-for-food-businesses,"Komposisi produk belum diverifikasi; kelompok tercantum adalah potensi, bukan klaim komposisi aktual. Resep dikecualikan saat alergi aktif."
ING-DAGING-AYAM-BROILER,Daging Ayam Broiler,[],reviewed,https://www.food.gov.uk/business-guidance/allergen-guidance-for-food-businesses,Peninjauan internal jenis bahan tunggal untuk 9 kelompok; bukan pemeriksaan label produk atau kontaminasi silang.
ING-TELUR-AYAM-BROILER,Telur Ayam Broiler,"[""telur""]",reviewed,https://www.food.gov.uk/business-guidance/allergen-guidance-for-food-businesses,Peninjauan internal jenis bahan tunggal untuk 9 kelompok; bukan pemeriksaan label produk atau kontaminasi silang.
ING-SUSU-KENTAL-MANIS-MERK-BENDERA,Susu Kental Manis Merk bendera,"[""susu""]",unknown,https://www.food.gov.uk/business-guidance/allergen-guidance-for-food-businesses,"Komposisi produk belum diverifikasi; kelompok tercantum adalah potensi, bukan klaim komposisi aktual. Resep dikecualikan saat alergi aktif."
ING-SUSU-KENTAL-MANIS-MERK-INDOMILK,Susu Kental Manis Merk Indomilk,"[""susu""]",unknown,https://www.food.gov.uk/business-guidance/allergen-guidance-for-food-businesses,"Komposisi produk belum diverifikasi; kelompok tercantum adalah potensi, bukan klaim komposisi aktual. Resep dikecualikan saat alergi aktif."
ING-SUSU-BUBUK-DANCOW,Susu Bubuk Dancow,"[""susu""]",unknown,https://www.food.gov.uk/business-guidance/allergen-guidance-for-food-businesses,"Komposisi produk belum diverifikasi; kelompok tercantum adalah potensi, bukan klaim komposisi aktual. Resep dikecualikan saat alergi aktif."
ING-SUSU-BUBUK-INDOMILK,Susu Bubuk Indomilk,"[""susu""]",unknown,https://www.food.gov.uk/business-guidance/allergen-guidance-for-food-businesses,"Komposisi produk belum diverifikasi; kelompok tercantum adalah potensi, bukan klaim komposisi aktual. Resep dikecualikan saat alergi aktif."
ING-JAGUNG-PIPILAN,Jagung Pipilan,[],reviewed,https://www.food.gov.uk/business-guidance/allergen-guidance-for-food-businesses,Peninjauan internal jenis bahan tunggal untuk 9 kelompok; bukan pemeriksaan label produk atau kontaminasi silang.
ING-GARAM-BERYODIUM-BATA,Garam Beryodium Bata,[],reviewed,https://www.food.gov.uk/business-guidance/allergen-guidance-for-food-businesses,Peninjauan internal jenis bahan tunggal untuk 9 kelompok; bukan pemeriksaan label produk atau kontaminasi silang.
ING-GARAM-BERYODIUM-HALUS,Garam Beryodium Halus,[],reviewed,https://www.food.gov.uk/business-guidance/allergen-guidance-for-food-businesses,Peninjauan internal jenis bahan tunggal untuk 9 kelompok; bukan pemeriksaan label produk atau kontaminasi silang.
ING-TEPUNG-TERIGU-CAP-SEGITIGA-BIRU,Tepung Terigu Cap Segitiga Biru,"[""gluten""]",reviewed,https://www.food.gov.uk/business-guidance/allergen-guidance-for-food-businesses,Peninjauan internal jenis bahan tunggal untuk 9 kelompok; bukan pemeriksaan label produk atau kontaminasi silang.
ING-TEPUNG-TERIGU-CAP-CAKRA-KEMBAR,Tepung Terigu Cap Cakra Kembar,"[""gluten""]",reviewed,https://www.food.gov.uk/business-guidance/allergen-guidance-for-food-businesses,Peninjauan internal jenis bahan tunggal untuk 9 kelompok; bukan pemeriksaan label produk atau kontaminasi silang.
ING-TEPUNG-TERIGU-CAP-KUNCI,Tepung Terigu Cap Kunci,"[""gluten""]",reviewed,https://www.food.gov.uk/business-guidance/allergen-guidance-for-food-businesses,Peninjauan internal jenis bahan tunggal untuk 9 kelompok; bukan pemeriksaan label produk atau kontaminasi silang.
ING-KACANG-KEDELAI-IMPOR,Kacang Kedelai Impor,"[""kedelai""]",reviewed,https://www.food.gov.uk/business-guidance/allergen-guidance-for-food-businesses,Peninjauan internal jenis bahan tunggal untuk 9 kelompok; bukan pemeriksaan label produk atau kontaminasi silang.
ING-MIE-INSTAN,Mie Instan,"[""gluten"",""telur"",""kedelai""]",unknown,https://www.food.gov.uk/business-guidance/allergen-guidance-for-food-businesses,"Komposisi produk belum diverifikasi; kelompok tercantum adalah potensi, bukan klaim komposisi aktual. Resep dikecualikan saat alergi aktif."
ING-CABAI-MERAH-KERITING,Cabe Merah Keriting,[],reviewed,https://www.food.gov.uk/business-guidance/allergen-guidance-for-food-businesses,Peninjauan internal jenis bahan tunggal untuk 9 kelompok; bukan pemeriksaan label produk atau kontaminasi silang.
ING-CABE-MERAH-BIASA,Cabe Merah Biasa,[],reviewed,https://www.food.gov.uk/business-guidance/allergen-guidance-for-food-businesses,Peninjauan internal jenis bahan tunggal untuk 9 kelompok; bukan pemeriksaan label produk atau kontaminasi silang.
ING-CABAI-RAWIT-HIJAU,Cabe Rawit Hijau,[],reviewed,https://www.food.gov.uk/business-guidance/allergen-guidance-for-food-businesses,Peninjauan internal jenis bahan tunggal untuk 9 kelompok; bukan pemeriksaan label produk atau kontaminasi silang.
ING-CABAI-RAWIT-MERAH,Cabe Rawit Merah,[],reviewed,https://www.food.gov.uk/business-guidance/allergen-guidance-for-food-businesses,Peninjauan internal jenis bahan tunggal untuk 9 kelompok; bukan pemeriksaan label produk atau kontaminasi silang.
ING-IKAN-ASIN-TERI-NO-2,Ikan Asin Teri No. 2,"[""ikan""]",unknown,https://www.food.gov.uk/business-guidance/allergen-guidance-for-food-businesses,"Komposisi produk belum diverifikasi; kelompok tercantum adalah potensi, bukan klaim komposisi aktual. Resep dikecualikan saat alergi aktif."
ING-JAGUNG-MANIS,Jagung Manis,[],reviewed,https://www.food.gov.uk/business-guidance/allergen-guidance-for-food-businesses,Peninjauan internal jenis bahan tunggal untuk 9 kelompok; bukan pemeriksaan label produk atau kontaminasi silang.
ING-TEPUNG-TERIGU-CURAH,Tepung Terigu Curah,"[""gluten""]",reviewed,https://www.food.gov.uk/business-guidance/allergen-guidance-for-food-businesses,Peninjauan internal jenis bahan tunggal untuk 9 kelompok; bukan pemeriksaan label produk atau kontaminasi silang.
ING-IKAN-SEGAR-TONGKOL-TUNA-CAKALANG,Ikan Segar Tongkol/Tuna/Cakalang,"[""ikan""]",reviewed,https://www.food.gov.uk/business-guidance/allergen-guidance-for-food-businesses,Peninjauan internal jenis bahan tunggal untuk 9 kelompok; bukan pemeriksaan label produk atau kontaminasi silang.
ING-CABE-HIJAU-BIASA,Cabe Hijau Biasa,[],reviewed,https://www.food.gov.uk/business-guidance/allergen-guidance-for-food-businesses,Peninjauan internal jenis bahan tunggal untuk 9 kelompok; bukan pemeriksaan label produk atau kontaminasi silang.
ING-TOMAT-HIJAU,Tomat Hijau,[],reviewed,https://www.food.gov.uk/business-guidance/allergen-guidance-for-food-businesses,Peninjauan internal jenis bahan tunggal untuk 9 kelompok; bukan pemeriksaan label produk atau kontaminasi silang.
ING-MINYAK-KITA,Minyak Kita,[],unknown,https://www.food.gov.uk/business-guidance/allergen-guidance-for-food-businesses,"Komposisi produk belum diverifikasi; kelompok tercantum adalah potensi, bukan klaim komposisi aktual. Resep dikecualikan saat alergi aktif."
ING-IKAN-MAS,Ikan Mas,"[""ikan""]",reviewed,https://www.food.gov.uk/business-guidance/allergen-guidance-for-food-businesses,Peninjauan internal jenis bahan tunggal untuk 9 kelompok; bukan pemeriksaan label produk atau kontaminasi silang.
ING-UBI-JALAR-PUTIH,Ubi Jalar Putih,[],reviewed,https://www.food.gov.uk/business-guidance/allergen-guidance-for-food-businesses,Peninjauan internal jenis bahan tunggal untuk 9 kelompok; bukan pemeriksaan label produk atau kontaminasi silang.
ING-SUSU-BALITA-SGM-400GR,Susu Balita SGM 400Gr,"[""susu""]",unknown,https://www.food.gov.uk/business-guidance/allergen-guidance-for-food-businesses,"Komposisi produk belum diverifikasi; kelompok tercantum adalah potensi, bukan klaim komposisi aktual. Resep dikecualikan saat alergi aktif."
ING-DAGING-SAPI-LOKAL-TETELAN,"Daging Sapi, Lokal, Tetelan",[],reviewed,https://www.food.gov.uk/business-guidance/allergen-guidance-for-food-businesses,Peninjauan internal jenis bahan tunggal untuk 9 kelompok; bukan pemeriksaan label produk atau kontaminasi silang.
ING-DAGING-SAPI-LOKAL-PAHA-DEPAN,"Daging Sapi, Lokal, Paha Depan",[],reviewed,https://www.food.gov.uk/business-guidance/allergen-guidance-for-food-businesses,Peninjauan internal jenis bahan tunggal untuk 9 kelompok; bukan pemeriksaan label produk atau kontaminasi silang.
ING-DAGING-SAPI-LOKAL-PAHA-BELAKANG,"Daging Sapi, Lokal, Paha Belakang",[],reviewed,https://www.food.gov.uk/business-guidance/allergen-guidance-for-food-businesses,Peninjauan internal jenis bahan tunggal untuk 9 kelompok; bukan pemeriksaan label produk atau kontaminasi silang.
ING-DAGING-SAPI-LOKAL-HAS-DALAM,"Daging Sapi, Lokal, Has Dalam",[],reviewed,https://www.food.gov.uk/business-guidance/allergen-guidance-for-food-businesses,Peninjauan internal jenis bahan tunggal untuk 9 kelompok; bukan pemeriksaan label produk atau kontaminasi silang.
ING-DAGING-SAPI-LOKAL-HAS-LUAR,"Daging Sapi, Lokal, Has Luar",[],reviewed,https://www.food.gov.uk/business-guidance/allergen-guidance-for-food-businesses,Peninjauan internal jenis bahan tunggal untuk 9 kelompok; bukan pemeriksaan label produk atau kontaminasi silang.
ING-SUSU-KOTAK,Susu Kotak,"[""susu""]",unknown,https://www.food.gov.uk/business-guidance/allergen-guidance-for-food-businesses,"Komposisi produk belum diverifikasi; kelompok tercantum adalah potensi, bukan klaim komposisi aktual. Resep dikecualikan saat alergi aktif."
ING-ANGGUR,Anggur,[],reviewed,https://www.food.gov.uk/business-guidance/allergen-guidance-for-food-businesses,Peninjauan internal jenis bahan tunggal untuk 9 kelompok; bukan pemeriksaan label produk atau kontaminasi silang.
ING-LECI,Leci,[],reviewed,https://www.food.gov.uk/business-guidance/allergen-guidance-for-food-businesses,Peninjauan internal jenis bahan tunggal untuk 9 kelompok; bukan pemeriksaan label produk atau kontaminasi silang.
ING-LENGKENG,Lengkeng,[],reviewed,https://www.food.gov.uk/business-guidance/allergen-guidance-for-food-businesses,Peninjauan internal jenis bahan tunggal untuk 9 kelompok; bukan pemeriksaan label produk atau kontaminasi silang.
ING-IKAN-DORI,Ikan Dori,"[""ikan""]",reviewed,https://www.food.gov.uk/business-guidance/allergen-guidance-for-food-businesses,Peninjauan internal jenis bahan tunggal untuk 9 kelompok; bukan pemeriksaan label produk atau kontaminasi silang.
ING-KOL,Kol,[],reviewed,https://www.food.gov.uk/business-guidance/allergen-guidance-for-food-businesses,Peninjauan internal jenis bahan tunggal untuk 9 kelompok; bukan pemeriksaan label produk atau kontaminasi silang.
ING-TIMUN,Timun,[],reviewed,https://www.food.gov.uk/business-guidance/allergen-guidance-for-food-businesses,Peninjauan internal jenis bahan tunggal untuk 9 kelompok; bukan pemeriksaan label produk atau kontaminasi silang.
ING-ROTI,Roti Putih,"[""gluten"",""telur"",""susu"",""kedelai""]",unknown,https://www.food.gov.uk/business-guidance/allergen-guidance-for-food-businesses,"Komposisi produk belum diverifikasi; kelompok tercantum adalah potensi, bukan klaim komposisi aktual. Resep dikecualikan saat alergi aktif."
ING-TAHU-MENTAH-PCS,Tahu Mentah / pcs,"[""kedelai""]",reviewed,https://www.food.gov.uk/business-guidance/allergen-guidance-for-food-businesses,Peninjauan internal jenis bahan tunggal untuk 9 kelompok; bukan pemeriksaan label produk atau kontaminasi silang.
ING-TEMPE-PCS,Tempe / pcs,"[""kedelai""]",reviewed,https://www.food.gov.uk/business-guidance/allergen-guidance-for-food-businesses,Peninjauan internal jenis bahan tunggal untuk 9 kelompok; bukan pemeriksaan label produk atau kontaminasi silang.
ING-BAWANG-MERAH-UKURAN-SEDANG,Bawang Merah Ukuran Sedang,[],reviewed,https://www.food.gov.uk/business-guidance/allergen-guidance-for-food-businesses,Peninjauan internal jenis bahan tunggal untuk 9 kelompok; bukan pemeriksaan label produk atau kontaminasi silang.
ING-BAWANG-PUTIH-UKURAN-SEDANG,Bawang Putih Ukuran Sedang,[],reviewed,https://www.food.gov.uk/business-guidance/allergen-guidance-for-food-businesses,Peninjauan internal jenis bahan tunggal untuk 9 kelompok; bukan pemeriksaan label produk atau kontaminasi silang.
ING-BERAS-KUALITAS-BAWAH-I,Beras Kualitas Bawah I,[],reviewed,https://www.food.gov.uk/business-guidance/allergen-guidance-for-food-businesses,Peninjauan internal jenis bahan tunggal untuk 9 kelompok; bukan pemeriksaan label produk atau kontaminasi silang.
ING-BERAS-KUALITAS-BAWAH-II,Beras Kualitas Bawah II,[],reviewed,https://www.food.gov.uk/business-guidance/allergen-guidance-for-food-businesses,Peninjauan internal jenis bahan tunggal untuk 9 kelompok; bukan pemeriksaan label produk atau kontaminasi silang.
ING-BERAS-KUALITAS-MEDIUM-I,Beras Kualitas Medium I,[],reviewed,https://www.food.gov.uk/business-guidance/allergen-guidance-for-food-businesses,Peninjauan internal jenis bahan tunggal untuk 9 kelompok; bukan pemeriksaan label produk atau kontaminasi silang.
ING-BERAS-KUALITAS-MEDIUM-II,Beras Kualitas Medium II,[],reviewed,https://www.food.gov.uk/business-guidance/allergen-guidance-for-food-businesses,Peninjauan internal jenis bahan tunggal untuk 9 kelompok; bukan pemeriksaan label produk atau kontaminasi silang.
ING-BERAS-KUALITAS-SUPER-I,Beras Kualitas Super I,[],reviewed,https://www.food.gov.uk/business-guidance/allergen-guidance-for-food-businesses,Peninjauan internal jenis bahan tunggal untuk 9 kelompok; bukan pemeriksaan label produk atau kontaminasi silang.
ING-BERAS-KUALITAS-SUPER-II,Beras Kualitas Super II,[],reviewed,https://www.food.gov.uk/business-guidance/allergen-guidance-for-food-businesses,Peninjauan internal jenis bahan tunggal untuk 9 kelompok; bukan pemeriksaan label produk atau kontaminasi silang.
ING-CABAI-MERAH-BESAR,Cabai Merah Besar,[],reviewed,https://www.food.gov.uk/business-guidance/allergen-guidance-for-food-businesses,Peninjauan internal jenis bahan tunggal untuk 9 kelompok; bukan pemeriksaan label produk atau kontaminasi silang.
ING-DAGING-AYAM-RAS-SEGAR,Daging Ayam Ras Segar,[],reviewed,https://www.food.gov.uk/business-guidance/allergen-guidance-for-food-businesses,Peninjauan internal jenis bahan tunggal untuk 9 kelompok; bukan pemeriksaan label produk atau kontaminasi silang.
ING-DAGING-SAPI-KUALITAS-1,Daging Sapi Kualitas 1,[],reviewed,https://www.food.gov.uk/business-guidance/allergen-guidance-for-food-businesses,Peninjauan internal jenis bahan tunggal untuk 9 kelompok; bukan pemeriksaan label produk atau kontaminasi silang.
ING-DAGING-SAPI-KUALITAS-2,Daging Sapi Kualitas 2,[],reviewed,https://www.food.gov.uk/business-guidance/allergen-guidance-for-food-businesses,Peninjauan internal jenis bahan tunggal untuk 9 kelompok; bukan pemeriksaan label produk atau kontaminasi silang.
ING-GULA-PASIR-KUALITAS-PREMIUM,Gula Pasir Kualitas Premium,[],reviewed,https://www.food.gov.uk/business-guidance/allergen-guidance-for-food-businesses,Peninjauan internal jenis bahan tunggal untuk 9 kelompok; bukan pemeriksaan label produk atau kontaminasi silang.
ING-GULA-PASIR-LOKAL,Gula Pasir Lokal,[],reviewed,https://www.food.gov.uk/business-guidance/allergen-guidance-for-food-businesses,Peninjauan internal jenis bahan tunggal untuk 9 kelompok; bukan pemeriksaan label produk atau kontaminasi silang.
ING-MINYAK-GORENG-KEMASAN-BERMERK-1,Minyak Goreng Kemasan Bermerk 1,[],unknown,https://www.food.gov.uk/business-guidance/allergen-guidance-for-food-businesses,"Komposisi produk belum diverifikasi; kelompok tercantum adalah potensi, bukan klaim komposisi aktual. Resep dikecualikan saat alergi aktif."
ING-MINYAK-GORENG-KEMASAN-BERMERK-2,Minyak Goreng Kemasan Bermerk 2,[],unknown,https://www.food.gov.uk/business-guidance/allergen-guidance-for-food-businesses,"Komposisi produk belum diverifikasi; kelompok tercantum adalah potensi, bukan klaim komposisi aktual. Resep dikecualikan saat alergi aktif."
ING-TELUR-AYAM-RAS-SEGAR,Telur Ayam Ras Segar,"[""telur""]",reviewed,https://www.food.gov.uk/business-guidance/allergen-guidance-for-food-businesses,Peninjauan internal jenis bahan tunggal untuk 9 kelompok; bukan pemeriksaan label produk atau kontaminasi silang.
ING-KEMIRI,Kemiri,[],unknown,https://www.food.gov.uk/business-guidance/allergen-guidance-for-food-businesses,"Komposisi produk belum diverifikasi; kelompok tercantum adalah potensi, bukan klaim komposisi aktual. Resep dikecualikan saat alergi aktif."
ING-KUNYIT,Kunyit Segar,[],reviewed,https://www.food.gov.uk/business-guidance/allergen-guidance-for-food-businesses,Peninjauan internal jenis bahan tunggal untuk 9 kelompok; bukan pemeriksaan label produk atau kontaminasi silang.
ING-LENGKUAS,Lengkuas Segar,[],reviewed,https://www.food.gov.uk/business-guidance/allergen-guidance-for-food-businesses,Peninjauan internal jenis bahan tunggal untuk 9 kelompok; bukan pemeriksaan label produk atau kontaminasi silang.
ING-KEMANGI,Kemangi Segar,[],reviewed,https://www.food.gov.uk/business-guidance/allergen-guidance-for-food-businesses,Peninjauan internal jenis bahan tunggal untuk 9 kelompok; bukan pemeriksaan label produk atau kontaminasi silang.
ING-JAHE,Jahe Segar,[],reviewed,https://www.food.gov.uk/business-guidance/allergen-guidance-for-food-businesses,Peninjauan internal jenis bahan tunggal untuk 9 kelompok; bukan pemeriksaan label produk atau kontaminasi silang.
ING-SERAI,Serai Segar,[],reviewed,https://www.food.gov.uk/business-guidance/allergen-guidance-for-food-businesses,Peninjauan internal jenis bahan tunggal untuk 9 kelompok; bukan pemeriksaan label produk atau kontaminasi silang.
ING-MERICA,Merica Hitam,[],reviewed,https://www.food.gov.uk/business-guidance/allergen-guidance-for-food-businesses,Peninjauan internal jenis bahan tunggal untuk 9 kelompok; bukan pemeriksaan label produk atau kontaminasi silang.
ING-KETUMBAR-BIJI,Ketumbar Biji Kering,[],reviewed,https://www.food.gov.uk/business-guidance/allergen-guidance-for-food-businesses,Peninjauan internal jenis bahan tunggal untuk 9 kelompok; bukan pemeriksaan label produk atau kontaminasi silang.
ING-KUNYIT-BUBUK,Kunyit Bubuk,[],reviewed,https://www.food.gov.uk/business-guidance/allergen-guidance-for-food-businesses,Peninjauan internal jenis bahan tunggal untuk 9 kelompok; bukan pemeriksaan label produk atau kontaminasi silang.
ING-DAUN-KETUMBAR,Daun Ketumbar Segar,[],reviewed,https://www.food.gov.uk/business-guidance/allergen-guidance-for-food-businesses,Peninjauan internal jenis bahan tunggal untuk 9 kelompok; bukan pemeriksaan label produk atau kontaminasi silang.
ING-PARSLEY,Parsley Segar,[],reviewed,https://www.food.gov.uk/business-guidance/allergen-guidance-for-food-businesses,Peninjauan internal jenis bahan tunggal untuk 9 kelompok; bukan pemeriksaan label produk atau kontaminasi silang.
ING-BASIL,Basil Segar,[],reviewed,https://www.food.gov.uk/business-guidance/allergen-guidance-for-food-businesses,Peninjauan internal jenis bahan tunggal untuk 9 kelompok; bukan pemeriksaan label produk atau kontaminasi silang.
ING-DAUN-BAWANG,Daun Bawang,[],reviewed,https://www.food.gov.uk/business-guidance/allergen-guidance-for-food-businesses,Peninjauan internal jenis bahan tunggal untuk 9 kelompok; bukan pemeriksaan label produk atau kontaminasi silang.
ING-SELEDRI,Seledri,[],reviewed,https://www.food.gov.uk/business-guidance/allergen-guidance-for-food-businesses,Peninjauan internal jenis bahan tunggal untuk 9 kelompok; bukan pemeriksaan label produk atau kontaminasi silang.
ING-JERUK-NIPIS,Jeruk Nipis (Daging/Jus),[],reviewed,https://www.food.gov.uk/business-guidance/allergen-guidance-for-food-businesses,Peninjauan internal jenis bahan tunggal untuk 9 kelompok; bukan pemeriksaan label produk atau kontaminasi silang.
ING-LEMON,Lemon Tanpa Kulit,[],reviewed,https://www.food.gov.uk/business-guidance/allergen-guidance-for-food-businesses,Peninjauan internal jenis bahan tunggal untuk 9 kelompok; bukan pemeriksaan label produk atau kontaminasi silang.
ING-MAIZENA,Maizena,[],reviewed,https://www.food.gov.uk/business-guidance/allergen-guidance-for-food-businesses,Peninjauan internal jenis bahan tunggal untuk 9 kelompok; bukan pemeriksaan label produk atau kontaminasi silang.
ING-MENTEGA,Mentega,"[""susu""]",unknown,https://www.food.gov.uk/business-guidance/allergen-guidance-for-food-businesses,"Komposisi produk belum diverifikasi; kelompok tercantum adalah potensi, bukan klaim komposisi aktual. Resep dikecualikan saat alergi aktif."
ING-MINYAK-ZAITUN,Minyak Zaitun,[],reviewed,https://www.food.gov.uk/business-guidance/allergen-guidance-for-food-businesses,Peninjauan internal jenis bahan tunggal untuk 9 kelompok; bukan pemeriksaan label produk atau kontaminasi silang.
ING-SANTAN,Santan,[],unknown,https://www.food.gov.uk/business-guidance/allergen-guidance-for-food-businesses,"Komposisi produk belum diverifikasi; kelompok tercantum adalah potensi, bukan klaim komposisi aktual. Resep dikecualikan saat alergi aktif."
ING-KECAP-ASIN,Kecap Asin,"[""kedelai"",""gluten""]",unknown,https://www.food.gov.uk/business-guidance/allergen-guidance-for-food-businesses,"Komposisi produk belum diverifikasi; kelompok tercantum adalah potensi, bukan klaim komposisi aktual. Resep dikecualikan saat alergi aktif."
ING-PAPRIKA-MERAH,Paprika Merah,[],reviewed,https://www.food.gov.uk/business-guidance/allergen-guidance-for-food-businesses,Peninjauan internal jenis bahan tunggal untuk 9 kelompok; bukan pemeriksaan label produk atau kontaminasi silang.
ING-PAPRIKA-HIJAU,Paprika Hijau,[],reviewed,https://www.food.gov.uk/business-guidance/allergen-guidance-for-food-businesses,Peninjauan internal jenis bahan tunggal untuk 9 kelompok; bukan pemeriksaan label produk atau kontaminasi silang.
ING-CUMIN,Jintan,[],reviewed,https://www.food.gov.uk/business-guidance/allergen-guidance-for-food-businesses,Peninjauan internal jenis bahan tunggal untuk 9 kelompok; bukan pemeriksaan label produk atau kontaminasi silang.
ING-PAPRIKA-BUBUK,Paprika Bubuk,[],reviewed,https://www.food.gov.uk/business-guidance/allergen-guidance-for-food-businesses,Peninjauan internal jenis bahan tunggal untuk 9 kelompok; bukan pemeriksaan label produk atau kontaminasi silang.
ING-THYME,Thyme Kering,[],reviewed,https://www.food.gov.uk/business-guidance/allergen-guidance-for-food-businesses,Peninjauan internal jenis bahan tunggal untuk 9 kelompok; bukan pemeriksaan label produk atau kontaminasi silang.
ING-KAYU-MANIS,Kayu Manis,[],reviewed,https://www.food.gov.uk/business-guidance/allergen-guidance-for-food-businesses,Peninjauan internal jenis bahan tunggal untuk 9 kelompok; bukan pemeriksaan label produk atau kontaminasi silang.
ING-PALA,Pala,[],reviewed,https://www.food.gov.uk/business-guidance/allergen-guidance-for-food-businesses,Peninjauan internal jenis bahan tunggal untuk 9 kelompok; bukan pemeriksaan label produk atau kontaminasi silang.
ING-SAUS-TIRAM,Saus Tiram,"[""moluska"",""kedelai"",""gluten""]",unknown,https://www.food.gov.uk/business-guidance/allergen-guidance-for-food-businesses,"Komposisi produk belum diverifikasi; kelompok tercantum adalah potensi, bukan klaim komposisi aktual. Resep dikecualikan saat alergi aktif."
ING-SAUS-TOMAT,Saus Tomat,[],unknown,https://www.food.gov.uk/business-guidance/allergen-guidance-for-food-businesses,"Komposisi produk belum diverifikasi; kelompok tercantum adalah potensi, bukan klaim komposisi aktual. Resep dikecualikan saat alergi aktif."
ING-SAUS-TERIYAKI,Saus Teriyaki,"[""kedelai"",""gluten""]",unknown,https://www.food.gov.uk/business-guidance/allergen-guidance-for-food-businesses,"Komposisi produk belum diverifikasi; kelompok tercantum adalah potensi, bukan klaim komposisi aktual. Resep dikecualikan saat alergi aktif."
ING-MARGARIN,Margarin,"[""susu"",""kedelai""]",unknown,https://www.food.gov.uk/business-guidance/allergen-guidance-for-food-businesses,"Komposisi produk belum diverifikasi; kelompok tercantum adalah potensi, bukan klaim komposisi aktual. Resep dikecualikan saat alergi aktif."
ING-MINT,Daun Mint Segar,[],reviewed,https://www.food.gov.uk/business-guidance/allergen-guidance-for-food-businesses,Peninjauan internal jenis bahan tunggal untuk 9 kelompok; bukan pemeriksaan label produk atau kontaminasi silang.
ING-ALLSPICE,Allspice Bubuk,[],reviewed,https://www.food.gov.uk/business-guidance/allergen-guidance-for-food-businesses,Peninjauan internal jenis bahan tunggal untuk 9 kelompok; bukan pemeriksaan label produk atau kontaminasi silang.
ING-CABAI-BUBUK,Cabai Bubuk,[],reviewed,https://www.food.gov.uk/business-guidance/allergen-guidance-for-food-businesses,Peninjauan internal jenis bahan tunggal untuk 9 kelompok; bukan pemeriksaan label produk atau kontaminasi silang.
ING-WIJEN,Wijen,"[""wijen""]",reviewed,https://www.food.gov.uk/business-guidance/allergen-guidance-for-food-businesses,Peninjauan internal jenis bahan tunggal untuk 9 kelompok; bukan pemeriksaan label produk atau kontaminasi silang.
ING-ASAM-JAWA,Asam Jawa,[],reviewed,https://www.food.gov.uk/business-guidance/allergen-guidance-for-food-businesses,Peninjauan internal jenis bahan tunggal untuk 9 kelompok; bukan pemeriksaan label produk atau kontaminasi silang.
ING-BAY-LEAF,Bay Leaf Kering (Laurus),[],reviewed,https://www.food.gov.uk/business-guidance/allergen-guidance-for-food-businesses,Peninjauan internal jenis bahan tunggal untuk 9 kelompok; bukan pemeriksaan label produk atau kontaminasi silang.
ING-KEJU-CHEDDAR,Keju Cheddar,"[""susu""]",unknown,https://www.food.gov.uk/business-guidance/allergen-guidance-for-food-businesses,"Komposisi produk belum diverifikasi; kelompok tercantum adalah potensi, bukan klaim komposisi aktual. Resep dikecualikan saat alergi aktif."
ING-TOMAT-PUREE,Puree Tomat Kalengan,[],unknown,https://www.food.gov.uk/business-guidance/allergen-guidance-for-food-businesses,"Komposisi produk belum diverifikasi; kelompok tercantum adalah potensi, bukan klaim komposisi aktual. Resep dikecualikan saat alergi aktif."
ING-KALDU-AYAM-BUBUK,Kaldu Ayam Bubuk (Proksi),"[""gluten"",""kedelai""]",unknown,https://www.food.gov.uk/business-guidance/allergen-guidance-for-food-businesses,"Komposisi produk belum diverifikasi; kelompok tercantum adalah potensi, bukan klaim komposisi aktual. Resep dikecualikan saat alergi aktif."
ING-KECAP-MANIS,Kecap Manis (Proksi Bango),"[""kedelai"",""gluten""]",unknown,https://www.food.gov.uk/business-guidance/allergen-guidance-for-food-businesses,"Komposisi produk belum diverifikasi; kelompok tercantum adalah potensi, bukan klaim komposisi aktual. Resep dikecualikan saat alergi aktif."
ING-DAUN-JERUK,Daun Jeruk,[],reviewed,https://www.food.gov.uk/business-guidance/allergen-guidance-for-food-businesses,Peninjauan internal jenis bahan tunggal untuk 9 kelompok; bukan pemeriksaan label produk atau kontaminasi silang.
ING-DAUN-SALAM,Daun Salam Segar (Estimasi),[],reviewed,https://www.food.gov.uk/business-guidance/allergen-guidance-for-food-businesses,Peninjauan internal jenis bahan tunggal untuk 9 kelompok; bukan pemeriksaan label produk atau kontaminasi silang.
ING-MINYAK-WIJEN,Minyak Wijen,"[""wijen""]",reviewed,https://www.food.gov.uk/business-guidance/allergen-guidance-for-food-businesses,Peninjauan internal jenis bahan tunggal untuk 9 kelompok; bukan pemeriksaan label produk atau kontaminasi silang.
ING-TEPUNG-PANIR,Tepung Panir / Roti Kering,"[""gluten"",""telur"",""susu"",""kedelai""]",unknown,https://www.food.gov.uk/business-guidance/allergen-guidance-for-food-businesses,"Komposisi produk belum diverifikasi; kelompok tercantum adalah potensi, bukan klaim komposisi aktual. Resep dikecualikan saat alergi aktif."
ING-TEPUNG-TAPIOKA,Tepung Tapioka,[],reviewed,https://www.food.gov.uk/business-guidance/allergen-guidance-for-food-businesses,Peninjauan internal jenis bahan tunggal untuk 9 kelompok; bukan pemeriksaan label produk atau kontaminasi silang.
ING-EBI,Ebi (Udang Kering),"[""krustasea""]",reviewed,https://www.food.gov.uk/business-guidance/allergen-guidance-for-food-businesses,Peninjauan internal jenis bahan tunggal untuk 9 kelompok; bukan pemeriksaan label produk atau kontaminasi silang.
ING-TERASI,Terasi,"[""krustasea"",""ikan""]",unknown,https://www.food.gov.uk/business-guidance/allergen-guidance-for-food-businesses,"Komposisi produk belum diverifikasi; kelompok tercantum adalah potensi, bukan klaim komposisi aktual. Resep dikecualikan saat alergi aktif."
ING-CENGKEH,Cengkeh,[],reviewed,https://www.food.gov.uk/business-guidance/allergen-guidance-for-food-businesses,Peninjauan internal jenis bahan tunggal untuk 9 kelompok; bukan pemeriksaan label produk atau kontaminasi silang.
ING-JAMUR-KUPING,Jamur Kuping,[],reviewed,https://www.food.gov.uk/business-guidance/allergen-guidance-for-food-businesses,Peninjauan internal jenis bahan tunggal untuk 9 kelompok; bukan pemeriksaan label produk atau kontaminasi silang.
ING-BIHUN,Bihun,"[""gluten""]",unknown,https://www.food.gov.uk/business-guidance/allergen-guidance-for-food-businesses,"Komposisi produk belum diverifikasi; kelompok tercantum adalah potensi, bukan klaim komposisi aktual. Resep dikecualikan saat alergi aktif."
ING-SOUN,Soun,"[""gluten""]",unknown,https://www.food.gov.uk/business-guidance/allergen-guidance-for-food-businesses,"Komposisi produk belum diverifikasi; kelompok tercantum adalah potensi, bukan klaim komposisi aktual. Resep dikecualikan saat alergi aktif."
ING-JENGKOL,Jengkol,[],reviewed,https://www.food.gov.uk/business-guidance/allergen-guidance-for-food-businesses,Peninjauan internal jenis bahan tunggal untuk 9 kelompok; bukan pemeriksaan label produk atau kontaminasi silang.
ING-PETAI,Petai,[],reviewed,https://www.food.gov.uk/business-guidance/allergen-guidance-for-food-businesses,Peninjauan internal jenis bahan tunggal untuk 9 kelompok; bukan pemeriksaan label produk atau kontaminasi silang.
ING-IKAN-PATIN,Ikan Patin,"[""ikan""]",reviewed,https://www.food.gov.uk/business-guidance/allergen-guidance-for-food-businesses,Peninjauan internal jenis bahan tunggal untuk 9 kelompok; bukan pemeriksaan label produk atau kontaminasi silang.
ING-ATI-AMPELA,Ati Ampela Ayam,[],reviewed,https://www.food.gov.uk/business-guidance/allergen-guidance-for-food-businesses,Peninjauan internal jenis bahan tunggal untuk 9 kelompok; bukan pemeriksaan label produk atau kontaminasi silang.
ING-LABU-KUNING,Labu Kuning,[],reviewed,https://www.food.gov.uk/business-guidance/allergen-guidance-for-food-businesses,Peninjauan internal jenis bahan tunggal untuk 9 kelompok; bukan pemeriksaan label produk atau kontaminasi silang.
ING-KENCUR,Kencur,[],reviewed,https://www.food.gov.uk/business-guidance/allergen-guidance-for-food-businesses,Peninjauan internal jenis bahan tunggal untuk 9 kelompok; bukan pemeriksaan label produk atau kontaminasi silang.
ING-IKAN-TENGGIRI,Ikan Tenggiri,"[""ikan""]",reviewed,https://www.food.gov.uk/business-guidance/allergen-guidance-for-food-businesses,Peninjauan internal jenis bahan tunggal untuk 9 kelompok; bukan pemeriksaan label produk atau kontaminasi silang.
ING-KALDU-JAMUR,Kaldu Jamur Bubuk (Proksi),"[""gluten"",""kedelai""]",unknown,https://www.food.gov.uk/business-guidance/allergen-guidance-for-food-businesses,"Komposisi produk belum diverifikasi; kelompok tercantum adalah potensi, bukan klaim komposisi aktual. Resep dikecualikan saat alergi aktif."
