recipe_code,region,price_date,cost_total_rupiah,cost_per_serving_rupiah,calories_per_serving,protein_per_serving_g,carbs_per_serving_g,fat_per_serving_g,calculation_status
RCP-MVP-001,Kabupaten Garut,2026-09-28,7984.22,3992.11,436.68,15.65,73.06,10.79,estimasi_bahan_mentah
RCP-MVP-002,Kabupaten Garut,2026-09-28,14217.18,7108.59,517.88,33.96,74.21,10.74,estimasi_bahan_mentah
RCP-MVP-003,Kabupaten Garut,2026-09-28,7689.87,3844.94,541.6,28.79,73.03,18,estimasi_bahan_mentah
RCP-MVP-004,Kabupaten Garut,2026-09-28,8523.41,4261.71,441.39,19.2,68.12,13.55,estimasi_bahan_mentah
RCP-MVP-005,Kabupaten Garut,2026-09-28,25828.7,12914.35,446.81,30.87,68.21,7.45,estimasi_bahan_mentah
RCP-MVP-006,Kabupaten Garut,2026-09-28,18406.42,9203.21,522.62,37.23,66.55,13.13,estimasi_bahan_mentah
RCP-MVP-007,Kabupaten Garut,2026-09-28,15967.95,7983.98,536.47,36.31,68.12,14.94,estimasi_bahan_mentah
RCP-MVP-008,Kabupaten Garut,2026-09-28,37278.31,18639.16,467.32,32.68,68.65,8.08,estimasi_bahan_mentah
RCP-MVP-009,Kabupaten Garut,2026-09-28,5387.78,2693.89,344.34,26.77,19.48,19.78,estimasi_bahan_mentah
RCP-MVP-010,Kabupaten Garut,2026-09-28,4080.98,2040.49,199.85,13.95,13.08,13.98,estimasi_bahan_mentah
RCP-MVP-011,Kabupaten Garut,2026-09-28,16715.86,8357.93,272.03,26.49,37.48,4.27,estimasi_bahan_mentah
RCP-MVP-012,Kabupaten Garut,2026-09-28,23793.28,11896.64,209.71,25.35,27.21,3.48,estimasi_bahan_mentah
RCP-MVP-013,Kabupaten Garut,2026-09-28,10352.01,5176.01,214.43,12.98,14.1,13.18,estimasi_bahan_mentah
RCP-MVP-014,Kabupaten Garut,2026-09-28,7697.87,3848.93,209.78,11.34,13.56,13.17,estimasi_bahan_mentah
RCP-MVP-015,Kabupaten Garut,2026-09-28,13278.98,6639.49,470.44,27.47,67.84,12.53,estimasi_bahan_mentah
RCP-MVP-016,Kabupaten Garut,2026-09-28,7060.18,3530.09,284.73,14.09,44.77,8.17,estimasi_bahan_mentah
RCP-MVP-017,Kabupaten Garut,2026-09-28,10478.68,5239.34,393.72,24.94,40.5,17.88,estimasi_bahan_mentah
RCP-MVP-018,Kabupaten Garut,2026-09-28,7369.48,3684.74,200.7,11.01,13.35,12.82,estimasi_bahan_mentah
RCP-MVP-019,Kabupaten Garut,2026-09-28,13972.17,6986.08,255.65,24.92,19.37,11.46,estimasi_bahan_mentah
RCP-MVP-020,Kabupaten Garut,2026-09-28,7302.25,3651.12,375.38,31.63,14.73,23.96,estimasi_bahan_mentah
RCP-MVP-021,Kabupaten Garut,2026-09-28,2635.2,1317.6,169.74,3.36,46.5,0.06,estimasi_bahan_mentah
RCP-MVP-022,Kabupaten Garut,2026-09-28,7681.02,3840.51,165.2,4.28,43.94,0.76,estimasi_bahan_mentah
RCP-MVP-023,Kabupaten Garut,2026-09-28,6241.02,3120.51,135.41,2.18,37.98,0.07,estimasi_bahan_mentah
RCP-MVP-024,Kabupaten Garut,2026-09-28,10759.8,5379.9,96.93,2.43,26.12,0.75,estimasi_bahan_mentah
RCP-MVP-025,Kabupaten Garut,2026-09-28,6792.64,3396.32,119.59,2.64,32.53,0.42,estimasi_bahan_mentah
RCP-MVP-026,Kabupaten Garut,2026-09-28,5614.06,2807.03,348.3,12.8,61.05,6.99,estimasi_bahan_mentah
RCP-MVP-027,Kabupaten Garut,2026-09-28,6735.37,3367.69,366.33,12.84,65.36,8.01,estimasi_bahan_mentah
RCP-MVP-028,Kabupaten Garut,2026-09-28,8046,4023,208.5,9.02,27.82,7.88,estimasi_bahan_mentah
RCP-MVP-029,Kabupaten Garut,2026-09-28,7679.78,3839.89,214.54,11.56,24.78,10.83,estimasi_bahan_mentah
RCP-MVP-030,Kabupaten Garut,2026-09-28,6115.46,3057.73,456.64,23.73,64.66,13.7,estimasi_bahan_mentah
RCP-MVP-031,Kabupaten Garut,2026-09-28,3998.24,1999.12,302.43,15.62,41.99,11.66,estimasi_bahan_mentah
RCP-MVP-032,Kabupaten Garut,2026-09-28,4862.54,2431.27,342.92,9.06,59.68,10,estimasi_bahan_mentah
RCP-MVP-033,Kabupaten Garut,2026-09-28,6521.97,3260.99,365.31,12.84,63.96,8.13,estimasi_bahan_mentah
RCP-MVP-034,Kabupaten Garut,2026-09-28,12201.1,6100.55,476.95,28.33,75.18,9.81,estimasi_bahan_mentah
RCP-MVP-035,Kabupaten Garut,2026-09-28,7319.8,3659.9,493.44,26.57,71.48,15.03,estimasi_bahan_mentah
RCP-MVP-036,Kabupaten Garut,2026-09-28,7943.07,3971.53,410.07,14.53,71.57,9.8,estimasi_bahan_mentah
RCP-MVP-037,Kabupaten Garut,2026-09-28,5096.42,2548.21,403.38,16.54,66.76,9.67,estimasi_bahan_mentah
RCP-MVP-038,Kabupaten Garut,2026-09-28,26136.41,13068.2,421.94,24.26,73.55,5.37,estimasi_bahan_mentah
RCP-MVP-039,Kabupaten Garut,2026-09-28,12271.12,6135.56,443.18,28.49,64.6,9.06,estimasi_bahan_mentah
RCP-MVP-040,Kabupaten Garut,2026-09-28,11840.82,5920.41,445.35,26.36,71.06,8.6,estimasi_bahan_mentah
RCP-MVP-041,Kabupaten Garut,2026-09-28,7060.73,3530.36,153.57,9.55,25.07,4.36,estimasi_bahan_mentah
RCP-MVP-042,Kabupaten Garut,2026-09-28,11396.76,5698.38,442.66,26.35,68.8,8.74,estimasi_bahan_mentah
RCP-MVP-043,Kabupaten Garut,2026-09-28,4876.43,2438.22,495.91,26.99,72.34,15.25,estimasi_bahan_mentah
RCP-MVP-044,Kabupaten Garut,2026-09-28,7311.76,3655.88,412.47,15.84,70.38,10.05,estimasi_bahan_mentah
RCP-MVP-045,Kabupaten Garut,2026-09-28,13575.22,6787.61,438.47,27.55,67.23,8.95,estimasi_bahan_mentah
RCP-MVP-046,Kabupaten Garut,2026-09-28,6754.27,3377.14,468.65,22.19,72.46,12.94,estimasi_bahan_mentah
RCP-MVP-047,Kabupaten Garut,2026-09-28,3983.9,1991.95,246.2,14.35,47.37,0.69,estimasi_bahan_mentah
RCP-MVP-048,Kabupaten Garut,2026-09-28,4433.9,2216.95,260.07,10.19,43.7,6.79,estimasi_bahan_mentah
RCP-MVP-049,Kabupaten Garut,2026-09-28,6673.02,3336.51,371.76,15.02,63.61,9.71,estimasi_bahan_mentah
RCP-MVP-050,Kabupaten Garut,2026-09-28,7557.39,3778.69,195.52,9.28,22.91,8.65,estimasi_bahan_mentah
RCP-MVP-051,Kabupaten Garut,2026-09-28,6813.76,3406.88,285.28,16.36,53.58,2.03,estimasi_bahan_mentah
RCP-MVP-052,Kabupaten Garut,2026-09-28,4070.24,2035.12,252.92,12.97,52.61,0.59,estimasi_bahan_mentah
RCP-MVP-053,Kabupaten Garut,2026-09-28,3660.26,1830.13,282.12,15.33,39.24,10.58,estimasi_bahan_mentah
RCP-MVP-054,Kabupaten Garut,2026-09-28,6096.11,3048.06,345.24,12.3,59.17,8.09,estimasi_bahan_mentah
RCP-MVP-055,Kabupaten Garut,2026-09-28,5293.86,2646.93,321.67,9.17,57.22,8.85,estimasi_bahan_mentah
RCP-MVP-056,Kabupaten Garut,2026-09-28,4247.43,2123.71,188.39,7.82,29.09,6.38,estimasi_bahan_mentah
RCP-MVP-057,Kabupaten Garut,2026-09-28,6670.56,3335.28,182.21,13.53,8.55,11.8,estimasi_bahan_mentah
RCP-MVP-058,Kabupaten Garut,2026-09-28,3945.01,1972.5,254.01,11.45,54.02,1.16,estimasi_bahan_mentah
RCP-MVP-059,Kabupaten Garut,2026-09-28,12501.09,6250.55,443.53,27.37,69.06,8.68,estimasi_bahan_mentah
RCP-MVP-060,Kabupaten Garut,2026-09-28,18965.67,9482.84,393.73,22.5,69.27,5.37,estimasi_bahan_mentah
RCP-MVP-061,Kabupaten Garut,2026-09-28,6921.44,3460.72,410.61,16.57,68.96,9.81,estimasi_bahan_mentah
RCP-MVP-062,Kabupaten Garut,2026-09-28,12284,6142,451.07,29.33,65.34,9.75,estimasi_bahan_mentah
RCP-MVP-063,Kabupaten Garut,2026-09-28,27056.4,13528.2,393.84,25.33,67.8,4.41,estimasi_bahan_mentah
RCP-MVP-064,Kabupaten Garut,2026-09-28,13729.34,6864.67,423.96,27.95,64.34,8.04,estimasi_bahan_mentah
RCP-MVP-065,Kabupaten Garut,2026-09-28,6580.48,3290.24,490.43,25.65,74.37,14.01,estimasi_bahan_mentah
RCP-MVP-066,Kabupaten Garut,2026-09-28,6166.18,3083.09,379.48,14.97,67.36,8.48,estimasi_bahan_mentah
RCP-MVP-067,Kabupaten Garut,2026-09-28,11249.68,5624.84,410.32,25.83,74.71,3.41,estimasi_bahan_mentah
RCP-MVP-068,Kabupaten Garut,2026-09-28,6940.25,3470.12,486.03,26.16,67.52,14.61,estimasi_bahan_mentah
RCP-MVP-069,Kabupaten Garut,2026-09-28,16690.52,8345.26,390.22,22.85,68.68,5.76,estimasi_bahan_mentah
RCP-MVP-070,Kabupaten Garut,2026-09-28,13468.4,6734.2,426.24,23.04,64.59,10.1,estimasi_bahan_mentah
RCP-MVP-071,Kabupaten Garut,2026-09-28,11600.58,5800.29,431.74,25.27,70.87,7.52,estimasi_bahan_mentah
RCP-MVP-072,Kabupaten Garut,2026-09-28,8748.43,4374.21,416.09,15.15,74.1,8.78,estimasi_bahan_mentah
RCP-MVP-073,Kabupaten Garut,2026-09-28,12634.33,6317.17,440.35,27.7,66.36,9.29,estimasi_bahan_mentah
RCP-MVP-074,Kabupaten Garut,2026-09-28,12165.8,6082.9,197.42,20.95,25.09,3.48,estimasi_bahan_mentah
RCP-MVP-075,Kabupaten Garut,2026-09-28,4662.53,2331.27,422.19,21.04,64.98,11.71,estimasi_bahan_mentah
RCP-MVP-076,Kabupaten Garut,2026-09-28,19487.51,9743.76,144.64,17.54,11.88,4.42,estimasi_bahan_mentah
RCP-MVP-077,Kabupaten Garut,2026-09-28,27278.28,13639.14,394.12,25.23,68.26,4.49,estimasi_bahan_mentah
RCP-MVP-078,Kabupaten Garut,2026-09-28,12261.61,6130.8,183.83,22.85,7.28,8.22,estimasi_bahan_mentah
RCP-MVP-079,Kabupaten Garut,2026-09-28,5694.6,2847.3,95.67,8.35,11.33,4.46,estimasi_bahan_mentah
RCP-MVP-080,Kabupaten Garut,2026-09-28,9756.92,4878.46,459.61,25.61,78.4,7.94,estimasi_bahan_mentah
RCP-MVP-081,Kabupaten Garut,2026-09-28,7530.78,3765.39,393.12,15.17,65.12,9.67,estimasi_bahan_mentah
RCP-MVP-082,Kabupaten Garut,2026-09-28,16269.1,8134.55,364.03,21.55,62.95,4.44,estimasi_bahan_mentah
RCP-MVP-083,Kabupaten Garut,2026-09-28,5412.56,2706.28,258.55,18.35,25.51,12.4,estimasi_bahan_mentah
RCP-MVP-084,Kabupaten Garut,2026-09-28,13632.91,6816.45,408.33,21.27,64,9.79,estimasi_bahan_mentah
RCP-MVP-085,Kabupaten Garut,2026-09-28,11747.98,5873.99,229.12,20.9,21.57,7.47,estimasi_bahan_mentah
RCP-MVP-086,Kabupaten Garut,2026-09-28,6261.46,3130.73,470.4,24.35,71.99,13.48,estimasi_bahan_mentah
RCP-MVP-087,Kabupaten Garut,2026-09-28,17899.34,8949.67,137.93,16.53,21.08,0.23,estimasi_bahan_mentah
RCP-KAGGLE-4473027,Garut + referensi non-Garut,2026-10-01,78930.55,19732.64,273.78,37.88,22.1,4.51,estimasi_takaran_porsi_dan_bahan_mentah
RCP-KAGGLE-4471956,Garut + referensi non-Garut,2026-10-01,44220.7,6317.24,240.93,30.79,8.96,9.29,estimasi_takaran_porsi_dan_bahan_mentah
RCP-KAGGLE-4473057,Garut + referensi non-Garut,2026-10-01,14363.28,7181.64,300.18,27.49,14.45,14.91,estimasi_takaran_porsi_dan_bahan_mentah
RCP-KAGGLE-4472222,Garut + referensi non-Garut,2026-10-01,19003.69,6334.56,270.52,28.99,12.16,11.81,estimasi_takaran_porsi_dan_bahan_mentah
RCP-KAGGLE-4472482,Garut + referensi non-Garut,2026-10-01,24620.27,8206.76,864.81,27.01,172.1,7.66,estimasi_takaran_porsi_dan_bahan_mentah
RCP-KAGGLE-4472309,Garut + referensi non-Garut,2026-10-01,31856.63,15928.32,409.8,30.08,45.78,13.23,estimasi_takaran_porsi_dan_bahan_mentah
RCP-KAGGLE-4472084,Garut + referensi non-Garut,2026-10-01,20792.92,6930.97,428.27,28.25,49.1,14.04,estimasi_takaran_porsi_dan_bahan_mentah
RCP-KAGGLE-4469586,Garut + referensi non-Garut,2026-10-01,36926.97,9231.74,273.61,27.89,15.98,11.01,estimasi_takaran_porsi_dan_bahan_mentah
RCP-KAGGLE-4472147,Garut + referensi non-Garut,2026-10-01,27814.36,6953.59,220.74,28.21,10.28,7.46,estimasi_takaran_porsi_dan_bahan_mentah
RCP-KAGGLE-4466395,Garut + referensi non-Garut,2026-10-01,20706.65,10353.33,174.55,12.73,30.7,2.23,estimasi_takaran_porsi_dan_bahan_mentah
RCP-KAGGLE-4471637,Garut + referensi non-Garut,2026-10-01,76358.38,6941.67,237.07,31.32,11.86,7.4,estimasi_takaran_porsi_dan_bahan_mentah
RCP-KAGGLE-4471738,Garut + referensi non-Garut,2026-10-01,30619.58,6123.92,240.75,31.68,6.55,9.79,estimasi_takaran_porsi_dan_bahan_mentah
RCP-KAGGLE-4471562,Garut + referensi non-Garut,2026-10-01,24284.84,6071.21,301.81,30.95,31.07,6.25,estimasi_takaran_porsi_dan_bahan_mentah
RCP-KAGGLE-4469261,Garut + referensi non-Garut,2026-10-01,41490.98,5927.28,199.21,30.3,7.31,5.47,estimasi_takaran_porsi_dan_bahan_mentah
RCP-KAGGLE-4471433,Garut + referensi non-Garut,2026-10-01,34724.86,8681.21,250.59,29,14.21,8.79,estimasi_takaran_porsi_dan_bahan_mentah
RCP-KAGGLE-4448850,Garut + referensi non-Garut,2026-10-01,49645.96,6205.75,436.36,34.84,55.13,9.37,estimasi_takaran_porsi_dan_bahan_mentah
RCP-KAGGLE-4470089,Garut + referensi non-Garut,2026-10-01,54569.79,13642.45,323.79,33.84,31.44,7.3,estimasi_takaran_porsi_dan_bahan_mentah
RCP-KAGGLE-3934445,Garut + referensi non-Garut,2026-10-01,63815.07,5801.37,202.98,29.98,7.54,5.94,estimasi_takaran_porsi_dan_bahan_mentah
RCP-TMDB-53076,Garut + referensi non-Garut,2026-10-01,4091.41,2045.7,139.05,8.18,15.87,4.68,estimasi_takaran_porsi_dan_bahan_mentah
RCP-TMDB-53281,Garut + referensi non-Garut,2026-10-01,73227.5,18306.87,148.58,26.86,11.37,0.39,estimasi_takaran_porsi_dan_bahan_mentah
RCP-TMDB-53092,Garut + referensi non-Garut,2026-10-01,37400.96,18700.48,271.3,3.33,10.16,27.51,estimasi_takaran_porsi_dan_bahan_mentah
RCP-TMDB-53288,Garut + referensi non-Garut,2026-10-01,36347.91,18173.96,109.19,2.33,12.18,7.09,estimasi_takaran_porsi_dan_bahan_mentah
RCP-MDL-0000,Garut + referensi non-Garut,2026-10-05,46182.13,15394.04,312.64,30.55,24.16,11.19,estimasi_takaran_sumber_mendeley
RCP-MDL-0009,Garut + referensi non-Garut,2026-10-05,28146.46,14073.23,370.26,29.15,44.73,13.21,estimasi_takaran_sumber_mendeley
RCP-MDL-0021,Garut + referensi non-Garut,2026-10-05,29901.05,5980.21,148.21,15.59,14.95,3.21,estimasi_takaran_sumber_mendeley
RCP-MDL-0023,Garut + referensi non-Garut,2026-10-05,17078.15,2846.36,184.69,3.68,26.86,8.06,estimasi_takaran_sumber_mendeley
RCP-MDL-0024,Garut + referensi non-Garut,2026-10-05,35141.87,8785.47,216.87,7.02,32.61,7.78,estimasi_takaran_sumber_mendeley
RCP-MDL-0028,Garut + referensi non-Garut,2026-10-05,17910.30,4477.58,221.80,13.03,13.61,13.78,estimasi_takaran_sumber_mendeley
RCP-MDL-0039,Garut + referensi non-Garut,2026-10-05,76877.51,38438.75,1182.33,54.26,36.31,96.32,estimasi_takaran_sumber_mendeley
RCP-MDL-0046,Garut + referensi non-Garut,2026-10-05,178052.55,25436.08,487.70,35.61,71.47,7.58,estimasi_takaran_sumber_mendeley
RCP-MDL-0053,Garut + referensi non-Garut,2026-10-05,83656.47,20914.12,231.21,30.72,14.88,5.89,estimasi_takaran_sumber_mendeley
RCP-MDL-0056,Garut + referensi non-Garut,2026-10-05,72557.69,12092.95,302.21,38.34,27.84,4.33,estimasi_takaran_sumber_mendeley
RCP-MDL-0059,Garut + referensi non-Garut,2026-10-05,90448.61,30149.54,643.01,44.24,49.12,31.95,estimasi_takaran_sumber_mendeley
RCP-MDL-0071,Garut + referensi non-Garut,2026-10-05,29646.90,7411.73,145.78,16.67,14.63,2.86,estimasi_takaran_sumber_mendeley
RCP-MDL-0078,Garut + referensi non-Garut,2026-10-05,48329.32,16109.77,180.81,9.85,51.25,0.63,estimasi_takaran_sumber_mendeley
RCP-MDL-0082,Garut + referensi non-Garut,2026-10-05,35664.42,11888.14,450.95,21.80,27.83,31.63,estimasi_takaran_sumber_mendeley
RCP-MDL-0088,Garut + referensi non-Garut,2026-10-05,25269.54,6317.38,248.45,14.21,9.36,17.27,estimasi_takaran_sumber_mendeley
RCP-MDL-0090,Garut + referensi non-Garut,2026-10-05,18295.36,3049.23,187.44,12.80,10.64,11.56,estimasi_takaran_sumber_mendeley
RCP-MDL-0096,Garut + referensi non-Garut,2026-10-05,78030.24,39015.12,1110.78,39.83,106.32,66.17,estimasi_takaran_sumber_mendeley
RCP-MDL-0097,Garut + referensi non-Garut,2026-10-05,60654.02,30327.01,1021.52,68.63,71.59,52.61,estimasi_takaran_sumber_mendeley
RCP-MDL-0106,Garut + referensi non-Garut,2026-10-05,95813.55,19162.71,226.32,27.29,30.04,0.52,estimasi_takaran_sumber_mendeley
RCP-MDL-0114,Garut + referensi non-Garut,2026-10-05,65707.93,9386.85,229.10,21.07,18.58,8.60,estimasi_takaran_sumber_mendeley
RCP-MDL-0124,Garut + referensi non-Garut,2026-10-05,45065.56,7510.93,160.67,1.96,22.05,8.18,estimasi_takaran_sumber_mendeley
RCP-MDL-0145,Garut + referensi non-Garut,2026-10-05,19430.02,2775.72,153.39,2.66,21.85,7.17,estimasi_takaran_sumber_mendeley
RCP-MDL-0146,Garut + referensi non-Garut,2026-10-05,27230.14,6807.53,170.60,16.24,22.10,2.06,estimasi_takaran_sumber_mendeley
RCP-MDL-0162,Garut + referensi non-Garut,2026-10-05,21379.12,5344.78,126.73,12.73,14.86,2.32,estimasi_takaran_sumber_mendeley
RCP-MDL-0163,Garut + referensi non-Garut,2026-10-05,38218.63,9554.66,200.61,10.30,23.59,8.78,estimasi_takaran_sumber_mendeley
RCP-MDL-0165,Garut + referensi non-Garut,2026-10-05,20688.87,4137.77,166.03,10.76,15.38,8.54,estimasi_takaran_sumber_mendeley
RCP-MDL-0169,Garut + referensi non-Garut,2026-10-05,81652.12,20413.03,352.56,34.48,38.99,7.13,estimasi_takaran_sumber_mendeley
RCP-MDL-0174,Garut + referensi non-Garut,2026-10-05,22343.94,5585.98,213.91,21.15,11.00,11.01,estimasi_takaran_sumber_mendeley
RCP-MDL-0181,Garut + referensi non-Garut,2026-10-05,12335.34,6167.67,340.48,3.40,84.20,0.39,estimasi_takaran_sumber_mendeley
RCP-MDL-0184,Garut + referensi non-Garut,2026-10-05,21908.84,7302.95,311.65,5.21,38.17,17.31,estimasi_takaran_sumber_mendeley
RCP-MDL-0194,Garut + referensi non-Garut,2026-10-05,37533.35,9383.34,336.43,30.24,52.91,1.22,estimasi_takaran_sumber_mendeley
RCP-MDL-0203,Garut + referensi non-Garut,2026-10-05,26347.65,6586.91,278.01,19.99,16.79,15.16,estimasi_takaran_sumber_mendeley
RCP-MDL-0208,Garut + referensi non-Garut,2026-10-05,49787.74,9957.55,234.13,26.32,9.94,10.51,estimasi_takaran_sumber_mendeley
RCP-MDL-0214,Garut + referensi non-Garut,2026-10-05,38276.12,19138.06,769.88,29.21,42.25,54.52,estimasi_takaran_sumber_mendeley
RCP-MDL-0224,Garut + referensi non-Garut,2026-10-05,74137.49,12356.25,201.52,13.14,23.43,6.53,estimasi_takaran_sumber_mendeley
RCP-MDL-0227,Garut + referensi non-Garut,2026-10-05,34052.04,5675.34,263.71,12.15,9.52,19.82,estimasi_takaran_sumber_mendeley
RCP-MDL-0234,Garut + referensi non-Garut,2026-10-05,18339.79,9169.90,479.81,9.86,77.55,15.83,estimasi_takaran_sumber_mendeley
RCP-MDL-0255,Garut + referensi non-Garut,2026-10-05,65153.92,16288.48,332.69,31.10,24.82,12.21,estimasi_takaran_sumber_mendeley
RCP-MDL-0272,Garut + referensi non-Garut,2026-10-05,41929.80,20964.90,598.27,45.19,23.38,37.51,estimasi_takaran_sumber_mendeley
RCP-MDL-0276,Garut + referensi non-Garut,2026-10-05,120489.22,10040.77,426.30,20.85,12.58,33.02,estimasi_takaran_sumber_mendeley
RCP-MDL-0278,Garut + referensi non-Garut,2026-10-05,71890.25,11981.71,285.12,23.82,9.12,18.38,estimasi_takaran_sumber_mendeley
RCP-MDL-0279,Garut + referensi non-Garut,2026-10-05,27481.01,9160.34,260.99,15.26,22.28,13.27,estimasi_takaran_sumber_mendeley
RCP-MDL-0289,Garut + referensi non-Garut,2026-10-05,160038.21,40009.55,329.46,58.68,21.65,0.96,estimasi_takaran_sumber_mendeley
RCP-MDL-0292,Garut + referensi non-Garut,2026-10-05,57226.94,14306.74,401.74,35.72,21.68,20.50,estimasi_takaran_sumber_mendeley
RCP-MDL-0296,Garut + referensi non-Garut,2026-10-05,25735.25,6433.81,132.45,9.28,17.78,3.18,estimasi_takaran_sumber_mendeley
RCP-MDL-0298,Garut + referensi non-Garut,2026-10-05,68998.22,17249.55,434.46,40.20,17.96,22.79,estimasi_takaran_sumber_mendeley
RCP-MDL-0299,Garut + referensi non-Garut,2026-10-05,36462.00,6077.00,195.98,20.03,14.03,6.70,estimasi_takaran_sumber_mendeley
RCP-MDL-0309,Garut + referensi non-Garut,2026-10-05,90372.01,18074.40,579.64,12.46,26.05,51.77,estimasi_takaran_sumber_mendeley
RCP-MDL-0312,Garut + referensi non-Garut,2026-10-05,31617.02,6323.40,138.67,11.95,18.61,2.62,estimasi_takaran_sumber_mendeley
RCP-MDL-0322,Garut + referensi non-Garut,2026-10-05,32759.94,6551.99,239.95,12.19,14.79,14.67,estimasi_takaran_sumber_mendeley
RCP-MDL-0323,Garut + referensi non-Garut,2026-10-05,31374.53,7843.63,240.86,21.08,20.88,9.05,estimasi_takaran_sumber_mendeley
RCP-MDL-0327,Garut + referensi non-Garut,2026-10-05,32294.43,8073.61,247.46,11.74,47.72,1.66,estimasi_takaran_sumber_mendeley
RCP-MDL-0337,Garut + referensi non-Garut,2026-10-05,31785.32,6357.06,252.73,12.49,21.53,13.08,estimasi_takaran_sumber_mendeley
RCP-MDL-0348,Garut + referensi non-Garut,2026-10-05,52778.90,8796.48,122.73,14.70,12.98,1.59,estimasi_takaran_sumber_mendeley
RCP-MDL-0350,Garut + referensi non-Garut,2026-10-05,27816.30,3973.76,122.32,4.75,12.45,6.39,estimasi_takaran_sumber_mendeley
RCP-MDL-0355,Garut + referensi non-Garut,2026-10-05,6843.61,1710.90,304.30,5.12,44.61,12.78,estimasi_takaran_sumber_mendeley
RCP-MDL-0365,Garut + referensi non-Garut,2026-10-05,44754.57,11188.64,610.78,24.66,27.19,45.81,estimasi_takaran_sumber_mendeley
RCP-MDL-0367,Garut + referensi non-Garut,2026-10-05,126124.63,21020.77,295.20,29.92,37.13,3.25,estimasi_takaran_sumber_mendeley
RCP-MDL-0368,Garut + referensi non-Garut,2026-10-05,95954.18,19190.84,739.16,32.02,32.35,53.81,estimasi_takaran_sumber_mendeley
RCP-MDL-0371,Garut + referensi non-Garut,2026-10-05,87448.39,8744.84,180.73,21.07,12.49,5.36,estimasi_takaran_sumber_mendeley
RCP-MDL-0384,Garut + referensi non-Garut,2026-10-05,25778.55,6444.64,215.02,15.55,20.07,9.06,estimasi_takaran_sumber_mendeley
RCP-MDL-0394,Garut + referensi non-Garut,2026-10-05,163237.85,32647.57,265.28,47.72,17.18,0.75,estimasi_takaran_sumber_mendeley
RCP-MDL-0404,Garut + referensi non-Garut,2026-10-05,41512.83,10378.21,203.38,17.59,13.37,9.89,estimasi_takaran_sumber_mendeley
RCP-MDL-0409,Garut + referensi non-Garut,2026-10-05,25344.47,5068.89,129.12,9.50,8.40,7.08,estimasi_takaran_sumber_mendeley
RCP-MDL-0416,Garut + referensi non-Garut,2026-10-05,44117.19,22058.59,267.52,31.91,20.05,7.14,estimasi_takaran_sumber_mendeley
RCP-MDL-0422,Garut + referensi non-Garut,2026-10-05,43901.20,10975.30,271.90,17.69,26.41,11.18,estimasi_takaran_sumber_mendeley
RCP-MDL-0427,Garut + referensi non-Garut,2026-10-05,50259.33,12564.83,335.90,16.22,65.31,2.33,estimasi_takaran_sumber_mendeley
RCP-MDL-0433,Garut + referensi non-Garut,2026-10-05,34212.72,6842.54,192.86,23.37,16.18,3.99,estimasi_takaran_sumber_mendeley
RCP-MDL-0436,Garut + referensi non-Garut,2026-10-05,109874.20,21974.84,464.89,29.24,23.97,28.47,estimasi_takaran_sumber_mendeley
RCP-MDL-0438,Garut + referensi non-Garut,2026-10-05,23979.44,11989.72,658.95,23.80,79.08,29.85,estimasi_takaran_sumber_mendeley
RCP-MDL-0451,Garut + referensi non-Garut,2026-10-05,22181.98,4436.40,629.44,12.71,130.65,8.32,estimasi_takaran_sumber_mendeley
RCP-MDL-0457,Garut + referensi non-Garut,2026-10-05,10294.63,2058.93,169.63,4.29,32.64,3.35,estimasi_takaran_sumber_mendeley
RCP-MDL-0464,Garut + referensi non-Garut,2026-10-05,59969.30,9994.88,304.64,25.66,19.64,14.39,estimasi_takaran_sumber_mendeley
RCP-MDL-0470,Garut + referensi non-Garut,2026-10-05,64212.48,8026.56,373.17,22.49,30.11,18.18,estimasi_takaran_sumber_mendeley
RCP-MDL-0479,Garut + referensi non-Garut,2026-10-05,38196.71,9549.18,381.93,17.24,39.57,17.75,estimasi_takaran_sumber_mendeley
RCP-MDL-0484,Garut + referensi non-Garut,2026-10-05,26344.00,4390.67,461.24,3.74,28.93,37.94,estimasi_takaran_sumber_mendeley
RCP-MDL-0492,Garut + referensi non-Garut,2026-10-05,13239.68,4413.23,146.65,10.33,13.38,6.85,estimasi_takaran_sumber_mendeley
RCP-MDL-0493,Garut + referensi non-Garut,2026-10-05,18453.23,3690.65,239.45,6.80,5.29,22.66,estimasi_takaran_sumber_mendeley
RCP-MDL-0499,Garut + referensi non-Garut,2026-10-05,47504.43,4750.44,149.34,10.61,6.63,9.08,estimasi_takaran_sumber_mendeley
RCP-MDL-0504,Garut + referensi non-Garut,2026-10-05,26563.31,13281.66,210.96,14.31,29.60,5.62,estimasi_takaran_sumber_mendeley
RCP-MDL-0508,Garut + referensi non-Garut,2026-10-05,15673.01,3918.25,168.61,4.04,25.67,6.45,estimasi_takaran_sumber_mendeley
RCP-MDL-0517,Garut + referensi non-Garut,2026-10-05,106073.37,17678.89,264.30,21.75,37.60,4.21,estimasi_takaran_sumber_mendeley
RCP-MDL-0535,Garut + referensi non-Garut,2026-10-05,38223.74,19111.87,216.31,28.72,7.10,8.13,estimasi_takaran_sumber_mendeley
RCP-MDL-0550,Garut + referensi non-Garut,2026-10-05,204979.35,25622.42,405.65,30.99,20.07,24.31,estimasi_takaran_sumber_mendeley
RCP-MDL-0567,Garut + referensi non-Garut,2026-10-05,62559.56,12511.91,175.68,22.16,14.42,4.30,estimasi_takaran_sumber_mendeley
RCP-MDL-0572,Garut + referensi non-Garut,2026-10-05,44624.72,11156.18,355.76,22.68,31.23,16.25,estimasi_takaran_sumber_mendeley
RCP-MDL-0575,Garut + referensi non-Garut,2026-10-05,60728.01,20242.67,341.82,30.22,44.66,4.77,estimasi_takaran_sumber_mendeley
RCP-MDL-0581,Garut + referensi non-Garut,2026-10-05,106822.06,35607.35,356.27,47.75,25.09,7.74,estimasi_takaran_sumber_mendeley
RCP-MDL-0610,Garut + referensi non-Garut,2026-10-05,86570.89,10821.36,335.93,26.80,20.31,17.07,estimasi_takaran_sumber_mendeley
RCP-MDL-0621,Garut + referensi non-Garut,2026-10-05,111893.38,55946.69,872.59,101.37,76.10,18.90,estimasi_takaran_sumber_mendeley
RCP-MDL-0624,Garut + referensi non-Garut,2026-10-05,49543.75,16514.58,667.21,21.34,23.67,54.84,estimasi_takaran_sumber_mendeley
RCP-MDL-0626,Garut + referensi non-Garut,2026-10-05,57127.94,19042.65,1189.68,23.01,38.57,105.51,estimasi_takaran_sumber_mendeley
RCP-MDL-0628,Garut + referensi non-Garut,2026-10-05,72125.46,18031.36,246.47,13.48,43.42,11.68,estimasi_takaran_sumber_mendeley
RCP-MDL-0633,Garut + referensi non-Garut,2026-10-05,70424.12,17606.03,622.48,62.01,28.72,29.24,estimasi_takaran_sumber_mendeley
RCP-MDL-0638,Garut + referensi non-Garut,2026-10-05,53606.81,26803.41,642.44,52.30,34.37,34.18,estimasi_takaran_sumber_mendeley
RCP-MDL-0639,Garut + referensi non-Garut,2026-10-05,20644.37,6881.46,564.65,14.67,93.26,16.42,estimasi_takaran_sumber_mendeley
RCP-MDL-0642,Garut + referensi non-Garut,2026-10-05,42673.12,21336.56,1068.26,42.95,207.37,9.54,estimasi_takaran_sumber_mendeley
RCP-MDL-0649,Garut + referensi non-Garut,2026-10-05,28201.49,7050.37,468.86,13.06,66.61,18.15,estimasi_takaran_sumber_mendeley
RCP-MDL-0651,Garut + referensi non-Garut,2026-10-05,113657.90,22731.58,369.01,35.36,30.09,11.86,estimasi_takaran_sumber_mendeley
RCP-MDL-0676,Garut + referensi non-Garut,2026-10-05,35769.55,7153.91,146.88,15.19,14.12,3.56,estimasi_takaran_sumber_mendeley
RCP-MDL-0680,Garut + referensi non-Garut,2026-10-05,33828.35,11276.12,186.24,18.56,23.59,2.11,estimasi_takaran_sumber_mendeley
RCP-MDL-0693,Garut + referensi non-Garut,2026-10-05,87248.44,29082.81,518.95,37.79,69.18,11.78,estimasi_takaran_sumber_mendeley
RCP-MDL-0700,Garut + referensi non-Garut,2026-10-05,12714.69,6357.35,276.44,29.93,17.39,10.89,estimasi_takaran_sumber_mendeley
RCP-MDL-0738,Garut + referensi non-Garut,2026-10-05,97127.51,19425.50,551.41,36.99,36.10,29.68,estimasi_takaran_sumber_mendeley
RCP-MDL-0744,Garut + referensi non-Garut,2026-10-05,175880.69,17588.07,292.92,24.89,12.09,16.39,estimasi_takaran_sumber_mendeley
RCP-MDL-0746,Garut + referensi non-Garut,2026-10-05,101715.75,25428.94,562.14,14.82,61.92,39.94,estimasi_takaran_sumber_mendeley
RCP-MDL-0761,Garut + referensi non-Garut,2026-10-05,46459.61,9291.92,428.85,38.75,19.54,24.79,estimasi_takaran_sumber_mendeley
RCP-MDL-0772,Garut + referensi non-Garut,2026-10-05,81684.44,27228.15,424.79,10.03,76.82,7.91,estimasi_takaran_sumber_mendeley
RCP-MDL-0779,Garut + referensi non-Garut,2026-10-05,12575.63,4191.88,153.41,22.00,8.07,4.20,estimasi_takaran_sumber_mendeley
RCP-MDL-0784,Garut + referensi non-Garut,2026-10-05,46205.99,23102.99,997.05,28.40,151.98,35.32,estimasi_takaran_sumber_mendeley
RCP-MDL-0790,Garut + referensi non-Garut,2026-10-05,60935.05,15233.76,336.26,38.22,36.78,4.29,estimasi_takaran_sumber_mendeley
RCP-MDL-0811,Garut + referensi non-Garut,2026-10-05,64678.37,16169.59,257.30,26.22,28.37,4.98,estimasi_takaran_sumber_mendeley
RCP-MDL-0824,Garut + referensi non-Garut,2026-10-05,38823.92,9705.98,272.32,21.62,24.24,11.02,estimasi_takaran_sumber_mendeley
RCP-MDL-0849,Garut + referensi non-Garut,2026-10-05,92133.58,18426.72,287.33,23.01,44.96,2.39,estimasi_takaran_sumber_mendeley
RCP-MDL-0862,Garut + referensi non-Garut,2026-10-05,36250.33,9062.58,446.21,16.91,63.97,13.94,estimasi_takaran_sumber_mendeley
RCP-MDL-0873,Garut + referensi non-Garut,2026-10-05,20850.55,10425.28,232.45,9.71,51.25,0.59,estimasi_takaran_sumber_mendeley
RCP-MDL-0875,Garut + referensi non-Garut,2026-10-05,18569.62,4642.40,634.68,9.42,121.67,12.88,estimasi_takaran_sumber_mendeley
RCP-MDL-0890,Garut + referensi non-Garut,2026-10-05,17264.10,3452.82,170.96,10.86,11.16,9.76,estimasi_takaran_sumber_mendeley
RCP-MDL-0896,Garut + referensi non-Garut,2026-10-05,38760.71,19380.36,511.12,50.06,39.01,18.01,estimasi_takaran_sumber_mendeley
RCP-MDL-0899,Garut + referensi non-Garut,2026-10-05,45187.34,15062.45,651.98,39.15,99.39,13.06,estimasi_takaran_sumber_mendeley
RCP-MDL-0900,Garut + referensi non-Garut,2026-10-05,47787.42,15929.14,291.52,20.37,46.73,3.08,estimasi_takaran_sumber_mendeley
RCP-MDL-0940,Garut + referensi non-Garut,2026-10-05,19441.69,9720.85,743.94,6.07,14.07,75.65,estimasi_takaran_sumber_mendeley
RCP-MDL-0942,Garut + referensi non-Garut,2026-10-05,34638.20,6927.64,411.10,24.14,26.28,24.24,estimasi_takaran_sumber_mendeley
RCP-MDL-0948,Garut + referensi non-Garut,2026-10-05,30892.97,15446.48,677.24,45.47,50.92,33.76,estimasi_takaran_sumber_mendeley
RCP-MDL-0958,Garut + referensi non-Garut,2026-10-05,28747.39,4791.23,352.04,9.62,9.79,30.70,estimasi_takaran_sumber_mendeley
RCP-MDL-0967,Garut + referensi non-Garut,2026-10-05,16639.14,8319.57,169.11,17.91,16.84,3.43,estimasi_takaran_sumber_mendeley
RCP-MDL-0973,Garut + referensi non-Garut,2026-10-05,122767.02,20461.17,718.87,36.26,114.84,11.54,estimasi_takaran_sumber_mendeley
RCP-MDL-0974,Garut + referensi non-Garut,2026-10-05,35219.98,8804.99,325.31,23.53,25.11,15.99,estimasi_takaran_sumber_mendeley
RCP-MDL-0986,Garut + referensi non-Garut,2026-10-05,44415.42,7402.57,157.56,18.60,14.21,3.39,estimasi_takaran_sumber_mendeley
RCP-MDL-0991,Garut + referensi non-Garut,2026-10-05,32034.68,6406.94,193.03,14.00,27.79,2.74,estimasi_takaran_sumber_mendeley
RCP-MDL-0994,Garut + referensi non-Garut,2026-10-05,107929.47,26982.37,614.49,36.22,85.33,17.26,estimasi_takaran_sumber_mendeley
RCP-MDL-1004,Garut + referensi non-Garut,2026-10-05,111734.90,27933.72,359.44,13.85,76.86,0.68,estimasi_takaran_sumber_mendeley
RCP-MDL-1006,Garut + referensi non-Garut,2026-10-05,110931.10,27732.78,842.49,24.24,45.34,66.90,estimasi_takaran_sumber_mendeley
RCP-MDL-1010,Garut + referensi non-Garut,2026-10-05,33548.76,11182.92,366.36,32.99,32.09,12.72,estimasi_takaran_sumber_mendeley
RCP-MDL-1017,Garut + referensi non-Garut,2026-10-05,61515.49,10252.58,295.28,20.78,37.99,6.35,estimasi_takaran_sumber_mendeley
RCP-MDL-1018,Garut + referensi non-Garut,2026-10-05,84595.21,21148.80,721.47,27.99,30.93,58.99,estimasi_takaran_sumber_mendeley
RCP-MDL-1027,Garut + referensi non-Garut,2026-10-05,41695.46,5211.93,297.44,24.17,13.44,17.92,estimasi_takaran_sumber_mendeley
RCP-MDL-1033,Garut + referensi non-Garut,2026-10-05,26006.72,13003.36,556.15,41.48,30.75,31.46,estimasi_takaran_sumber_mendeley
RCP-MDL-1041,Garut + referensi non-Garut,2026-10-05,10588.82,5294.41,251.99,8.14,28.89,11.76,estimasi_takaran_sumber_mendeley
RCP-MDL-1042,Garut + referensi non-Garut,2026-10-05,50080.55,12520.14,544.41,22.22,38.29,35.20,estimasi_takaran_sumber_mendeley
RCP-MDL-1053,Garut + referensi non-Garut,2026-10-05,90817.94,22704.48,909.72,33.51,31.99,74.89,estimasi_takaran_sumber_mendeley
RCP-MDL-1054,Garut + referensi non-Garut,2026-10-05,9735.18,4867.59,299.69,13.09,38.78,12.41,estimasi_takaran_sumber_mendeley
RCP-MDL-1069,Garut + referensi non-Garut,2026-10-05,35147.07,5857.84,230.11,13.82,12.10,14.31,estimasi_takaran_sumber_mendeley
RCP-MDL-1082,Garut + referensi non-Garut,2026-10-05,34040.84,11346.95,557.82,39.49,28.47,33.39,estimasi_takaran_sumber_mendeley
RCP-MDL-1090,Garut + referensi non-Garut,2026-10-05,53670.55,17890.18,321.55,29.22,34.54,7.52,estimasi_takaran_sumber_mendeley
RCP-MDL-1097,Garut + referensi non-Garut,2026-10-05,40440.42,10110.10,212.62,22.92,15.81,7.20,estimasi_takaran_sumber_mendeley
RCP-MDL-1105,Garut + referensi non-Garut,2026-10-05,41022.53,8204.51,283.21,26.99,11.62,14.04,estimasi_takaran_sumber_mendeley
RCP-MDL-1107,Garut + referensi non-Garut,2026-10-05,17475.16,4368.79,211.77,13.57,12.43,13.95,estimasi_takaran_sumber_mendeley
RCP-MDL-1116,Garut + referensi non-Garut,2026-10-05,12810.46,3202.61,434.02,13.76,97.90,0.53,estimasi_takaran_sumber_mendeley
RCP-MDL-1118,Garut + referensi non-Garut,2026-10-05,11204.64,2801.16,130.58,4.22,7.61,9.48,estimasi_takaran_sumber_mendeley
RCP-MDL-1120,Garut + referensi non-Garut,2026-10-05,50546.99,10109.40,283.26,16.41,30.77,10.32,estimasi_takaran_sumber_mendeley
RCP-MDL-1127,Garut + referensi non-Garut,2026-10-05,40158.73,6693.12,1003.78,6.27,15.91,102.70,estimasi_takaran_sumber_mendeley
RCP-MDL-1139,Garut + referensi non-Garut,2026-10-05,143624.64,47874.88,1189.51,77.59,176.45,24.47,estimasi_takaran_sumber_mendeley
RCP-MDL-1152,Garut + referensi non-Garut,2026-10-05,17104.54,5701.51,234.22,15.43,14.70,13.70,estimasi_takaran_sumber_mendeley
RCP-MDL-1153,Garut + referensi non-Garut,2026-10-05,28030.86,5606.17,265.90,10.87,36.78,8.56,estimasi_takaran_sumber_mendeley
RCP-MDL-1157,Garut + referensi non-Garut,2026-10-05,79978.75,15995.75,729.58,52.45,50.40,36.14,estimasi_takaran_sumber_mendeley
RCP-MDL-1158,Garut + referensi non-Garut,2026-10-05,65115.26,9302.18,357.91,17.23,49.90,9.43,estimasi_takaran_sumber_mendeley
RCP-MDL-1160,Garut + referensi non-Garut,2026-10-05,102933.76,34311.25,1230.50,61.64,227.12,8.88,estimasi_takaran_sumber_mendeley
RCP-MDL-1174,Garut + referensi non-Garut,2026-10-05,64236.42,10706.07,473.74,21.06,21.37,36.04,estimasi_takaran_sumber_mendeley
RCP-MDL-1191,Garut + referensi non-Garut,2026-10-05,18434.28,9217.14,604.92,41.08,42.61,32.78,estimasi_takaran_sumber_mendeley
RCP-MDL-1199,Garut + referensi non-Garut,2026-10-05,68936.19,11489.37,254.15,24.78,11.81,12.28,estimasi_takaran_sumber_mendeley
RCP-MDL-1215,Garut + referensi non-Garut,2026-10-05,57206.95,19068.98,682.18,28.64,103.21,17.22,estimasi_takaran_sumber_mendeley
RCP-MDL-1216,Garut + referensi non-Garut,2026-10-05,35657.02,5942.84,157.92,16.66,6.36,8.05,estimasi_takaran_sumber_mendeley
RCP-MDL-1227,Garut + referensi non-Garut,2026-10-05,59079.38,6564.38,182.70,25.11,11.22,4.32,estimasi_takaran_sumber_mendeley
RCP-MDL-1233,Garut + referensi non-Garut,2026-10-05,26886.70,6721.68,341.05,20.05,15.80,22.58,estimasi_takaran_sumber_mendeley
RCP-MDL-1235,Garut + referensi non-Garut,2026-10-05,25594.93,4265.82,173.74,13.37,11.91,8.56,estimasi_takaran_sumber_mendeley
RCP-MDL-1237,Garut + referensi non-Garut,2026-10-05,28839.09,5767.82,168.89,14.04,13.12,7.58,estimasi_takaran_sumber_mendeley
RCP-MDL-1261,Garut + referensi non-Garut,2026-10-05,44639.49,11159.87,762.37,23.61,39.56,57.59,estimasi_takaran_sumber_mendeley
RCP-MDL-1263,Garut + referensi non-Garut,2026-10-05,9151.80,4575.90,423.74,42.87,22.72,21.73,estimasi_takaran_sumber_mendeley
RCP-MDL-1266,Garut + referensi non-Garut,2026-10-05,32770.40,8192.60,696.08,16.65,10.40,65.48,estimasi_takaran_sumber_mendeley
RCP-MDL-1270,Garut + referensi non-Garut,2026-10-05,80412.33,13402.05,222.99,25.58,14.17,7.23,estimasi_takaran_sumber_mendeley
RCP-MDL-1278,Garut + referensi non-Garut,2026-10-05,32557.08,6511.42,215.35,7.94,18.10,12.89,estimasi_takaran_sumber_mendeley
RCP-MDL-1284,Garut + referensi non-Garut,2026-10-05,55557.22,27778.61,424.56,29.74,66.22,4.16,estimasi_takaran_sumber_mendeley
RCP-MDL-1310,Garut + referensi non-Garut,2026-10-05,40185.56,8037.11,277.42,33.58,14.60,9.85,estimasi_takaran_sumber_mendeley
RCP-MDL-1321,Garut + referensi non-Garut,2026-10-05,28095.35,5619.07,177.83,10.00,9.95,10.91,estimasi_takaran_sumber_mendeley
RCP-MDL-1324,Garut + referensi non-Garut,2026-10-05,28063.50,14031.75,435.37,9.28,33.02,33.66,estimasi_takaran_sumber_mendeley
RCP-MDL-1329,Garut + referensi non-Garut,2026-10-05,37251.75,7450.35,274.54,11.52,22.51,15.77,estimasi_takaran_sumber_mendeley
RCP-MDL-1333,Garut + referensi non-Garut,2026-10-05,69229.09,6922.91,227.12,23.85,13.90,8.80,estimasi_takaran_sumber_mendeley
RCP-MDL-1334,Garut + referensi non-Garut,2026-10-05,39081.94,19540.97,575.89,39.72,21.37,37.10,estimasi_takaran_sumber_mendeley
RCP-MDL-1343,Garut + referensi non-Garut,2026-10-05,34265.45,34265.45,943.74,63.71,68.04,49.07,estimasi_takaran_sumber_mendeley
RCP-MDL-1354,Garut + referensi non-Garut,2026-10-05,81488.65,13581.44,611.14,20.80,41.28,40.66,estimasi_takaran_sumber_mendeley
RCP-MDL-1358,Garut + referensi non-Garut,2026-10-05,11330.46,3776.82,211.30,11.97,25.91,6.64,estimasi_takaran_sumber_mendeley
RCP-MDL-1360,Garut + referensi non-Garut,2026-10-05,82561.43,16512.29,487.57,66.79,30.15,11.59,estimasi_takaran_sumber_mendeley
RCP-MDL-1364,Garut + referensi non-Garut,2026-10-05,39884.37,19942.19,287.42,9.74,55.18,10.88,estimasi_takaran_sumber_mendeley
RCP-MDL-1368,Garut + referensi non-Garut,2026-10-05,29806.66,9935.55,186.33,19.43,14.71,6.84,estimasi_takaran_sumber_mendeley
RCP-MDL-1372,Garut + referensi non-Garut,2026-10-05,45955.25,9191.05,952.20,16.33,219.18,2.92,estimasi_takaran_sumber_mendeley
RCP-MDL-1389,Garut + referensi non-Garut,2026-10-05,63719.32,12743.86,441.70,23.76,26.00,27.34,estimasi_takaran_sumber_mendeley
