raw_name,price_rupiah,unit,recorded_at,source_url,source_page,source_license
Beras Premium,15563,kg,2026-09-28,https://bapokting.disperindag.garutkab.go.id/Bapokting/grafik?komoditi=3,https://bapokting.disperindag.garutkab.go.id/Bapokting/,Tidak disebutkan pada laman
Beras Medium,14625,kg,2026-09-28,https://bapokting.disperindag.garutkab.go.id/Bapokting/grafik?komoditi=4,https://bapokting.disperindag.garutkab.go.id/Bapokting/,Tidak disebutkan pada laman
Beras Termahal,15833,kg,2026-09-28,https://bapokting.disperindag.garutkab.go.id/Bapokting/grafik?komoditi=5,https://bapokting.disperindag.garutkab.go.id/Bapokting/,Tidak disebutkan pada laman
Beras Termurah (Non Bulog),13625,kg,2026-09-28,https://bapokting.disperindag.garutkab.go.id/Bapokting/grafik?komoditi=6,https://bapokting.disperindag.garutkab.go.id/Bapokting/,Tidak disebutkan pada laman
Gula Pasir Dalam Negeri,18611,kg,2026-09-28,https://bapokting.disperindag.garutkab.go.id/Bapokting/grafik?komoditi=7,https://bapokting.disperindag.garutkab.go.id/Bapokting/,Tidak disebutkan pada laman
Minyak Goreng Bimoli Kemasan,23769,liter,2026-09-28,https://bapokting.disperindag.garutkab.go.id/Bapokting/grafik?komoditi=8,https://bapokting.disperindag.garutkab.go.id/Bapokting/,Tidak disebutkan pada laman
Minyak Goreng Curah,21833,kg,2026-09-28,https://bapokting.disperindag.garutkab.go.id/Bapokting/grafik?komoditi=9,https://bapokting.disperindag.garutkab.go.id/Bapokting/,Tidak disebutkan pada laman
Minyak Goreng Kemasan Sederhana,20941,kg,2026-09-28,https://bapokting.disperindag.garutkab.go.id/Bapokting/grafik?komoditi=10,https://bapokting.disperindag.garutkab.go.id/Bapokting/,Tidak disebutkan pada laman
Daging Sapi,145214,kg,2026-09-28,https://bapokting.disperindag.garutkab.go.id/Bapokting/grafik?komoditi=11,https://bapokting.disperindag.garutkab.go.id/Bapokting/,Tidak disebutkan pada laman
Daging Ayam Broiler,39412,kg,2026-09-28,https://bapokting.disperindag.garutkab.go.id/Bapokting/grafik?komoditi=12,https://bapokting.disperindag.garutkab.go.id/Bapokting/,Tidak disebutkan pada laman
Daging Ayam Kampung,55714,kg,2026-09-28,https://bapokting.disperindag.garutkab.go.id/Bapokting/grafik?komoditi=13,https://bapokting.disperindag.garutkab.go.id/Bapokting/,Tidak disebutkan pada laman
Telur Ayam Broiler,26889,kg,2026-09-28,https://bapokting.disperindag.garutkab.go.id/Bapokting/grafik?komoditi=14,https://bapokting.disperindag.garutkab.go.id/Bapokting/,Tidak disebutkan pada laman
Telur Ayam Kampung,2958,butir,2026-09-28,https://bapokting.disperindag.garutkab.go.id/Bapokting/grafik?komoditi=15,https://bapokting.disperindag.garutkab.go.id/Bapokting/,Tidak disebutkan pada laman
Susu Kental Manis Merk bendera,12794,kaleng,2026-09-28,https://bapokting.disperindag.garutkab.go.id/Bapokting/grafik?komoditi=16,https://bapokting.disperindag.garutkab.go.id/Bapokting/,Tidak disebutkan pada laman
Susu Kental Manis Merk Indomilk,12441,kaleng,2026-09-28,https://bapokting.disperindag.garutkab.go.id/Bapokting/grafik?komoditi=17,https://bapokting.disperindag.garutkab.go.id/Bapokting/,Tidak disebutkan pada laman
Susu Bubuk Dancow,63375,kotak,2026-09-28,https://bapokting.disperindag.garutkab.go.id/Bapokting/grafik?komoditi=18,https://bapokting.disperindag.garutkab.go.id/Bapokting/,Tidak disebutkan pada laman
Susu Bubuk Indomilk,71000,kotak,2026-09-28,https://bapokting.disperindag.garutkab.go.id/Bapokting/grafik?komoditi=19,https://bapokting.disperindag.garutkab.go.id/Bapokting/,Tidak disebutkan pada laman
Jagung Pipilan,12583,kg,2026-09-28,https://bapokting.disperindag.garutkab.go.id/Bapokting/grafik?komoditi=20,https://bapokting.disperindag.garutkab.go.id/Bapokting/,Tidak disebutkan pada laman
Garam Beryodium Bata,3417,bata,2026-09-28,https://bapokting.disperindag.garutkab.go.id/Bapokting/grafik?komoditi=21,https://bapokting.disperindag.garutkab.go.id/Bapokting/,Tidak disebutkan pada laman
Garam Beryodium Halus,2750,bungkus,2026-09-28,https://bapokting.disperindag.garutkab.go.id/Bapokting/grafik?komoditi=22,https://bapokting.disperindag.garutkab.go.id/Bapokting/,Tidak disebutkan pada laman
Tepung Terigu Cap Segitiga Biru,12588,kg,2026-09-28,https://bapokting.disperindag.garutkab.go.id/Bapokting/grafik?komoditi=23,https://bapokting.disperindag.garutkab.go.id/Bapokting/,Tidak disebutkan pada laman
Tepung Terigu Cap Cakra Kembar,13455,kg,2026-09-28,https://bapokting.disperindag.garutkab.go.id/Bapokting/grafik?komoditi=24,https://bapokting.disperindag.garutkab.go.id/Bapokting/,Tidak disebutkan pada laman
Tepung Terigu Cap Kunci,12273,kg,2026-09-28,https://bapokting.disperindag.garutkab.go.id/Bapokting/grafik?komoditi=25,https://bapokting.disperindag.garutkab.go.id/Bapokting/,Tidak disebutkan pada laman
Kacang Kedelai Impor,16688,kg,2026-09-28,https://bapokting.disperindag.garutkab.go.id/Bapokting/grafik?komoditi=26,https://bapokting.disperindag.garutkab.go.id/Bapokting/,Tidak disebutkan pada laman
Kacang Hijau,29176,kg,2026-09-28,https://bapokting.disperindag.garutkab.go.id/Bapokting/grafik?komoditi=27,https://bapokting.disperindag.garutkab.go.id/Bapokting/,Tidak disebutkan pada laman
Kacang Tanah,43529,kg,2026-09-28,https://bapokting.disperindag.garutkab.go.id/Bapokting/grafik?komoditi=28,https://bapokting.disperindag.garutkab.go.id/Bapokting/,Tidak disebutkan pada laman
Mie Instan,3094,bungkus,2026-09-28,https://bapokting.disperindag.garutkab.go.id/Bapokting/grafik?komoditi=29,https://bapokting.disperindag.garutkab.go.id/Bapokting/,Tidak disebutkan pada laman
Cabe Merah Keriting,59412,kg,2026-09-28,https://bapokting.disperindag.garutkab.go.id/Bapokting/grafik?komoditi=30,https://bapokting.disperindag.garutkab.go.id/Bapokting/,Tidak disebutkan pada laman
Cabe Merah Biasa,74667,kg,2026-09-28,https://bapokting.disperindag.garutkab.go.id/Bapokting/grafik?komoditi=31,https://bapokting.disperindag.garutkab.go.id/Bapokting/,Tidak disebutkan pada laman
Cabe Rawit Hijau,55944,kg,2026-09-28,https://bapokting.disperindag.garutkab.go.id/Bapokting/grafik?komoditi=32,https://bapokting.disperindag.garutkab.go.id/Bapokting/,Tidak disebutkan pada laman
Cabe Rawit Merah,78333,kg,2026-09-28,https://bapokting.disperindag.garutkab.go.id/Bapokting/grafik?komoditi=33,https://bapokting.disperindag.garutkab.go.id/Bapokting/,Tidak disebutkan pada laman
Bawang Merah,31111,kg,2026-09-28,https://bapokting.disperindag.garutkab.go.id/Bapokting/grafik?komoditi=34,https://bapokting.disperindag.garutkab.go.id/Bapokting/,Tidak disebutkan pada laman
Bawang Putih,33375,kg,2026-09-28,https://bapokting.disperindag.garutkab.go.id/Bapokting/grafik?komoditi=35,https://bapokting.disperindag.garutkab.go.id/Bapokting/,Tidak disebutkan pada laman
Ikan Asin Teri No. 2,67857,kg,2026-09-28,https://bapokting.disperindag.garutkab.go.id/Bapokting/grafik?komoditi=36,https://bapokting.disperindag.garutkab.go.id/Bapokting/,Tidak disebutkan pada laman
Ikan kembung,48857,kg,2026-09-28,https://bapokting.disperindag.garutkab.go.id/Bapokting/grafik?komoditi=37,https://bapokting.disperindag.garutkab.go.id/Bapokting/,Tidak disebutkan pada laman
Ketela Pohon,4917,kg,2026-09-28,https://bapokting.disperindag.garutkab.go.id/Bapokting/grafik?komoditi=38,https://bapokting.disperindag.garutkab.go.id/Bapokting/,Tidak disebutkan pada laman
Kentang,16941,kg,2026-09-28,https://bapokting.disperindag.garutkab.go.id/Bapokting/grafik?komoditi=39,https://bapokting.disperindag.garutkab.go.id/Bapokting/,Tidak disebutkan pada laman
Gas Elpiji 3 Kg,22000,kg,2026-09-28,https://bapokting.disperindag.garutkab.go.id/Bapokting/grafik?komoditi=40,https://bapokting.disperindag.garutkab.go.id/Bapokting/,Tidak disebutkan pada laman
Jagung Manis,14438,kg,2026-09-28,https://bapokting.disperindag.garutkab.go.id/Bapokting/grafik?komoditi=42,https://bapokting.disperindag.garutkab.go.id/Bapokting/,Tidak disebutkan pada laman
Tepung Terigu Curah,9000,kg,2026-09-28,https://bapokting.disperindag.garutkab.go.id/Bapokting/grafik?komoditi=43,https://bapokting.disperindag.garutkab.go.id/Bapokting/,Tidak disebutkan pada laman
Ikan Bandeng,41778,kg,2026-09-28,https://bapokting.disperindag.garutkab.go.id/Bapokting/grafik?komoditi=44,https://bapokting.disperindag.garutkab.go.id/Bapokting/,Tidak disebutkan pada laman
Ikan Segar Tongkol/Tuna/Cakalang,42714,kg,2026-09-28,https://bapokting.disperindag.garutkab.go.id/Bapokting/grafik?komoditi=45,https://bapokting.disperindag.garutkab.go.id/Bapokting/,Tidak disebutkan pada laman
Cabe Hijau Biasa,34467,kg,2026-09-28,https://bapokting.disperindag.garutkab.go.id/Bapokting/grafik?komoditi=46,https://bapokting.disperindag.garutkab.go.id/Bapokting/,Tidak disebutkan pada laman
Gula Merah,24139,kg,2026-09-28,https://bapokting.disperindag.garutkab.go.id/Bapokting/grafik?komoditi=47,https://bapokting.disperindag.garutkab.go.id/Bapokting/,Tidak disebutkan pada laman
Tomat Merah,9111,kg,2026-09-28,https://bapokting.disperindag.garutkab.go.id/Bapokting/grafik?komoditi=48,https://bapokting.disperindag.garutkab.go.id/Bapokting/,Tidak disebutkan pada laman
Bawang Bombay,37167,kg,2026-09-28,https://bapokting.disperindag.garutkab.go.id/Bapokting/grafik?komoditi=49,https://bapokting.disperindag.garutkab.go.id/Bapokting/,Tidak disebutkan pada laman
Kol/Kubis,8000,kg,2026-09-28,https://bapokting.disperindag.garutkab.go.id/Bapokting/grafik?komoditi=50,https://bapokting.disperindag.garutkab.go.id/Bapokting/,Tidak disebutkan pada laman
Tempe / Kg,9333,kg,2026-09-28,https://bapokting.disperindag.garutkab.go.id/Bapokting/grafik?komoditi=51,https://bapokting.disperindag.garutkab.go.id/Bapokting/,Tidak disebutkan pada laman
Tahu Mentah / Kg,9000,kg,2026-09-28,https://bapokting.disperindag.garutkab.go.id/Bapokting/grafik?komoditi=52,https://bapokting.disperindag.garutkab.go.id/Bapokting/,Tidak disebutkan pada laman
Udang,89286,kg,2026-09-28,https://bapokting.disperindag.garutkab.go.id/Bapokting/grafik?komoditi=53,https://bapokting.disperindag.garutkab.go.id/Bapokting/,Tidak disebutkan pada laman
Jeruk,20333,kg,2026-09-28,https://bapokting.disperindag.garutkab.go.id/Bapokting/grafik?komoditi=54,https://bapokting.disperindag.garutkab.go.id/Bapokting/,Tidak disebutkan pada laman
Pisang,6588,kg,2026-09-28,https://bapokting.disperindag.garutkab.go.id/Bapokting/grafik?komoditi=55,https://bapokting.disperindag.garutkab.go.id/Bapokting/,Tidak disebutkan pada laman
Tomat Hijau,7222,kg,2026-09-28,https://bapokting.disperindag.garutkab.go.id/Bapokting/grafik?komoditi=56,https://bapokting.disperindag.garutkab.go.id/Bapokting/,Tidak disebutkan pada laman
Minyak Kita,19900,liter,2026-09-28,https://bapokting.disperindag.garutkab.go.id/Bapokting/grafik?komoditi=57,https://bapokting.disperindag.garutkab.go.id/Bapokting/,Tidak disebutkan pada laman
Ikan Mas,35867,kg,2026-09-28,https://bapokting.disperindag.garutkab.go.id/Bapokting/grafik?komoditi=58,https://bapokting.disperindag.garutkab.go.id/Bapokting/,Tidak disebutkan pada laman
Ubi Jalar Putih,6938,kg,2026-09-28,https://bapokting.disperindag.garutkab.go.id/Bapokting/grafik?komoditi=59,https://bapokting.disperindag.garutkab.go.id/Bapokting/,Tidak disebutkan pada laman
Susu Balita SGM 400Gr,57000,kotak,2026-09-28,https://bapokting.disperindag.garutkab.go.id/Bapokting/grafik?komoditi=60,https://bapokting.disperindag.garutkab.go.id/Bapokting/,Tidak disebutkan pada laman
"Daging Sapi, Lokal, Tetelan",95273,kg,2026-09-28,https://bapokting.disperindag.garutkab.go.id/Bapokting/grafik?komoditi=61,https://bapokting.disperindag.garutkab.go.id/Bapokting/,Tidak disebutkan pada laman
"Daging Sapi, Lokal, Paha Depan",145273,kg,2026-09-28,https://bapokting.disperindag.garutkab.go.id/Bapokting/grafik?komoditi=62,https://bapokting.disperindag.garutkab.go.id/Bapokting/,Tidak disebutkan pada laman
"Daging Sapi, Lokal, Paha Belakang",145273,kg,2026-09-28,https://bapokting.disperindag.garutkab.go.id/Bapokting/grafik?komoditi=63,https://bapokting.disperindag.garutkab.go.id/Bapokting/,Tidak disebutkan pada laman
"Daging Sapi, Lokal, Has Dalam",145273,kg,2026-09-28,https://bapokting.disperindag.garutkab.go.id/Bapokting/grafik?komoditi=64,https://bapokting.disperindag.garutkab.go.id/Bapokting/,Tidak disebutkan pada laman
"Daging Sapi, Lokal, Has Luar",145273,kg,2026-09-28,https://bapokting.disperindag.garutkab.go.id/Bapokting/grafik?komoditi=65,https://bapokting.disperindag.garutkab.go.id/Bapokting/,Tidak disebutkan pada laman
Susu Kotak,3000,kotak,2026-09-28,https://bapokting.disperindag.garutkab.go.id/Bapokting/grafik?komoditi=67,https://bapokting.disperindag.garutkab.go.id/Bapokting/,Tidak disebutkan pada laman
Anggur,68167,kg,2026-09-28,https://bapokting.disperindag.garutkab.go.id/Bapokting/grafik?komoditi=68,https://bapokting.disperindag.garutkab.go.id/Bapokting/,Tidak disebutkan pada laman
Melon,15533,kg,2026-09-28,https://bapokting.disperindag.garutkab.go.id/Bapokting/grafik?komoditi=69,https://bapokting.disperindag.garutkab.go.id/Bapokting/,Tidak disebutkan pada laman
Leci,50000,kg,2026-09-28,https://bapokting.disperindag.garutkab.go.id/Bapokting/grafik?komoditi=70,https://bapokting.disperindag.garutkab.go.id/Bapokting/,Tidak disebutkan pada laman
Lengkeng,57222,kg,2026-09-28,https://bapokting.disperindag.garutkab.go.id/Bapokting/grafik?komoditi=71,https://bapokting.disperindag.garutkab.go.id/Bapokting/,Tidak disebutkan pada laman
Gas 50 Kg,1100000,tabung,2026-09-28,https://bapokting.disperindag.garutkab.go.id/Bapokting/grafik?komoditi=72,https://bapokting.disperindag.garutkab.go.id/Bapokting/,Tidak disebutkan pada laman
Ikan Dori,53000,kg,2026-09-28,https://bapokting.disperindag.garutkab.go.id/Bapokting/grafik?komoditi=73,https://bapokting.disperindag.garutkab.go.id/Bapokting/,Tidak disebutkan pada laman
Wortel,14176,kg,2026-09-28,https://bapokting.disperindag.garutkab.go.id/Bapokting/grafik?komoditi=74,https://bapokting.disperindag.garutkab.go.id/Bapokting/,Tidak disebutkan pada laman
Buncis,17500,kg,2026-09-28,https://bapokting.disperindag.garutkab.go.id/Bapokting/grafik?komoditi=75,https://bapokting.disperindag.garutkab.go.id/Bapokting/,Tidak disebutkan pada laman
Sawi Putih,9385,kg,2026-09-28,https://bapokting.disperindag.garutkab.go.id/Bapokting/grafik?komoditi=76,https://bapokting.disperindag.garutkab.go.id/Bapokting/,Tidak disebutkan pada laman
Pak Choi,10643,kg,2026-09-28,https://bapokting.disperindag.garutkab.go.id/Bapokting/grafik?komoditi=77,https://bapokting.disperindag.garutkab.go.id/Bapokting/,Tidak disebutkan pada laman
Kol,6769,kg,2026-09-28,https://bapokting.disperindag.garutkab.go.id/Bapokting/grafik?komoditi=78,https://bapokting.disperindag.garutkab.go.id/Bapokting/,Tidak disebutkan pada laman
Timun,7375,kg,2026-09-28,https://bapokting.disperindag.garutkab.go.id/Bapokting/grafik?komoditi=79,https://bapokting.disperindag.garutkab.go.id/Bapokting/,Tidak disebutkan pada laman
Kangkung,3688,kg,2026-09-28,https://bapokting.disperindag.garutkab.go.id/Bapokting/grafik?komoditi=80,https://bapokting.disperindag.garutkab.go.id/Bapokting/,Tidak disebutkan pada laman
Bayam,3219,kg,2026-09-28,https://bapokting.disperindag.garutkab.go.id/Bapokting/grafik?komoditi=81,https://bapokting.disperindag.garutkab.go.id/Bapokting/,Tidak disebutkan pada laman
Roti,7933,bungkus,2026-09-28,https://bapokting.disperindag.garutkab.go.id/Bapokting/grafik?komoditi=82,https://bapokting.disperindag.garutkab.go.id/Bapokting/,Tidak disebutkan pada laman
Tahu Mentah / pcs,1280,pcs,2026-09-28,https://bapokting.disperindag.garutkab.go.id/Bapokting/grafik?komoditi=83,https://bapokting.disperindag.garutkab.go.id/Bapokting/,Tidak disebutkan pada laman
Tempe / pcs,8308,pcs,2026-09-28,https://bapokting.disperindag.garutkab.go.id/Bapokting/grafik?komoditi=84,https://bapokting.disperindag.garutkab.go.id/Bapokting/,Tidak disebutkan pada laman
Gas Elpiji 12 Kg,175000,tabung,2026-09-28,https://bapokting.disperindag.garutkab.go.id/Bapokting/grafik?komoditi=85,https://bapokting.disperindag.garutkab.go.id/Bapokting/,Tidak disebutkan pada laman
