conversion_code,ingredient_code,unit,gram_equivalent,source,source_url,conversion_status,note
CNV-38226A6569C8,ING-AIR,g,1,SI,https://www.bipm.org/en/measurement-units,standard,Konversi massa; ons Indonesia = 100 g
CNV-2C2AB3F4837B,ING-AIR,kg,1000,SI,https://www.bipm.org/en/measurement-units,standard,Konversi massa; ons Indonesia = 100 g
CNV-2E499F1AB2A2,ING-AIR,ons,100,Buku Matematika Kemendikdasmen,https://repositori.kemendikdasmen.go.id/19098/1/6.%20%20Matematika_IV%20SD.pdf,standard,Konversi massa; ons Indonesia = 100 g
CNV-F7601C9DC48A,ING-ALLSPICE,g,1,SI,https://www.bipm.org/en/measurement-units,standard,Konversi massa; ons Indonesia = 100 g
CNV-83AD2ED80EE5,ING-ALLSPICE,kg,1000,SI,https://www.bipm.org/en/measurement-units,standard,Konversi massa; ons Indonesia = 100 g
CNV-F8A6A0FD05A9,ING-ALLSPICE,ons,100,Buku Matematika Kemendikdasmen,https://repositori.kemendikdasmen.go.id/19098/1/6.%20%20Matematika_IV%20SD.pdf,standard,Konversi massa; ons Indonesia = 100 g
CNV-E3342E1499BD,ING-ANGGUR,g,1,SI,https://www.bipm.org/en/measurement-units,standard,Konversi massa; ons Indonesia = 100 g
CNV-9BC21D9B5F01,ING-ANGGUR,kg,1000,SI,https://www.bipm.org/en/measurement-units,standard,Konversi massa; ons Indonesia = 100 g
CNV-D2FAB70A1B0F,ING-ANGGUR,ons,100,Buku Matematika Kemendikdasmen,https://repositori.kemendikdasmen.go.id/19098/1/6.%20%20Matematika_IV%20SD.pdf,standard,Konversi massa; ons Indonesia = 100 g
CNV-69AD08C0E45A,ING-ANGGUR-MERAH,g,1,SI,https://www.bipm.org/en/measurement-units,standard,Konversi massa; ons Indonesia = 100 g
CNV-98C8048DD826,ING-ANGGUR-MERAH,kg,1000,SI,https://www.bipm.org/en/measurement-units,standard,Konversi massa; ons Indonesia = 100 g
CNV-3246235694EA,ING-ANGGUR-MERAH,ons,100,Buku Matematika Kemendikdasmen,https://repositori.kemendikdasmen.go.id/19098/1/6.%20%20Matematika_IV%20SD.pdf,standard,Konversi massa; ons Indonesia = 100 g
CNV-7DAC1500BD09,ING-APEL,g,1,SI,https://www.bipm.org/en/measurement-units,standard,Konversi massa; ons Indonesia = 100 g
CNV-E016D6DCDE10,ING-APEL,kg,1000,SI,https://www.bipm.org/en/measurement-units,standard,Konversi massa; ons Indonesia = 100 g
CNV-33A618E19849,ING-APEL,ons,100,Buku Matematika Kemendikdasmen,https://repositori.kemendikdasmen.go.id/19098/1/6.%20%20Matematika_IV%20SD.pdf,standard,Konversi massa; ons Indonesia = 100 g
CNV-DEB82E04627D,ING-ASAM-JAWA,g,1,SI,https://www.bipm.org/en/measurement-units,standard,Konversi massa; ons Indonesia = 100 g
CNV-9D8103B31088,ING-ASAM-JAWA,kg,1000,SI,https://www.bipm.org/en/measurement-units,standard,Konversi massa; ons Indonesia = 100 g
CNV-E486F4510520,ING-ASAM-JAWA,ons,100,Buku Matematika Kemendikdasmen,https://repositori.kemendikdasmen.go.id/19098/1/6.%20%20Matematika_IV%20SD.pdf,standard,Konversi massa; ons Indonesia = 100 g
CNV-0E055A750087,ING-ATI-AMPELA,g,1,SI,https://www.bipm.org/en/measurement-units,standard,Konversi massa; ons Indonesia = 100 g
CNV-A0F47F60B99A,ING-ATI-AMPELA,kg,1000,SI,https://www.bipm.org/en/measurement-units,standard,Konversi massa; ons Indonesia = 100 g
CNV-1AB91552CC36,ING-ATI-AMPELA,ons,100,Buku Matematika Kemendikdasmen,https://repositori.kemendikdasmen.go.id/19098/1/6.%20%20Matematika_IV%20SD.pdf,standard,Konversi massa; ons Indonesia = 100 g
CNV-23B968FA0CB6,ING-BASIL,g,1,SI,https://www.bipm.org/en/measurement-units,standard,Konversi massa; ons Indonesia = 100 g
CNV-68FA19BFA7A8,ING-BASIL,kg,1000,SI,https://www.bipm.org/en/measurement-units,standard,Konversi massa; ons Indonesia = 100 g
CNV-DCD3D06C7672,ING-BASIL,ons,100,Buku Matematika Kemendikdasmen,https://repositori.kemendikdasmen.go.id/19098/1/6.%20%20Matematika_IV%20SD.pdf,standard,Konversi massa; ons Indonesia = 100 g
CNV-6E00B2F65ED3,ING-BAWANG-BOMBAY,g,1,SI,https://www.bipm.org/en/measurement-units,standard,Konversi massa; ons Indonesia = 100 g
CNV-1A1533ABF4C3,ING-BAWANG-BOMBAY,kg,1000,SI,https://www.bipm.org/en/measurement-units,standard,Konversi massa; ons Indonesia = 100 g
CNV-0C0319A7658B,ING-BAWANG-BOMBAY,ons,100,Buku Matematika Kemendikdasmen,https://repositori.kemendikdasmen.go.id/19098/1/6.%20%20Matematika_IV%20SD.pdf,standard,Konversi massa; ons Indonesia = 100 g
CNV-430D26A2A8D0,ING-BAWANG-MERAH,g,1,SI,https://www.bipm.org/en/measurement-units,standard,Konversi massa; ons Indonesia = 100 g
CNV-4320DEF052CB,ING-BAWANG-MERAH,kg,1000,SI,https://www.bipm.org/en/measurement-units,standard,Konversi massa; ons Indonesia = 100 g
CNV-0DE516A47CC4,ING-BAWANG-MERAH,ons,100,Buku Matematika Kemendikdasmen,https://repositori.kemendikdasmen.go.id/19098/1/6.%20%20Matematika_IV%20SD.pdf,standard,Konversi massa; ons Indonesia = 100 g
CNV-814D677F1ACD,ING-BAWANG-MERAH-UKURAN-SEDANG,g,1,SI,https://www.bipm.org/en/measurement-units,standard,Konversi massa; ons Indonesia = 100 g
CNV-D0B919946DE4,ING-BAWANG-MERAH-UKURAN-SEDANG,kg,1000,SI,https://www.bipm.org/en/measurement-units,standard,Konversi massa; ons Indonesia = 100 g
CNV-CB7BD1F461AA,ING-BAWANG-MERAH-UKURAN-SEDANG,ons,100,Buku Matematika Kemendikdasmen,https://repositori.kemendikdasmen.go.id/19098/1/6.%20%20Matematika_IV%20SD.pdf,standard,Konversi massa; ons Indonesia = 100 g
CNV-AD8CFA8CCB6E,ING-BAWANG-PUTIH,g,1,SI,https://www.bipm.org/en/measurement-units,standard,Konversi massa; ons Indonesia = 100 g
CNV-FB992DF97C13,ING-BAWANG-PUTIH,kg,1000,SI,https://www.bipm.org/en/measurement-units,standard,Konversi massa; ons Indonesia = 100 g
CNV-71B779AD879A,ING-BAWANG-PUTIH,ons,100,Buku Matematika Kemendikdasmen,https://repositori.kemendikdasmen.go.id/19098/1/6.%20%20Matematika_IV%20SD.pdf,standard,Konversi massa; ons Indonesia = 100 g
CNV-95B50D683FD7,ING-BAWANG-PUTIH-UKURAN-SEDANG,g,1,SI,https://www.bipm.org/en/measurement-units,standard,Konversi massa; ons Indonesia = 100 g
CNV-14A7628FA1E8,ING-BAWANG-PUTIH-UKURAN-SEDANG,kg,1000,SI,https://www.bipm.org/en/measurement-units,standard,Konversi massa; ons Indonesia = 100 g
CNV-BDD58FA401A1,ING-BAWANG-PUTIH-UKURAN-SEDANG,ons,100,Buku Matematika Kemendikdasmen,https://repositori.kemendikdasmen.go.id/19098/1/6.%20%20Matematika_IV%20SD.pdf,standard,Konversi massa; ons Indonesia = 100 g
CNV-A4B09D209908,ING-BAY-LEAF,g,1,SI,https://www.bipm.org/en/measurement-units,standard,Konversi massa; ons Indonesia = 100 g
CNV-5B7868ED410A,ING-BAY-LEAF,kg,1000,SI,https://www.bipm.org/en/measurement-units,standard,Konversi massa; ons Indonesia = 100 g
CNV-1F9E58C291EE,ING-BAY-LEAF,ons,100,Buku Matematika Kemendikdasmen,https://repositori.kemendikdasmen.go.id/19098/1/6.%20%20Matematika_IV%20SD.pdf,standard,Konversi massa; ons Indonesia = 100 g
CNV-4C6670D6656B,ING-BAYAM,g,1,SI,https://www.bipm.org/en/measurement-units,standard,Konversi massa; ons Indonesia = 100 g
CNV-512E413285A0,ING-BAYAM,kg,1000,SI,https://www.bipm.org/en/measurement-units,standard,Konversi massa; ons Indonesia = 100 g
CNV-F57C55973B03,ING-BAYAM,ons,100,Buku Matematika Kemendikdasmen,https://repositori.kemendikdasmen.go.id/19098/1/6.%20%20Matematika_IV%20SD.pdf,standard,Konversi massa; ons Indonesia = 100 g
CNV-B26A8B6E9574,ING-BERAS,g,1,SI,https://www.bipm.org/en/measurement-units,standard,Konversi massa; ons Indonesia = 100 g
CNV-C7B94771D1C9,ING-BERAS,kg,1000,SI,https://www.bipm.org/en/measurement-units,standard,Konversi massa; ons Indonesia = 100 g
CNV-0EEA78CD7474,ING-BERAS,ons,100,Buku Matematika Kemendikdasmen,https://repositori.kemendikdasmen.go.id/19098/1/6.%20%20Matematika_IV%20SD.pdf,standard,Konversi massa; ons Indonesia = 100 g
CNV-C2D9DAA9BD84,ING-BERAS-KETAN,g,1,SI,https://www.bipm.org/en/measurement-units,standard,Konversi massa; ons Indonesia = 100 g
CNV-3D00B4B610E7,ING-BERAS-KETAN,kg,1000,SI,https://www.bipm.org/en/measurement-units,standard,Konversi massa; ons Indonesia = 100 g
CNV-ED2DDD058E03,ING-BERAS-KETAN,ons,100,Buku Matematika Kemendikdasmen,https://repositori.kemendikdasmen.go.id/19098/1/6.%20%20Matematika_IV%20SD.pdf,standard,Konversi massa; ons Indonesia = 100 g
CNV-AB9329FF14A6,ING-BERAS-KUALITAS-BAWAH-I,g,1,SI,https://www.bipm.org/en/measurement-units,standard,Konversi massa; ons Indonesia = 100 g
CNV-A4B1EF8D3455,ING-BERAS-KUALITAS-BAWAH-I,kg,1000,SI,https://www.bipm.org/en/measurement-units,standard,Konversi massa; ons Indonesia = 100 g
CNV-2669135218EE,ING-BERAS-KUALITAS-BAWAH-I,ons,100,Buku Matematika Kemendikdasmen,https://repositori.kemendikdasmen.go.id/19098/1/6.%20%20Matematika_IV%20SD.pdf,standard,Konversi massa; ons Indonesia = 100 g
CNV-D287ED6BB527,ING-BERAS-KUALITAS-BAWAH-II,g,1,SI,https://www.bipm.org/en/measurement-units,standard,Konversi massa; ons Indonesia = 100 g
CNV-694D980F1C3D,ING-BERAS-KUALITAS-BAWAH-II,kg,1000,SI,https://www.bipm.org/en/measurement-units,standard,Konversi massa; ons Indonesia = 100 g
CNV-B4FFC630635E,ING-BERAS-KUALITAS-BAWAH-II,ons,100,Buku Matematika Kemendikdasmen,https://repositori.kemendikdasmen.go.id/19098/1/6.%20%20Matematika_IV%20SD.pdf,standard,Konversi massa; ons Indonesia = 100 g
CNV-BA71C5E24C5F,ING-BERAS-KUALITAS-MEDIUM-I,g,1,SI,https://www.bipm.org/en/measurement-units,standard,Konversi massa; ons Indonesia = 100 g
CNV-EB5F68FC8CBE,ING-BERAS-KUALITAS-MEDIUM-I,kg,1000,SI,https://www.bipm.org/en/measurement-units,standard,Konversi massa; ons Indonesia = 100 g
CNV-CF7017F58307,ING-BERAS-KUALITAS-MEDIUM-I,ons,100,Buku Matematika Kemendikdasmen,https://repositori.kemendikdasmen.go.id/19098/1/6.%20%20Matematika_IV%20SD.pdf,standard,Konversi massa; ons Indonesia = 100 g
CNV-CFB9447E557A,ING-BERAS-KUALITAS-MEDIUM-II,g,1,SI,https://www.bipm.org/en/measurement-units,standard,Konversi massa; ons Indonesia = 100 g
CNV-9C90FA75DF10,ING-BERAS-KUALITAS-MEDIUM-II,kg,1000,SI,https://www.bipm.org/en/measurement-units,standard,Konversi massa; ons Indonesia = 100 g
CNV-CB67E943B396,ING-BERAS-KUALITAS-MEDIUM-II,ons,100,Buku Matematika Kemendikdasmen,https://repositori.kemendikdasmen.go.id/19098/1/6.%20%20Matematika_IV%20SD.pdf,standard,Konversi massa; ons Indonesia = 100 g
CNV-C32C67B031C8,ING-BERAS-KUALITAS-SUPER-I,g,1,SI,https://www.bipm.org/en/measurement-units,standard,Konversi massa; ons Indonesia = 100 g
CNV-91913F3D227E,ING-BERAS-KUALITAS-SUPER-I,kg,1000,SI,https://www.bipm.org/en/measurement-units,standard,Konversi massa; ons Indonesia = 100 g
CNV-5742DA87B3BF,ING-BERAS-KUALITAS-SUPER-I,ons,100,Buku Matematika Kemendikdasmen,https://repositori.kemendikdasmen.go.id/19098/1/6.%20%20Matematika_IV%20SD.pdf,standard,Konversi massa; ons Indonesia = 100 g
CNV-052FD22B2ADC,ING-BERAS-KUALITAS-SUPER-II,g,1,SI,https://www.bipm.org/en/measurement-units,standard,Konversi massa; ons Indonesia = 100 g
CNV-2E14F3C45707,ING-BERAS-KUALITAS-SUPER-II,kg,1000,SI,https://www.bipm.org/en/measurement-units,standard,Konversi massa; ons Indonesia = 100 g
CNV-9630144B07C3,ING-BERAS-KUALITAS-SUPER-II,ons,100,Buku Matematika Kemendikdasmen,https://repositori.kemendikdasmen.go.id/19098/1/6.%20%20Matematika_IV%20SD.pdf,standard,Konversi massa; ons Indonesia = 100 g
CNV-CD01F1D38E58,ING-BERAS-MEDIUM,g,1,SI,https://www.bipm.org/en/measurement-units,standard,Konversi massa; ons Indonesia = 100 g
CNV-CA20A4412A6A,ING-BERAS-MEDIUM,kg,1000,SI,https://www.bipm.org/en/measurement-units,standard,Konversi massa; ons Indonesia = 100 g
CNV-75B074922553,ING-BERAS-MEDIUM,ons,100,Buku Matematika Kemendikdasmen,https://repositori.kemendikdasmen.go.id/19098/1/6.%20%20Matematika_IV%20SD.pdf,standard,Konversi massa; ons Indonesia = 100 g
CNV-1E5FDF942905,ING-BERAS-PREMIUM,g,1,SI,https://www.bipm.org/en/measurement-units,standard,Konversi massa; ons Indonesia = 100 g
CNV-47CC7324F7E2,ING-BERAS-PREMIUM,kg,1000,SI,https://www.bipm.org/en/measurement-units,standard,Konversi massa; ons Indonesia = 100 g
CNV-37923312376E,ING-BERAS-PREMIUM,ons,100,Buku Matematika Kemendikdasmen,https://repositori.kemendikdasmen.go.id/19098/1/6.%20%20Matematika_IV%20SD.pdf,standard,Konversi massa; ons Indonesia = 100 g
CNV-2565FE6323F6,ING-BERAS-TERMAHAL,g,1,SI,https://www.bipm.org/en/measurement-units,standard,Konversi massa; ons Indonesia = 100 g
CNV-CDB95EAD1A31,ING-BERAS-TERMAHAL,kg,1000,SI,https://www.bipm.org/en/measurement-units,standard,Konversi massa; ons Indonesia = 100 g
CNV-955ED4672723,ING-BERAS-TERMAHAL,ons,100,Buku Matematika Kemendikdasmen,https://repositori.kemendikdasmen.go.id/19098/1/6.%20%20Matematika_IV%20SD.pdf,standard,Konversi massa; ons Indonesia = 100 g
CNV-AE8C96E8CB51,ING-BERAS-TERMURAH-NON-BULOG,g,1,SI,https://www.bipm.org/en/measurement-units,standard,Konversi massa; ons Indonesia = 100 g
CNV-F2697F6EB323,ING-BERAS-TERMURAH-NON-BULOG,kg,1000,SI,https://www.bipm.org/en/measurement-units,standard,Konversi massa; ons Indonesia = 100 g
CNV-789432912F8D,ING-BERAS-TERMURAH-NON-BULOG,ons,100,Buku Matematika Kemendikdasmen,https://repositori.kemendikdasmen.go.id/19098/1/6.%20%20Matematika_IV%20SD.pdf,standard,Konversi massa; ons Indonesia = 100 g
CNV-41073538389E,ING-BIHUN,g,1,SI,https://www.bipm.org/en/measurement-units,standard,Konversi massa; ons Indonesia = 100 g
CNV-CC1A5300E3AD,ING-BIHUN,kg,1000,SI,https://www.bipm.org/en/measurement-units,standard,Konversi massa; ons Indonesia = 100 g
CNV-61CA9A54596D,ING-BIHUN,ons,100,Buku Matematika Kemendikdasmen,https://repositori.kemendikdasmen.go.id/19098/1/6.%20%20Matematika_IV%20SD.pdf,standard,Konversi massa; ons Indonesia = 100 g
CNV-6ABA98B9F5E5,ING-BUAH-NAGA,g,1,SI,https://www.bipm.org/en/measurement-units,standard,Konversi massa; ons Indonesia = 100 g
CNV-BB0015A5DB5E,ING-BUAH-NAGA,kg,1000,SI,https://www.bipm.org/en/measurement-units,standard,Konversi massa; ons Indonesia = 100 g
CNV-D051D4E6DC2A,ING-BUAH-NAGA,ons,100,Buku Matematika Kemendikdasmen,https://repositori.kemendikdasmen.go.id/19098/1/6.%20%20Matematika_IV%20SD.pdf,standard,Konversi massa; ons Indonesia = 100 g
CNV-04EB36726D2D,ING-BUNCIS,g,1,SI,https://www.bipm.org/en/measurement-units,standard,Konversi massa; ons Indonesia = 100 g
CNV-B0A6CB28D342,ING-BUNCIS,kg,1000,SI,https://www.bipm.org/en/measurement-units,standard,Konversi massa; ons Indonesia = 100 g
CNV-A7803BAF37A2,ING-BUNCIS,ons,100,Buku Matematika Kemendikdasmen,https://repositori.kemendikdasmen.go.id/19098/1/6.%20%20Matematika_IV%20SD.pdf,standard,Konversi massa; ons Indonesia = 100 g
CNV-A5C7C7B3679E,ING-CABAI-BUBUK,g,1,SI,https://www.bipm.org/en/measurement-units,standard,Konversi massa; ons Indonesia = 100 g
CNV-7EE342C5011D,ING-CABAI-BUBUK,kg,1000,SI,https://www.bipm.org/en/measurement-units,standard,Konversi massa; ons Indonesia = 100 g
CNV-E4E584C59B83,ING-CABAI-BUBUK,ons,100,Buku Matematika Kemendikdasmen,https://repositori.kemendikdasmen.go.id/19098/1/6.%20%20Matematika_IV%20SD.pdf,standard,Konversi massa; ons Indonesia = 100 g
CNV-6282176DFA2D,ING-CABAI-MERAH-BESAR,g,1,SI,https://www.bipm.org/en/measurement-units,standard,Konversi massa; ons Indonesia = 100 g
CNV-A949B40BFFC1,ING-CABAI-MERAH-BESAR,kg,1000,SI,https://www.bipm.org/en/measurement-units,standard,Konversi massa; ons Indonesia = 100 g
CNV-DBDE83C54D97,ING-CABAI-MERAH-BESAR,ons,100,Buku Matematika Kemendikdasmen,https://repositori.kemendikdasmen.go.id/19098/1/6.%20%20Matematika_IV%20SD.pdf,standard,Konversi massa; ons Indonesia = 100 g
CNV-6EDF47F8C045,ING-CABAI-MERAH-KERITING,g,1,SI,https://www.bipm.org/en/measurement-units,standard,Konversi massa; ons Indonesia = 100 g
CNV-EB29CB2B9E5B,ING-CABAI-MERAH-KERITING,kg,1000,SI,https://www.bipm.org/en/measurement-units,standard,Konversi massa; ons Indonesia = 100 g
CNV-09B352C8B68F,ING-CABAI-MERAH-KERITING,ons,100,Buku Matematika Kemendikdasmen,https://repositori.kemendikdasmen.go.id/19098/1/6.%20%20Matematika_IV%20SD.pdf,standard,Konversi massa; ons Indonesia = 100 g
CNV-8C59EFC001E1,ING-CABAI-RAWIT-HIJAU,g,1,SI,https://www.bipm.org/en/measurement-units,standard,Konversi massa; ons Indonesia = 100 g
CNV-B57D88D08022,ING-CABAI-RAWIT-HIJAU,kg,1000,SI,https://www.bipm.org/en/measurement-units,standard,Konversi massa; ons Indonesia = 100 g
CNV-CDDA4B7B17DE,ING-CABAI-RAWIT-HIJAU,ons,100,Buku Matematika Kemendikdasmen,https://repositori.kemendikdasmen.go.id/19098/1/6.%20%20Matematika_IV%20SD.pdf,standard,Konversi massa; ons Indonesia = 100 g
CNV-596E80A16A73,ING-CABAI-RAWIT-MERAH,g,1,SI,https://www.bipm.org/en/measurement-units,standard,Konversi massa; ons Indonesia = 100 g
CNV-6B309F30EB6C,ING-CABAI-RAWIT-MERAH,kg,1000,SI,https://www.bipm.org/en/measurement-units,standard,Konversi massa; ons Indonesia = 100 g
CNV-8CC1A455E347,ING-CABAI-RAWIT-MERAH,ons,100,Buku Matematika Kemendikdasmen,https://repositori.kemendikdasmen.go.id/19098/1/6.%20%20Matematika_IV%20SD.pdf,standard,Konversi massa; ons Indonesia = 100 g
CNV-2CD3B76E946D,ING-CABE-HIJAU-BIASA,g,1,SI,https://www.bipm.org/en/measurement-units,standard,Konversi massa; ons Indonesia = 100 g
CNV-3743152FEBDD,ING-CABE-HIJAU-BIASA,kg,1000,SI,https://www.bipm.org/en/measurement-units,standard,Konversi massa; ons Indonesia = 100 g
CNV-EFEB33F6E1C6,ING-CABE-HIJAU-BIASA,ons,100,Buku Matematika Kemendikdasmen,https://repositori.kemendikdasmen.go.id/19098/1/6.%20%20Matematika_IV%20SD.pdf,standard,Konversi massa; ons Indonesia = 100 g
CNV-1DEA88204C75,ING-CABE-MERAH,g,1,SI,https://www.bipm.org/en/measurement-units,standard,Konversi massa; ons Indonesia = 100 g
CNV-54C4E13F498C,ING-CABE-MERAH,kg,1000,SI,https://www.bipm.org/en/measurement-units,standard,Konversi massa; ons Indonesia = 100 g
CNV-5AA60F9BD3B1,ING-CABE-MERAH,ons,100,Buku Matematika Kemendikdasmen,https://repositori.kemendikdasmen.go.id/19098/1/6.%20%20Matematika_IV%20SD.pdf,standard,Konversi massa; ons Indonesia = 100 g
CNV-4DF51ACC224F,ING-CABE-MERAH-BIASA,g,1,SI,https://www.bipm.org/en/measurement-units,standard,Konversi massa; ons Indonesia = 100 g
CNV-17C22C77CA95,ING-CABE-MERAH-BIASA,kg,1000,SI,https://www.bipm.org/en/measurement-units,standard,Konversi massa; ons Indonesia = 100 g
CNV-89560353758D,ING-CABE-MERAH-BIASA,ons,100,Buku Matematika Kemendikdasmen,https://repositori.kemendikdasmen.go.id/19098/1/6.%20%20Matematika_IV%20SD.pdf,standard,Konversi massa; ons Indonesia = 100 g
CNV-C07D30A4BABB,ING-CABE-RAWIT,g,1,SI,https://www.bipm.org/en/measurement-units,standard,Konversi massa; ons Indonesia = 100 g
CNV-3A97682821C0,ING-CABE-RAWIT,kg,1000,SI,https://www.bipm.org/en/measurement-units,standard,Konversi massa; ons Indonesia = 100 g
CNV-D94D97431345,ING-CABE-RAWIT,ons,100,Buku Matematika Kemendikdasmen,https://repositori.kemendikdasmen.go.id/19098/1/6.%20%20Matematika_IV%20SD.pdf,standard,Konversi massa; ons Indonesia = 100 g
CNV-A93D588F84E5,ING-CENGKEH,g,1,SI,https://www.bipm.org/en/measurement-units,standard,Konversi massa; ons Indonesia = 100 g
CNV-3E2515557B6E,ING-CENGKEH,kg,1000,SI,https://www.bipm.org/en/measurement-units,standard,Konversi massa; ons Indonesia = 100 g
CNV-C0F5FB9F98BA,ING-CENGKEH,ons,100,Buku Matematika Kemendikdasmen,https://repositori.kemendikdasmen.go.id/19098/1/6.%20%20Matematika_IV%20SD.pdf,standard,Konversi massa; ons Indonesia = 100 g
CNV-304FE7D45B74,ING-CUMI,g,1,SI,https://www.bipm.org/en/measurement-units,standard,Konversi massa; ons Indonesia = 100 g
CNV-5A28E635256F,ING-CUMI,kg,1000,SI,https://www.bipm.org/en/measurement-units,standard,Konversi massa; ons Indonesia = 100 g
CNV-4BD26ECA6697,ING-CUMI,ons,100,Buku Matematika Kemendikdasmen,https://repositori.kemendikdasmen.go.id/19098/1/6.%20%20Matematika_IV%20SD.pdf,standard,Konversi massa; ons Indonesia = 100 g
CNV-5D1349C1BA34,ING-CUMIN,g,1,SI,https://www.bipm.org/en/measurement-units,standard,Konversi massa; ons Indonesia = 100 g
CNV-1BEBBF69D20D,ING-CUMIN,kg,1000,SI,https://www.bipm.org/en/measurement-units,standard,Konversi massa; ons Indonesia = 100 g
CNV-E842193EA6FD,ING-CUMIN,ons,100,Buku Matematika Kemendikdasmen,https://repositori.kemendikdasmen.go.id/19098/1/6.%20%20Matematika_IV%20SD.pdf,standard,Konversi massa; ons Indonesia = 100 g
CNV-ABEC6847ADD4,ING-DAGING-AYAM,g,1,SI,https://www.bipm.org/en/measurement-units,standard,Konversi massa; ons Indonesia = 100 g
CNV-682991F551BF,ING-DAGING-AYAM,kg,1000,SI,https://www.bipm.org/en/measurement-units,standard,Konversi massa; ons Indonesia = 100 g
CNV-8CAB31892B76,ING-DAGING-AYAM,ons,100,Buku Matematika Kemendikdasmen,https://repositori.kemendikdasmen.go.id/19098/1/6.%20%20Matematika_IV%20SD.pdf,standard,Konversi massa; ons Indonesia = 100 g
CNV-8EC9A2638BC4,ING-DAGING-AYAM-BROILER,g,1,SI,https://www.bipm.org/en/measurement-units,standard,Konversi massa; ons Indonesia = 100 g
CNV-9AFFBB82BE62,ING-DAGING-AYAM-BROILER,kg,1000,SI,https://www.bipm.org/en/measurement-units,standard,Konversi massa; ons Indonesia = 100 g
CNV-20E11572C02F,ING-DAGING-AYAM-BROILER,ons,100,Buku Matematika Kemendikdasmen,https://repositori.kemendikdasmen.go.id/19098/1/6.%20%20Matematika_IV%20SD.pdf,standard,Konversi massa; ons Indonesia = 100 g
CNV-C104382CB0BC,ING-DAGING-AYAM-KAMPUNG,g,1,SI,https://www.bipm.org/en/measurement-units,standard,Konversi massa; ons Indonesia = 100 g
CNV-B49091C41E68,ING-DAGING-AYAM-KAMPUNG,kg,1000,SI,https://www.bipm.org/en/measurement-units,standard,Konversi massa; ons Indonesia = 100 g
CNV-A8B78A59E923,ING-DAGING-AYAM-KAMPUNG,ons,100,Buku Matematika Kemendikdasmen,https://repositori.kemendikdasmen.go.id/19098/1/6.%20%20Matematika_IV%20SD.pdf,standard,Konversi massa; ons Indonesia = 100 g
CNV-ACA17D8410BB,ING-DAGING-AYAM-RAS-SEGAR,g,1,SI,https://www.bipm.org/en/measurement-units,standard,Konversi massa; ons Indonesia = 100 g
CNV-7DF7AC1ABC7F,ING-DAGING-AYAM-RAS-SEGAR,kg,1000,SI,https://www.bipm.org/en/measurement-units,standard,Konversi massa; ons Indonesia = 100 g
CNV-DD9BD65CA6F7,ING-DAGING-AYAM-RAS-SEGAR,ons,100,Buku Matematika Kemendikdasmen,https://repositori.kemendikdasmen.go.id/19098/1/6.%20%20Matematika_IV%20SD.pdf,standard,Konversi massa; ons Indonesia = 100 g
CNV-801401C62B4F,ING-DAGING-SAPI,g,1,SI,https://www.bipm.org/en/measurement-units,standard,Konversi massa; ons Indonesia = 100 g
CNV-5F53206806BB,ING-DAGING-SAPI,kg,1000,SI,https://www.bipm.org/en/measurement-units,standard,Konversi massa; ons Indonesia = 100 g
CNV-278B04BA56E2,ING-DAGING-SAPI,ons,100,Buku Matematika Kemendikdasmen,https://repositori.kemendikdasmen.go.id/19098/1/6.%20%20Matematika_IV%20SD.pdf,standard,Konversi massa; ons Indonesia = 100 g
CNV-3570A22F0FF3,ING-DAGING-SAPI-KUALITAS-1,g,1,SI,https://www.bipm.org/en/measurement-units,standard,Konversi massa; ons Indonesia = 100 g
CNV-406303501A87,ING-DAGING-SAPI-KUALITAS-1,kg,1000,SI,https://www.bipm.org/en/measurement-units,standard,Konversi massa; ons Indonesia = 100 g
CNV-F06ADFD6C79F,ING-DAGING-SAPI-KUALITAS-1,ons,100,Buku Matematika Kemendikdasmen,https://repositori.kemendikdasmen.go.id/19098/1/6.%20%20Matematika_IV%20SD.pdf,standard,Konversi massa; ons Indonesia = 100 g
CNV-2E40B1B9C8C2,ING-DAGING-SAPI-KUALITAS-2,g,1,SI,https://www.bipm.org/en/measurement-units,standard,Konversi massa; ons Indonesia = 100 g
CNV-D13DA7C459E7,ING-DAGING-SAPI-KUALITAS-2,kg,1000,SI,https://www.bipm.org/en/measurement-units,standard,Konversi massa; ons Indonesia = 100 g
CNV-511F9FBE9DC6,ING-DAGING-SAPI-KUALITAS-2,ons,100,Buku Matematika Kemendikdasmen,https://repositori.kemendikdasmen.go.id/19098/1/6.%20%20Matematika_IV%20SD.pdf,standard,Konversi massa; ons Indonesia = 100 g
CNV-AE23C3A12B1C,ING-DAGING-SAPI-LOKAL-HAS-DALAM,g,1,SI,https://www.bipm.org/en/measurement-units,standard,Konversi massa; ons Indonesia = 100 g
CNV-27D33BA77512,ING-DAGING-SAPI-LOKAL-HAS-DALAM,kg,1000,SI,https://www.bipm.org/en/measurement-units,standard,Konversi massa; ons Indonesia = 100 g
CNV-B7FFB0D94DD3,ING-DAGING-SAPI-LOKAL-HAS-DALAM,ons,100,Buku Matematika Kemendikdasmen,https://repositori.kemendikdasmen.go.id/19098/1/6.%20%20Matematika_IV%20SD.pdf,standard,Konversi massa; ons Indonesia = 100 g
CNV-3093699E8902,ING-DAGING-SAPI-LOKAL-HAS-LUAR,g,1,SI,https://www.bipm.org/en/measurement-units,standard,Konversi massa; ons Indonesia = 100 g
CNV-B07218A1D13A,ING-DAGING-SAPI-LOKAL-HAS-LUAR,kg,1000,SI,https://www.bipm.org/en/measurement-units,standard,Konversi massa; ons Indonesia = 100 g
CNV-D3CB3C9F49FA,ING-DAGING-SAPI-LOKAL-HAS-LUAR,ons,100,Buku Matematika Kemendikdasmen,https://repositori.kemendikdasmen.go.id/19098/1/6.%20%20Matematika_IV%20SD.pdf,standard,Konversi massa; ons Indonesia = 100 g
CNV-1972C4F8CCB4,ING-DAGING-SAPI-LOKAL-PAHA-BELAKANG,g,1,SI,https://www.bipm.org/en/measurement-units,standard,Konversi massa; ons Indonesia = 100 g
CNV-F162E9B739DE,ING-DAGING-SAPI-LOKAL-PAHA-BELAKANG,kg,1000,SI,https://www.bipm.org/en/measurement-units,standard,Konversi massa; ons Indonesia = 100 g
CNV-7440BCE18FDD,ING-DAGING-SAPI-LOKAL-PAHA-BELAKANG,ons,100,Buku Matematika Kemendikdasmen,https://repositori.kemendikdasmen.go.id/19098/1/6.%20%20Matematika_IV%20SD.pdf,standard,Konversi massa; ons Indonesia = 100 g
CNV-E0A0A870B1F8,ING-DAGING-SAPI-LOKAL-PAHA-DEPAN,g,1,SI,https://www.bipm.org/en/measurement-units,standard,Konversi massa; ons Indonesia = 100 g
CNV-82101D7C388B,ING-DAGING-SAPI-LOKAL-PAHA-DEPAN,kg,1000,SI,https://www.bipm.org/en/measurement-units,standard,Konversi massa; ons Indonesia = 100 g
CNV-1E0BAD48F8A7,ING-DAGING-SAPI-LOKAL-PAHA-DEPAN,ons,100,Buku Matematika Kemendikdasmen,https://repositori.kemendikdasmen.go.id/19098/1/6.%20%20Matematika_IV%20SD.pdf,standard,Konversi massa; ons Indonesia = 100 g
CNV-0D1CDD579B64,ING-DAGING-SAPI-LOKAL-TETELAN,g,1,SI,https://www.bipm.org/en/measurement-units,standard,Konversi massa; ons Indonesia = 100 g
CNV-C4EBB7B5FD6A,ING-DAGING-SAPI-LOKAL-TETELAN,kg,1000,SI,https://www.bipm.org/en/measurement-units,standard,Konversi massa; ons Indonesia = 100 g
CNV-B8A0D7C5ABEE,ING-DAGING-SAPI-LOKAL-TETELAN,ons,100,Buku Matematika Kemendikdasmen,https://repositori.kemendikdasmen.go.id/19098/1/6.%20%20Matematika_IV%20SD.pdf,standard,Konversi massa; ons Indonesia = 100 g
CNV-2C7734D5A083,ING-DAUN-BAWANG,g,1,SI,https://www.bipm.org/en/measurement-units,standard,Konversi massa; ons Indonesia = 100 g
CNV-D909EAC6033A,ING-DAUN-BAWANG,kg,1000,SI,https://www.bipm.org/en/measurement-units,standard,Konversi massa; ons Indonesia = 100 g
CNV-BDA96ABDC59B,ING-DAUN-BAWANG,ons,100,Buku Matematika Kemendikdasmen,https://repositori.kemendikdasmen.go.id/19098/1/6.%20%20Matematika_IV%20SD.pdf,standard,Konversi massa; ons Indonesia = 100 g
CNV-E6B66C908EB5,ING-DAUN-JERUK,g,1,SI,https://www.bipm.org/en/measurement-units,standard,Konversi massa; ons Indonesia = 100 g
CNV-FE0D2F341F9F,ING-DAUN-JERUK,kg,1000,SI,https://www.bipm.org/en/measurement-units,standard,Konversi massa; ons Indonesia = 100 g
CNV-6AFB4B63A29C,ING-DAUN-JERUK,ons,100,Buku Matematika Kemendikdasmen,https://repositori.kemendikdasmen.go.id/19098/1/6.%20%20Matematika_IV%20SD.pdf,standard,Konversi massa; ons Indonesia = 100 g
CNV-57154F8A98BD,ING-DAUN-KETELA-POHON,g,1,SI,https://www.bipm.org/en/measurement-units,standard,Konversi massa; ons Indonesia = 100 g
CNV-ADC54BE77201,ING-DAUN-KETELA-POHON,kg,1000,SI,https://www.bipm.org/en/measurement-units,standard,Konversi massa; ons Indonesia = 100 g
CNV-D2C9CD43D8E4,ING-DAUN-KETELA-POHON,ons,100,Buku Matematika Kemendikdasmen,https://repositori.kemendikdasmen.go.id/19098/1/6.%20%20Matematika_IV%20SD.pdf,standard,Konversi massa; ons Indonesia = 100 g
CNV-3262175FBEC6,ING-DAUN-KETUMBAR,g,1,SI,https://www.bipm.org/en/measurement-units,standard,Konversi massa; ons Indonesia = 100 g
CNV-B0F7D3EE7EB5,ING-DAUN-KETUMBAR,kg,1000,SI,https://www.bipm.org/en/measurement-units,standard,Konversi massa; ons Indonesia = 100 g
CNV-F23650069B44,ING-DAUN-KETUMBAR,ons,100,Buku Matematika Kemendikdasmen,https://repositori.kemendikdasmen.go.id/19098/1/6.%20%20Matematika_IV%20SD.pdf,standard,Konversi massa; ons Indonesia = 100 g
CNV-E41010301C21,ING-DAUN-SALAM,g,1,SI,https://www.bipm.org/en/measurement-units,standard,Konversi massa; ons Indonesia = 100 g
CNV-FED37254ACC6,ING-DAUN-SALAM,kg,1000,SI,https://www.bipm.org/en/measurement-units,standard,Konversi massa; ons Indonesia = 100 g
CNV-6FE5DA0948D5,ING-DAUN-SALAM,ons,100,Buku Matematika Kemendikdasmen,https://repositori.kemendikdasmen.go.id/19098/1/6.%20%20Matematika_IV%20SD.pdf,standard,Konversi massa; ons Indonesia = 100 g
CNV-95A5E5184775,ING-EBI,g,1,SI,https://www.bipm.org/en/measurement-units,standard,Konversi massa; ons Indonesia = 100 g
CNV-CBB7918A2FF0,ING-EBI,kg,1000,SI,https://www.bipm.org/en/measurement-units,standard,Konversi massa; ons Indonesia = 100 g
CNV-E6FEFF81A58C,ING-EBI,ons,100,Buku Matematika Kemendikdasmen,https://repositori.kemendikdasmen.go.id/19098/1/6.%20%20Matematika_IV%20SD.pdf,standard,Konversi massa; ons Indonesia = 100 g
CNV-54F64058EC32,ING-GARAM,g,1,SI,https://www.bipm.org/en/measurement-units,standard,Konversi massa; ons Indonesia = 100 g
CNV-4EF46311FE2D,ING-GARAM,kg,1000,SI,https://www.bipm.org/en/measurement-units,standard,Konversi massa; ons Indonesia = 100 g
CNV-470F9D45E172,ING-GARAM,ons,100,Buku Matematika Kemendikdasmen,https://repositori.kemendikdasmen.go.id/19098/1/6.%20%20Matematika_IV%20SD.pdf,standard,Konversi massa; ons Indonesia = 100 g
CNV-671AC46FD9FC,ING-GARAM-BERYODIUM-BATA,g,1,SI,https://www.bipm.org/en/measurement-units,standard,Konversi massa; ons Indonesia = 100 g
CNV-6801CD98622E,ING-GARAM-BERYODIUM-BATA,kg,1000,SI,https://www.bipm.org/en/measurement-units,standard,Konversi massa; ons Indonesia = 100 g
CNV-27EF401E7F96,ING-GARAM-BERYODIUM-BATA,ons,100,Buku Matematika Kemendikdasmen,https://repositori.kemendikdasmen.go.id/19098/1/6.%20%20Matematika_IV%20SD.pdf,standard,Konversi massa; ons Indonesia = 100 g
CNV-6089DB9EEE2D,ING-GARAM-BERYODIUM-HALUS,g,1,SI,https://www.bipm.org/en/measurement-units,standard,Konversi massa; ons Indonesia = 100 g
CNV-15AEA7C207C3,ING-GARAM-BERYODIUM-HALUS,kg,1000,SI,https://www.bipm.org/en/measurement-units,standard,Konversi massa; ons Indonesia = 100 g
CNV-6E85BC1E97D5,ING-GARAM-BERYODIUM-HALUS,ons,100,Buku Matematika Kemendikdasmen,https://repositori.kemendikdasmen.go.id/19098/1/6.%20%20Matematika_IV%20SD.pdf,standard,Konversi massa; ons Indonesia = 100 g
CNV-E8BF58CB1BFF,ING-GULA-MERAH,g,1,SI,https://www.bipm.org/en/measurement-units,standard,Konversi massa; ons Indonesia = 100 g
CNV-45249547376B,ING-GULA-MERAH,kg,1000,SI,https://www.bipm.org/en/measurement-units,standard,Konversi massa; ons Indonesia = 100 g
CNV-FB305B7A3DB5,ING-GULA-MERAH,ons,100,Buku Matematika Kemendikdasmen,https://repositori.kemendikdasmen.go.id/19098/1/6.%20%20Matematika_IV%20SD.pdf,standard,Konversi massa; ons Indonesia = 100 g
CNV-ADB9E5D62879,ING-GULA-PASIR,g,1,SI,https://www.bipm.org/en/measurement-units,standard,Konversi massa; ons Indonesia = 100 g
CNV-1B87383AEECA,ING-GULA-PASIR,kg,1000,SI,https://www.bipm.org/en/measurement-units,standard,Konversi massa; ons Indonesia = 100 g
CNV-78BF2D5C4D63,ING-GULA-PASIR,ons,100,Buku Matematika Kemendikdasmen,https://repositori.kemendikdasmen.go.id/19098/1/6.%20%20Matematika_IV%20SD.pdf,standard,Konversi massa; ons Indonesia = 100 g
CNV-988DCBBA008D,ING-GULA-PASIR-DALAM-NEGERI,g,1,SI,https://www.bipm.org/en/measurement-units,standard,Konversi massa; ons Indonesia = 100 g
CNV-781B614CCD72,ING-GULA-PASIR-DALAM-NEGERI,kg,1000,SI,https://www.bipm.org/en/measurement-units,standard,Konversi massa; ons Indonesia = 100 g
CNV-938C3C10CED6,ING-GULA-PASIR-DALAM-NEGERI,ons,100,Buku Matematika Kemendikdasmen,https://repositori.kemendikdasmen.go.id/19098/1/6.%20%20Matematika_IV%20SD.pdf,standard,Konversi massa; ons Indonesia = 100 g
CNV-B51348CE04FE,ING-GULA-PASIR-KUALITAS-PREMIUM,g,1,SI,https://www.bipm.org/en/measurement-units,standard,Konversi massa; ons Indonesia = 100 g
CNV-50528BFA832F,ING-GULA-PASIR-KUALITAS-PREMIUM,kg,1000,SI,https://www.bipm.org/en/measurement-units,standard,Konversi massa; ons Indonesia = 100 g
CNV-AB0A365FABDC,ING-GULA-PASIR-KUALITAS-PREMIUM,ons,100,Buku Matematika Kemendikdasmen,https://repositori.kemendikdasmen.go.id/19098/1/6.%20%20Matematika_IV%20SD.pdf,standard,Konversi massa; ons Indonesia = 100 g
CNV-2C63A11998A1,ING-GULA-PASIR-LOKAL,g,1,SI,https://www.bipm.org/en/measurement-units,standard,Konversi massa; ons Indonesia = 100 g
CNV-A9F02861CEDC,ING-GULA-PASIR-LOKAL,kg,1000,SI,https://www.bipm.org/en/measurement-units,standard,Konversi massa; ons Indonesia = 100 g
CNV-139FF25F5473,ING-GULA-PASIR-LOKAL,ons,100,Buku Matematika Kemendikdasmen,https://repositori.kemendikdasmen.go.id/19098/1/6.%20%20Matematika_IV%20SD.pdf,standard,Konversi massa; ons Indonesia = 100 g
CNV-F15003B05378,ING-IKAN-ASIN-TERI-NO-2,g,1,SI,https://www.bipm.org/en/measurement-units,standard,Konversi massa; ons Indonesia = 100 g
CNV-95CC782979B1,ING-IKAN-ASIN-TERI-NO-2,kg,1000,SI,https://www.bipm.org/en/measurement-units,standard,Konversi massa; ons Indonesia = 100 g
CNV-A01C09B9AE55,ING-IKAN-ASIN-TERI-NO-2,ons,100,Buku Matematika Kemendikdasmen,https://repositori.kemendikdasmen.go.id/19098/1/6.%20%20Matematika_IV%20SD.pdf,standard,Konversi massa; ons Indonesia = 100 g
CNV-B12C95C26241,ING-IKAN-BANDENG,g,1,SI,https://www.bipm.org/en/measurement-units,standard,Konversi massa; ons Indonesia = 100 g
CNV-FD2FD1D2FBE8,ING-IKAN-BANDENG,kg,1000,SI,https://www.bipm.org/en/measurement-units,standard,Konversi massa; ons Indonesia = 100 g
CNV-BD4C26EAB59E,ING-IKAN-BANDENG,ons,100,Buku Matematika Kemendikdasmen,https://repositori.kemendikdasmen.go.id/19098/1/6.%20%20Matematika_IV%20SD.pdf,standard,Konversi massa; ons Indonesia = 100 g
CNV-E2A73844467E,ING-IKAN-DORI,g,1,SI,https://www.bipm.org/en/measurement-units,standard,Konversi massa; ons Indonesia = 100 g
CNV-D3B009DDA250,ING-IKAN-DORI,kg,1000,SI,https://www.bipm.org/en/measurement-units,standard,Konversi massa; ons Indonesia = 100 g
CNV-408BB9A9CB48,ING-IKAN-DORI,ons,100,Buku Matematika Kemendikdasmen,https://repositori.kemendikdasmen.go.id/19098/1/6.%20%20Matematika_IV%20SD.pdf,standard,Konversi massa; ons Indonesia = 100 g
CNV-D397DFC6F2E4,ING-IKAN-KEMBUNG,g,1,SI,https://www.bipm.org/en/measurement-units,standard,Konversi massa; ons Indonesia = 100 g
CNV-C9D2EE714FBF,ING-IKAN-KEMBUNG,kg,1000,SI,https://www.bipm.org/en/measurement-units,standard,Konversi massa; ons Indonesia = 100 g
CNV-7841F9E79536,ING-IKAN-KEMBUNG,ons,100,Buku Matematika Kemendikdasmen,https://repositori.kemendikdasmen.go.id/19098/1/6.%20%20Matematika_IV%20SD.pdf,standard,Konversi massa; ons Indonesia = 100 g
CNV-44107200FDEC,ING-IKAN-LELE,g,1,SI,https://www.bipm.org/en/measurement-units,standard,Konversi massa; ons Indonesia = 100 g
CNV-D07348950BA5,ING-IKAN-LELE,kg,1000,SI,https://www.bipm.org/en/measurement-units,standard,Konversi massa; ons Indonesia = 100 g
CNV-5D5971A6F5B8,ING-IKAN-LELE,ons,100,Buku Matematika Kemendikdasmen,https://repositori.kemendikdasmen.go.id/19098/1/6.%20%20Matematika_IV%20SD.pdf,standard,Konversi massa; ons Indonesia = 100 g
CNV-005E79DFD52B,ING-IKAN-MAS,g,1,SI,https://www.bipm.org/en/measurement-units,standard,Konversi massa; ons Indonesia = 100 g
CNV-44DF00E5B4D2,ING-IKAN-MAS,kg,1000,SI,https://www.bipm.org/en/measurement-units,standard,Konversi massa; ons Indonesia = 100 g
CNV-22DA2C1412C9,ING-IKAN-MAS,ons,100,Buku Matematika Kemendikdasmen,https://repositori.kemendikdasmen.go.id/19098/1/6.%20%20Matematika_IV%20SD.pdf,standard,Konversi massa; ons Indonesia = 100 g
CNV-10AD82A14881,ING-IKAN-MUJAIR,g,1,SI,https://www.bipm.org/en/measurement-units,standard,Konversi massa; ons Indonesia = 100 g
CNV-90A4FA1E07B6,ING-IKAN-MUJAIR,kg,1000,SI,https://www.bipm.org/en/measurement-units,standard,Konversi massa; ons Indonesia = 100 g
CNV-54BCC108EDCF,ING-IKAN-MUJAIR,ons,100,Buku Matematika Kemendikdasmen,https://repositori.kemendikdasmen.go.id/19098/1/6.%20%20Matematika_IV%20SD.pdf,standard,Konversi massa; ons Indonesia = 100 g
CNV-4A4A4E511ACE,ING-IKAN-PATIN,g,1,SI,https://www.bipm.org/en/measurement-units,standard,Konversi massa; ons Indonesia = 100 g
CNV-511A2066E46A,ING-IKAN-PATIN,kg,1000,SI,https://www.bipm.org/en/measurement-units,standard,Konversi massa; ons Indonesia = 100 g
CNV-1CC751EC9722,ING-IKAN-PATIN,ons,100,Buku Matematika Kemendikdasmen,https://repositori.kemendikdasmen.go.id/19098/1/6.%20%20Matematika_IV%20SD.pdf,standard,Konversi massa; ons Indonesia = 100 g
CNV-6D2CD8FE0746,ING-IKAN-SEGAR-TONGKOL-TUNA-CAKALANG,g,1,SI,https://www.bipm.org/en/measurement-units,standard,Konversi massa; ons Indonesia = 100 g
CNV-FC57E1F78AC2,ING-IKAN-SEGAR-TONGKOL-TUNA-CAKALANG,kg,1000,SI,https://www.bipm.org/en/measurement-units,standard,Konversi massa; ons Indonesia = 100 g
CNV-836FE20EA1C2,ING-IKAN-SEGAR-TONGKOL-TUNA-CAKALANG,ons,100,Buku Matematika Kemendikdasmen,https://repositori.kemendikdasmen.go.id/19098/1/6.%20%20Matematika_IV%20SD.pdf,standard,Konversi massa; ons Indonesia = 100 g
CNV-F3CC0E215ED3,ING-IKAN-TENGGIRI,g,1,SI,https://www.bipm.org/en/measurement-units,standard,Konversi massa; ons Indonesia = 100 g
CNV-0A5C1E3406FB,ING-IKAN-TENGGIRI,kg,1000,SI,https://www.bipm.org/en/measurement-units,standard,Konversi massa; ons Indonesia = 100 g
CNV-DAC8E4B5E990,ING-IKAN-TENGGIRI,ons,100,Buku Matematika Kemendikdasmen,https://repositori.kemendikdasmen.go.id/19098/1/6.%20%20Matematika_IV%20SD.pdf,standard,Konversi massa; ons Indonesia = 100 g
CNV-3D88688CBC13,ING-IKAN-TONGKOL,g,1,SI,https://www.bipm.org/en/measurement-units,standard,Konversi massa; ons Indonesia = 100 g
CNV-7A02EFC10008,ING-IKAN-TONGKOL,kg,1000,SI,https://www.bipm.org/en/measurement-units,standard,Konversi massa; ons Indonesia = 100 g
CNV-63D51BE2CDDF,ING-IKAN-TONGKOL,ons,100,Buku Matematika Kemendikdasmen,https://repositori.kemendikdasmen.go.id/19098/1/6.%20%20Matematika_IV%20SD.pdf,standard,Konversi massa; ons Indonesia = 100 g
CNV-93D0AE767E23,ING-IKAN-TUNA,g,1,SI,https://www.bipm.org/en/measurement-units,standard,Konversi massa; ons Indonesia = 100 g
CNV-4076A338B777,ING-IKAN-TUNA,kg,1000,SI,https://www.bipm.org/en/measurement-units,standard,Konversi massa; ons Indonesia = 100 g
CNV-80E0E748C721,ING-IKAN-TUNA,ons,100,Buku Matematika Kemendikdasmen,https://repositori.kemendikdasmen.go.id/19098/1/6.%20%20Matematika_IV%20SD.pdf,standard,Konversi massa; ons Indonesia = 100 g
CNV-AEACD2596729,ING-JAGUNG-MANIS,g,1,SI,https://www.bipm.org/en/measurement-units,standard,Konversi massa; ons Indonesia = 100 g
CNV-56BD19AF5162,ING-JAGUNG-MANIS,kg,1000,SI,https://www.bipm.org/en/measurement-units,standard,Konversi massa; ons Indonesia = 100 g
CNV-C08A47C76786,ING-JAGUNG-MANIS,ons,100,Buku Matematika Kemendikdasmen,https://repositori.kemendikdasmen.go.id/19098/1/6.%20%20Matematika_IV%20SD.pdf,standard,Konversi massa; ons Indonesia = 100 g
CNV-372E66095DCD,ING-JAGUNG-PIPIL,g,1,SI,https://www.bipm.org/en/measurement-units,standard,Konversi massa; ons Indonesia = 100 g
CNV-930E1A8BA49A,ING-JAGUNG-PIPIL,kg,1000,SI,https://www.bipm.org/en/measurement-units,standard,Konversi massa; ons Indonesia = 100 g
CNV-A841EFBC6F4A,ING-JAGUNG-PIPIL,ons,100,Buku Matematika Kemendikdasmen,https://repositori.kemendikdasmen.go.id/19098/1/6.%20%20Matematika_IV%20SD.pdf,standard,Konversi massa; ons Indonesia = 100 g
CNV-27C6E2004547,ING-JAGUNG-PIPILAN,g,1,SI,https://www.bipm.org/en/measurement-units,standard,Konversi massa; ons Indonesia = 100 g
CNV-690A5CE2A4D2,ING-JAGUNG-PIPILAN,kg,1000,SI,https://www.bipm.org/en/measurement-units,standard,Konversi massa; ons Indonesia = 100 g
CNV-70D4C8B8F39C,ING-JAGUNG-PIPILAN,ons,100,Buku Matematika Kemendikdasmen,https://repositori.kemendikdasmen.go.id/19098/1/6.%20%20Matematika_IV%20SD.pdf,standard,Konversi massa; ons Indonesia = 100 g
CNV-ACC5C54BA719,ING-JAGUNG-SEGAR,g,1,SI,https://www.bipm.org/en/measurement-units,standard,Konversi massa; ons Indonesia = 100 g
CNV-4B2D990E472B,ING-JAGUNG-SEGAR,kg,1000,SI,https://www.bipm.org/en/measurement-units,standard,Konversi massa; ons Indonesia = 100 g
CNV-81F6F43464AC,ING-JAGUNG-SEGAR,ons,100,Buku Matematika Kemendikdasmen,https://repositori.kemendikdasmen.go.id/19098/1/6.%20%20Matematika_IV%20SD.pdf,standard,Konversi massa; ons Indonesia = 100 g
CNV-4EE13C5D8669,ING-JAHE,g,1,SI,https://www.bipm.org/en/measurement-units,standard,Konversi massa; ons Indonesia = 100 g
CNV-174B8C081884,ING-JAHE,kg,1000,SI,https://www.bipm.org/en/measurement-units,standard,Konversi massa; ons Indonesia = 100 g
CNV-B401797EFA2D,ING-JAHE,ons,100,Buku Matematika Kemendikdasmen,https://repositori.kemendikdasmen.go.id/19098/1/6.%20%20Matematika_IV%20SD.pdf,standard,Konversi massa; ons Indonesia = 100 g
CNV-8FD576C0BB62,ING-JAMBU-BIJI,g,1,SI,https://www.bipm.org/en/measurement-units,standard,Konversi massa; ons Indonesia = 100 g
CNV-2924AAA9FF25,ING-JAMBU-BIJI,kg,1000,SI,https://www.bipm.org/en/measurement-units,standard,Konversi massa; ons Indonesia = 100 g
CNV-20D53E5728BB,ING-JAMBU-BIJI,ons,100,Buku Matematika Kemendikdasmen,https://repositori.kemendikdasmen.go.id/19098/1/6.%20%20Matematika_IV%20SD.pdf,standard,Konversi massa; ons Indonesia = 100 g
CNV-ADD2F57DE6E9,ING-JAMUR-KUPING,g,1,SI,https://www.bipm.org/en/measurement-units,standard,Konversi massa; ons Indonesia = 100 g
CNV-D0A4D6E1F694,ING-JAMUR-KUPING,kg,1000,SI,https://www.bipm.org/en/measurement-units,standard,Konversi massa; ons Indonesia = 100 g
CNV-D96340C144BF,ING-JAMUR-KUPING,ons,100,Buku Matematika Kemendikdasmen,https://repositori.kemendikdasmen.go.id/19098/1/6.%20%20Matematika_IV%20SD.pdf,standard,Konversi massa; ons Indonesia = 100 g
CNV-054297FF6502,ING-JAMUR-TIRAM,g,1,SI,https://www.bipm.org/en/measurement-units,standard,Konversi massa; ons Indonesia = 100 g
CNV-D90246821A98,ING-JAMUR-TIRAM,kg,1000,SI,https://www.bipm.org/en/measurement-units,standard,Konversi massa; ons Indonesia = 100 g
CNV-2A4C4C7BC402,ING-JAMUR-TIRAM,ons,100,Buku Matematika Kemendikdasmen,https://repositori.kemendikdasmen.go.id/19098/1/6.%20%20Matematika_IV%20SD.pdf,standard,Konversi massa; ons Indonesia = 100 g
CNV-9426C073A4C3,ING-JENGKOL,g,1,SI,https://www.bipm.org/en/measurement-units,standard,Konversi massa; ons Indonesia = 100 g
CNV-DFCF24DF798A,ING-JENGKOL,kg,1000,SI,https://www.bipm.org/en/measurement-units,standard,Konversi massa; ons Indonesia = 100 g
CNV-0DD6F75C597F,ING-JENGKOL,ons,100,Buku Matematika Kemendikdasmen,https://repositori.kemendikdasmen.go.id/19098/1/6.%20%20Matematika_IV%20SD.pdf,standard,Konversi massa; ons Indonesia = 100 g
CNV-2C5B0D4D4FC2,ING-JERUK,g,1,SI,https://www.bipm.org/en/measurement-units,standard,Konversi massa; ons Indonesia = 100 g
CNV-6B17E4A57EB8,ING-JERUK,kg,1000,SI,https://www.bipm.org/en/measurement-units,standard,Konversi massa; ons Indonesia = 100 g
CNV-A937D740BFB3,ING-JERUK,ons,100,Buku Matematika Kemendikdasmen,https://repositori.kemendikdasmen.go.id/19098/1/6.%20%20Matematika_IV%20SD.pdf,standard,Konversi massa; ons Indonesia = 100 g
CNV-BF129282805E,ING-JERUK-NIPIS,g,1,SI,https://www.bipm.org/en/measurement-units,standard,Konversi massa; ons Indonesia = 100 g
CNV-5B9DA0850ED3,ING-JERUK-NIPIS,kg,1000,SI,https://www.bipm.org/en/measurement-units,standard,Konversi massa; ons Indonesia = 100 g
CNV-F050A6951470,ING-JERUK-NIPIS,ons,100,Buku Matematika Kemendikdasmen,https://repositori.kemendikdasmen.go.id/19098/1/6.%20%20Matematika_IV%20SD.pdf,standard,Konversi massa; ons Indonesia = 100 g
CNV-7E22FFD8CA42,ING-KACANG-HIJAU,g,1,SI,https://www.bipm.org/en/measurement-units,standard,Konversi massa; ons Indonesia = 100 g
CNV-928B86EA8240,ING-KACANG-HIJAU,kg,1000,SI,https://www.bipm.org/en/measurement-units,standard,Konversi massa; ons Indonesia = 100 g
CNV-5D07F1C58B02,ING-KACANG-HIJAU,ons,100,Buku Matematika Kemendikdasmen,https://repositori.kemendikdasmen.go.id/19098/1/6.%20%20Matematika_IV%20SD.pdf,standard,Konversi massa; ons Indonesia = 100 g
CNV-567EC0DB2BCC,ING-KACANG-KEDELAI,g,1,SI,https://www.bipm.org/en/measurement-units,standard,Konversi massa; ons Indonesia = 100 g
CNV-A2954E357610,ING-KACANG-KEDELAI,kg,1000,SI,https://www.bipm.org/en/measurement-units,standard,Konversi massa; ons Indonesia = 100 g
CNV-F3AE1F3C6002,ING-KACANG-KEDELAI,ons,100,Buku Matematika Kemendikdasmen,https://repositori.kemendikdasmen.go.id/19098/1/6.%20%20Matematika_IV%20SD.pdf,standard,Konversi massa; ons Indonesia = 100 g
CNV-4EE9B70D35DB,ING-KACANG-KEDELAI-IMPOR,g,1,SI,https://www.bipm.org/en/measurement-units,standard,Konversi massa; ons Indonesia = 100 g
CNV-000E15E5B225,ING-KACANG-KEDELAI-IMPOR,kg,1000,SI,https://www.bipm.org/en/measurement-units,standard,Konversi massa; ons Indonesia = 100 g
CNV-11BD306F32CA,ING-KACANG-KEDELAI-IMPOR,ons,100,Buku Matematika Kemendikdasmen,https://repositori.kemendikdasmen.go.id/19098/1/6.%20%20Matematika_IV%20SD.pdf,standard,Konversi massa; ons Indonesia = 100 g
CNV-59ACC73433A5,ING-KACANG-PANJANG,g,1,SI,https://www.bipm.org/en/measurement-units,standard,Konversi massa; ons Indonesia = 100 g
CNV-88D571C8E53F,ING-KACANG-PANJANG,kg,1000,SI,https://www.bipm.org/en/measurement-units,standard,Konversi massa; ons Indonesia = 100 g
CNV-20F1C06846A6,ING-KACANG-PANJANG,ons,100,Buku Matematika Kemendikdasmen,https://repositori.kemendikdasmen.go.id/19098/1/6.%20%20Matematika_IV%20SD.pdf,standard,Konversi massa; ons Indonesia = 100 g
CNV-DB9E108BA533,ING-KACANG-TANAH,g,1,SI,https://www.bipm.org/en/measurement-units,standard,Konversi massa; ons Indonesia = 100 g
CNV-9681E52711AE,ING-KACANG-TANAH,kg,1000,SI,https://www.bipm.org/en/measurement-units,standard,Konversi massa; ons Indonesia = 100 g
CNV-96AC745F2F7F,ING-KACANG-TANAH,ons,100,Buku Matematika Kemendikdasmen,https://repositori.kemendikdasmen.go.id/19098/1/6.%20%20Matematika_IV%20SD.pdf,standard,Konversi massa; ons Indonesia = 100 g
CNV-1045BCB8C1D8,ING-KALDU-AYAM-BUBUK,g,1,SI,https://www.bipm.org/en/measurement-units,standard,Konversi massa; ons Indonesia = 100 g
CNV-9F88E87B16DC,ING-KALDU-AYAM-BUBUK,kg,1000,SI,https://www.bipm.org/en/measurement-units,standard,Konversi massa; ons Indonesia = 100 g
CNV-396E79B4432E,ING-KALDU-AYAM-BUBUK,ons,100,Buku Matematika Kemendikdasmen,https://repositori.kemendikdasmen.go.id/19098/1/6.%20%20Matematika_IV%20SD.pdf,standard,Konversi massa; ons Indonesia = 100 g
CNV-ABC37207890C,ING-KALDU-JAMUR,g,1,SI,https://www.bipm.org/en/measurement-units,standard,Konversi massa; ons Indonesia = 100 g
CNV-2304D900AF15,ING-KALDU-JAMUR,kg,1000,SI,https://www.bipm.org/en/measurement-units,standard,Konversi massa; ons Indonesia = 100 g
CNV-5A612C4B7935,ING-KALDU-JAMUR,ons,100,Buku Matematika Kemendikdasmen,https://repositori.kemendikdasmen.go.id/19098/1/6.%20%20Matematika_IV%20SD.pdf,standard,Konversi massa; ons Indonesia = 100 g
CNV-98B837A839D8,ING-KANGKUNG,g,1,SI,https://www.bipm.org/en/measurement-units,standard,Konversi massa; ons Indonesia = 100 g
CNV-EED16FD6CA92,ING-KANGKUNG,kg,1000,SI,https://www.bipm.org/en/measurement-units,standard,Konversi massa; ons Indonesia = 100 g
CNV-44723719D068,ING-KANGKUNG,ons,100,Buku Matematika Kemendikdasmen,https://repositori.kemendikdasmen.go.id/19098/1/6.%20%20Matematika_IV%20SD.pdf,standard,Konversi massa; ons Indonesia = 100 g
CNV-AA4298D7DBA1,ING-KAYU-MANIS,g,1,SI,https://www.bipm.org/en/measurement-units,standard,Konversi massa; ons Indonesia = 100 g
CNV-376D15C5423C,ING-KAYU-MANIS,kg,1000,SI,https://www.bipm.org/en/measurement-units,standard,Konversi massa; ons Indonesia = 100 g
CNV-3D5C70D41DD9,ING-KAYU-MANIS,ons,100,Buku Matematika Kemendikdasmen,https://repositori.kemendikdasmen.go.id/19098/1/6.%20%20Matematika_IV%20SD.pdf,standard,Konversi massa; ons Indonesia = 100 g
CNV-D844F498B82E,ING-KECAP-ASIN,g,1,SI,https://www.bipm.org/en/measurement-units,standard,Konversi massa; ons Indonesia = 100 g
CNV-65FDE763F528,ING-KECAP-ASIN,kg,1000,SI,https://www.bipm.org/en/measurement-units,standard,Konversi massa; ons Indonesia = 100 g
CNV-42E35F15E1BF,ING-KECAP-ASIN,ons,100,Buku Matematika Kemendikdasmen,https://repositori.kemendikdasmen.go.id/19098/1/6.%20%20Matematika_IV%20SD.pdf,standard,Konversi massa; ons Indonesia = 100 g
CNV-AB9662C404AF,ING-KECAP-MANIS,g,1,SI,https://www.bipm.org/en/measurement-units,standard,Konversi massa; ons Indonesia = 100 g
CNV-60C4319F9103,ING-KECAP-MANIS,kg,1000,SI,https://www.bipm.org/en/measurement-units,standard,Konversi massa; ons Indonesia = 100 g
CNV-10782AB86F62,ING-KECAP-MANIS,ons,100,Buku Matematika Kemendikdasmen,https://repositori.kemendikdasmen.go.id/19098/1/6.%20%20Matematika_IV%20SD.pdf,standard,Konversi massa; ons Indonesia = 100 g
CNV-76BF398F3430,ING-KEJU-CHEDDAR,g,1,SI,https://www.bipm.org/en/measurement-units,standard,Konversi massa; ons Indonesia = 100 g
CNV-35D7731FDF37,ING-KEJU-CHEDDAR,kg,1000,SI,https://www.bipm.org/en/measurement-units,standard,Konversi massa; ons Indonesia = 100 g
CNV-953CAB14B73D,ING-KEJU-CHEDDAR,ons,100,Buku Matematika Kemendikdasmen,https://repositori.kemendikdasmen.go.id/19098/1/6.%20%20Matematika_IV%20SD.pdf,standard,Konversi massa; ons Indonesia = 100 g
CNV-4396FF84BE4F,ING-KELAPA,g,1,SI,https://www.bipm.org/en/measurement-units,standard,Konversi massa; ons Indonesia = 100 g
CNV-BEBCD718B058,ING-KELAPA,kg,1000,SI,https://www.bipm.org/en/measurement-units,standard,Konversi massa; ons Indonesia = 100 g
CNV-2FA4467381A3,ING-KELAPA,ons,100,Buku Matematika Kemendikdasmen,https://repositori.kemendikdasmen.go.id/19098/1/6.%20%20Matematika_IV%20SD.pdf,standard,Konversi massa; ons Indonesia = 100 g
CNV-5F2CCB32E932,ING-KEMANGI,g,1,SI,https://www.bipm.org/en/measurement-units,standard,Konversi massa; ons Indonesia = 100 g
CNV-FA6678E1EC30,ING-KEMANGI,kg,1000,SI,https://www.bipm.org/en/measurement-units,standard,Konversi massa; ons Indonesia = 100 g
CNV-11AF59F417A4,ING-KEMANGI,ons,100,Buku Matematika Kemendikdasmen,https://repositori.kemendikdasmen.go.id/19098/1/6.%20%20Matematika_IV%20SD.pdf,standard,Konversi massa; ons Indonesia = 100 g
CNV-879E242B03F7,ING-KEMBANG-KOL,g,1,SI,https://www.bipm.org/en/measurement-units,standard,Konversi massa; ons Indonesia = 100 g
CNV-80CCA9BB12E7,ING-KEMBANG-KOL,kg,1000,SI,https://www.bipm.org/en/measurement-units,standard,Konversi massa; ons Indonesia = 100 g
CNV-E5B2DE9E0707,ING-KEMBANG-KOL,ons,100,Buku Matematika Kemendikdasmen,https://repositori.kemendikdasmen.go.id/19098/1/6.%20%20Matematika_IV%20SD.pdf,standard,Konversi massa; ons Indonesia = 100 g
CNV-BC198B049B2A,ING-KEMIRI,g,1,SI,https://www.bipm.org/en/measurement-units,standard,Konversi massa; ons Indonesia = 100 g
CNV-24B32D6DF7A1,ING-KEMIRI,kg,1000,SI,https://www.bipm.org/en/measurement-units,standard,Konversi massa; ons Indonesia = 100 g
CNV-640739F21E8C,ING-KEMIRI,ons,100,Buku Matematika Kemendikdasmen,https://repositori.kemendikdasmen.go.id/19098/1/6.%20%20Matematika_IV%20SD.pdf,standard,Konversi massa; ons Indonesia = 100 g
CNV-5D85D6F3A2A0,ING-KENCUR,g,1,SI,https://www.bipm.org/en/measurement-units,standard,Konversi massa; ons Indonesia = 100 g
CNV-51B28CD8A428,ING-KENCUR,kg,1000,SI,https://www.bipm.org/en/measurement-units,standard,Konversi massa; ons Indonesia = 100 g
CNV-3B1624BE95C2,ING-KENCUR,ons,100,Buku Matematika Kemendikdasmen,https://repositori.kemendikdasmen.go.id/19098/1/6.%20%20Matematika_IV%20SD.pdf,standard,Konversi massa; ons Indonesia = 100 g
CNV-C8C8448C7ECE,ING-KENTANG,g,1,SI,https://www.bipm.org/en/measurement-units,standard,Konversi massa; ons Indonesia = 100 g
CNV-E24486AEA273,ING-KENTANG,kg,1000,SI,https://www.bipm.org/en/measurement-units,standard,Konversi massa; ons Indonesia = 100 g
CNV-0D0E1BC7FAA1,ING-KENTANG,ons,100,Buku Matematika Kemendikdasmen,https://repositori.kemendikdasmen.go.id/19098/1/6.%20%20Matematika_IV%20SD.pdf,standard,Konversi massa; ons Indonesia = 100 g
CNV-BED0B679F4B3,ING-KETUMBAR-BIJI,g,1,SI,https://www.bipm.org/en/measurement-units,standard,Konversi massa; ons Indonesia = 100 g
CNV-30F6EB0C435F,ING-KETUMBAR-BIJI,kg,1000,SI,https://www.bipm.org/en/measurement-units,standard,Konversi massa; ons Indonesia = 100 g
CNV-F5C8F2DA3EB9,ING-KETUMBAR-BIJI,ons,100,Buku Matematika Kemendikdasmen,https://repositori.kemendikdasmen.go.id/19098/1/6.%20%20Matematika_IV%20SD.pdf,standard,Konversi massa; ons Indonesia = 100 g
CNV-F532E6D8A6BE,ING-KOL,g,1,SI,https://www.bipm.org/en/measurement-units,standard,Konversi massa; ons Indonesia = 100 g
CNV-29AE326106AE,ING-KOL,kg,1000,SI,https://www.bipm.org/en/measurement-units,standard,Konversi massa; ons Indonesia = 100 g
CNV-09B385E9171A,ING-KOL,ons,100,Buku Matematika Kemendikdasmen,https://repositori.kemendikdasmen.go.id/19098/1/6.%20%20Matematika_IV%20SD.pdf,standard,Konversi massa; ons Indonesia = 100 g
CNV-1356011DC2E4,ING-KUBIS,g,1,SI,https://www.bipm.org/en/measurement-units,standard,Konversi massa; ons Indonesia = 100 g
CNV-2AA9C0968E0E,ING-KUBIS,kg,1000,SI,https://www.bipm.org/en/measurement-units,standard,Konversi massa; ons Indonesia = 100 g
CNV-531768627C33,ING-KUBIS,ons,100,Buku Matematika Kemendikdasmen,https://repositori.kemendikdasmen.go.id/19098/1/6.%20%20Matematika_IV%20SD.pdf,standard,Konversi massa; ons Indonesia = 100 g
CNV-340D7939B6EE,ING-KUNYIT,g,1,SI,https://www.bipm.org/en/measurement-units,standard,Konversi massa; ons Indonesia = 100 g
CNV-7FC352BF876B,ING-KUNYIT,kg,1000,SI,https://www.bipm.org/en/measurement-units,standard,Konversi massa; ons Indonesia = 100 g
CNV-004647833DEE,ING-KUNYIT,ons,100,Buku Matematika Kemendikdasmen,https://repositori.kemendikdasmen.go.id/19098/1/6.%20%20Matematika_IV%20SD.pdf,standard,Konversi massa; ons Indonesia = 100 g
CNV-8DA33FC66EEC,ING-KUNYIT-BUBUK,g,1,SI,https://www.bipm.org/en/measurement-units,standard,Konversi massa; ons Indonesia = 100 g
CNV-5DD92295B14B,ING-KUNYIT-BUBUK,kg,1000,SI,https://www.bipm.org/en/measurement-units,standard,Konversi massa; ons Indonesia = 100 g
CNV-8640D0860F3A,ING-KUNYIT-BUBUK,ons,100,Buku Matematika Kemendikdasmen,https://repositori.kemendikdasmen.go.id/19098/1/6.%20%20Matematika_IV%20SD.pdf,standard,Konversi massa; ons Indonesia = 100 g
CNV-1D391183A012,ING-LABU-KUNING,g,1,SI,https://www.bipm.org/en/measurement-units,standard,Konversi massa; ons Indonesia = 100 g
CNV-DB4F0C70C674,ING-LABU-KUNING,kg,1000,SI,https://www.bipm.org/en/measurement-units,standard,Konversi massa; ons Indonesia = 100 g
CNV-E03165AB02B4,ING-LABU-KUNING,ons,100,Buku Matematika Kemendikdasmen,https://repositori.kemendikdasmen.go.id/19098/1/6.%20%20Matematika_IV%20SD.pdf,standard,Konversi massa; ons Indonesia = 100 g
CNV-C635632C4999,ING-LABU-SIAM,g,1,SI,https://www.bipm.org/en/measurement-units,standard,Konversi massa; ons Indonesia = 100 g
CNV-1D806775C64D,ING-LABU-SIAM,kg,1000,SI,https://www.bipm.org/en/measurement-units,standard,Konversi massa; ons Indonesia = 100 g
CNV-6BFFF13C404B,ING-LABU-SIAM,ons,100,Buku Matematika Kemendikdasmen,https://repositori.kemendikdasmen.go.id/19098/1/6.%20%20Matematika_IV%20SD.pdf,standard,Konversi massa; ons Indonesia = 100 g
CNV-C1D6BA8797A2,ING-LECI,g,1,SI,https://www.bipm.org/en/measurement-units,standard,Konversi massa; ons Indonesia = 100 g
CNV-AC67D2A98311,ING-LECI,kg,1000,SI,https://www.bipm.org/en/measurement-units,standard,Konversi massa; ons Indonesia = 100 g
CNV-A7032F3F53DB,ING-LECI,ons,100,Buku Matematika Kemendikdasmen,https://repositori.kemendikdasmen.go.id/19098/1/6.%20%20Matematika_IV%20SD.pdf,standard,Konversi massa; ons Indonesia = 100 g
CNV-22E9CF723605,ING-LEMON,g,1,SI,https://www.bipm.org/en/measurement-units,standard,Konversi massa; ons Indonesia = 100 g
CNV-859AA8284AD0,ING-LEMON,kg,1000,SI,https://www.bipm.org/en/measurement-units,standard,Konversi massa; ons Indonesia = 100 g
CNV-73B0B35367D2,ING-LEMON,ons,100,Buku Matematika Kemendikdasmen,https://repositori.kemendikdasmen.go.id/19098/1/6.%20%20Matematika_IV%20SD.pdf,standard,Konversi massa; ons Indonesia = 100 g
CNV-FF8BCB5DC12A,ING-LENGKENG,g,1,SI,https://www.bipm.org/en/measurement-units,standard,Konversi massa; ons Indonesia = 100 g
CNV-6FF8AADF6504,ING-LENGKENG,kg,1000,SI,https://www.bipm.org/en/measurement-units,standard,Konversi massa; ons Indonesia = 100 g
CNV-8F838AFACFCC,ING-LENGKENG,ons,100,Buku Matematika Kemendikdasmen,https://repositori.kemendikdasmen.go.id/19098/1/6.%20%20Matematika_IV%20SD.pdf,standard,Konversi massa; ons Indonesia = 100 g
CNV-B7D355A68AC7,ING-LENGKUAS,g,1,SI,https://www.bipm.org/en/measurement-units,standard,Konversi massa; ons Indonesia = 100 g
CNV-AD356A856F13,ING-LENGKUAS,kg,1000,SI,https://www.bipm.org/en/measurement-units,standard,Konversi massa; ons Indonesia = 100 g
CNV-53F37A641587,ING-LENGKUAS,ons,100,Buku Matematika Kemendikdasmen,https://repositori.kemendikdasmen.go.id/19098/1/6.%20%20Matematika_IV%20SD.pdf,standard,Konversi massa; ons Indonesia = 100 g
CNV-1A73C8C0502F,ING-MAIZENA,g,1,SI,https://www.bipm.org/en/measurement-units,standard,Konversi massa; ons Indonesia = 100 g
CNV-5B592E016938,ING-MAIZENA,kg,1000,SI,https://www.bipm.org/en/measurement-units,standard,Konversi massa; ons Indonesia = 100 g
CNV-76D12B1CD01A,ING-MAIZENA,ons,100,Buku Matematika Kemendikdasmen,https://repositori.kemendikdasmen.go.id/19098/1/6.%20%20Matematika_IV%20SD.pdf,standard,Konversi massa; ons Indonesia = 100 g
CNV-573E8E45FEEE,ING-MANGGA,g,1,SI,https://www.bipm.org/en/measurement-units,standard,Konversi massa; ons Indonesia = 100 g
CNV-D4AA51A71600,ING-MANGGA,kg,1000,SI,https://www.bipm.org/en/measurement-units,standard,Konversi massa; ons Indonesia = 100 g
CNV-948374295D79,ING-MANGGA,ons,100,Buku Matematika Kemendikdasmen,https://repositori.kemendikdasmen.go.id/19098/1/6.%20%20Matematika_IV%20SD.pdf,standard,Konversi massa; ons Indonesia = 100 g
CNV-0600C08AC3AD,ING-MARGARIN,g,1,SI,https://www.bipm.org/en/measurement-units,standard,Konversi massa; ons Indonesia = 100 g
CNV-A0E0CBD4CAC8,ING-MARGARIN,kg,1000,SI,https://www.bipm.org/en/measurement-units,standard,Konversi massa; ons Indonesia = 100 g
CNV-1915B9C934A5,ING-MARGARIN,ons,100,Buku Matematika Kemendikdasmen,https://repositori.kemendikdasmen.go.id/19098/1/6.%20%20Matematika_IV%20SD.pdf,standard,Konversi massa; ons Indonesia = 100 g
CNV-442194C660C7,ING-MELON,g,1,SI,https://www.bipm.org/en/measurement-units,standard,Konversi massa; ons Indonesia = 100 g
CNV-3B47B470217A,ING-MELON,kg,1000,SI,https://www.bipm.org/en/measurement-units,standard,Konversi massa; ons Indonesia = 100 g
CNV-C8D6A69CA852,ING-MELON,ons,100,Buku Matematika Kemendikdasmen,https://repositori.kemendikdasmen.go.id/19098/1/6.%20%20Matematika_IV%20SD.pdf,standard,Konversi massa; ons Indonesia = 100 g
CNV-9CD01E903B47,ING-MENTEGA,g,1,SI,https://www.bipm.org/en/measurement-units,standard,Konversi massa; ons Indonesia = 100 g
CNV-E07323D58B1E,ING-MENTEGA,kg,1000,SI,https://www.bipm.org/en/measurement-units,standard,Konversi massa; ons Indonesia = 100 g
CNV-2BA62640144E,ING-MENTEGA,ons,100,Buku Matematika Kemendikdasmen,https://repositori.kemendikdasmen.go.id/19098/1/6.%20%20Matematika_IV%20SD.pdf,standard,Konversi massa; ons Indonesia = 100 g
CNV-FFFEF68FBB78,ING-MENTIMUN,g,1,SI,https://www.bipm.org/en/measurement-units,standard,Konversi massa; ons Indonesia = 100 g
CNV-DB193CEEC4E3,ING-MENTIMUN,kg,1000,SI,https://www.bipm.org/en/measurement-units,standard,Konversi massa; ons Indonesia = 100 g
CNV-D1F93C2F6C15,ING-MENTIMUN,ons,100,Buku Matematika Kemendikdasmen,https://repositori.kemendikdasmen.go.id/19098/1/6.%20%20Matematika_IV%20SD.pdf,standard,Konversi massa; ons Indonesia = 100 g
CNV-B1FFC0958E7C,ING-MERICA,g,1,SI,https://www.bipm.org/en/measurement-units,standard,Konversi massa; ons Indonesia = 100 g
CNV-06B30B35E544,ING-MERICA,kg,1000,SI,https://www.bipm.org/en/measurement-units,standard,Konversi massa; ons Indonesia = 100 g
CNV-269773D58529,ING-MERICA,ons,100,Buku Matematika Kemendikdasmen,https://repositori.kemendikdasmen.go.id/19098/1/6.%20%20Matematika_IV%20SD.pdf,standard,Konversi massa; ons Indonesia = 100 g
CNV-EE7D4004F181,ING-MIE-INSTAN,g,1,SI,https://www.bipm.org/en/measurement-units,standard,Konversi massa; ons Indonesia = 100 g
CNV-5D6A47DFD0FB,ING-MIE-INSTAN,kg,1000,SI,https://www.bipm.org/en/measurement-units,standard,Konversi massa; ons Indonesia = 100 g
CNV-2639CDA3237B,ING-MIE-INSTAN,ons,100,Buku Matematika Kemendikdasmen,https://repositori.kemendikdasmen.go.id/19098/1/6.%20%20Matematika_IV%20SD.pdf,standard,Konversi massa; ons Indonesia = 100 g
CNV-027669727789,ING-MINT,g,1,SI,https://www.bipm.org/en/measurement-units,standard,Konversi massa; ons Indonesia = 100 g
CNV-DE945BBB379A,ING-MINT,kg,1000,SI,https://www.bipm.org/en/measurement-units,standard,Konversi massa; ons Indonesia = 100 g
CNV-97ECC46B0B8B,ING-MINT,ons,100,Buku Matematika Kemendikdasmen,https://repositori.kemendikdasmen.go.id/19098/1/6.%20%20Matematika_IV%20SD.pdf,standard,Konversi massa; ons Indonesia = 100 g
CNV-0BA0FD0E9B08,ING-MINYAK-GORENG,g,1,SI,https://www.bipm.org/en/measurement-units,standard,Konversi massa; ons Indonesia = 100 g
CNV-13EA6FC0DF4B,ING-MINYAK-GORENG,kg,1000,SI,https://www.bipm.org/en/measurement-units,standard,Konversi massa; ons Indonesia = 100 g
CNV-021ECD855B6D,ING-MINYAK-GORENG,ons,100,Buku Matematika Kemendikdasmen,https://repositori.kemendikdasmen.go.id/19098/1/6.%20%20Matematika_IV%20SD.pdf,standard,Konversi massa; ons Indonesia = 100 g
CNV-397F4C9BE093,ING-MINYAK-GORENG-BIMOLI-KEMASAN,g,1,SI,https://www.bipm.org/en/measurement-units,standard,Konversi massa; ons Indonesia = 100 g
CNV-3B726E2EE09F,ING-MINYAK-GORENG-BIMOLI-KEMASAN,kg,1000,SI,https://www.bipm.org/en/measurement-units,standard,Konversi massa; ons Indonesia = 100 g
CNV-2289C698A8B8,ING-MINYAK-GORENG-BIMOLI-KEMASAN,ons,100,Buku Matematika Kemendikdasmen,https://repositori.kemendikdasmen.go.id/19098/1/6.%20%20Matematika_IV%20SD.pdf,standard,Konversi massa; ons Indonesia = 100 g
CNV-FEF8915E4671,ING-MINYAK-GORENG-CURAH,g,1,SI,https://www.bipm.org/en/measurement-units,standard,Konversi massa; ons Indonesia = 100 g
CNV-2EA80D3A80AC,ING-MINYAK-GORENG-CURAH,kg,1000,SI,https://www.bipm.org/en/measurement-units,standard,Konversi massa; ons Indonesia = 100 g
CNV-B05549BBB84E,ING-MINYAK-GORENG-CURAH,ons,100,Buku Matematika Kemendikdasmen,https://repositori.kemendikdasmen.go.id/19098/1/6.%20%20Matematika_IV%20SD.pdf,standard,Konversi massa; ons Indonesia = 100 g
CNV-EC2763CFE1FB,ING-MINYAK-GORENG-KEMASAN-BERMERK-1,g,1,SI,https://www.bipm.org/en/measurement-units,standard,Konversi massa; ons Indonesia = 100 g
CNV-301D0E15B057,ING-MINYAK-GORENG-KEMASAN-BERMERK-1,kg,1000,SI,https://www.bipm.org/en/measurement-units,standard,Konversi massa; ons Indonesia = 100 g
CNV-D35CBE2A4011,ING-MINYAK-GORENG-KEMASAN-BERMERK-1,ons,100,Buku Matematika Kemendikdasmen,https://repositori.kemendikdasmen.go.id/19098/1/6.%20%20Matematika_IV%20SD.pdf,standard,Konversi massa; ons Indonesia = 100 g
CNV-A2C575CB0F8A,ING-MINYAK-GORENG-KEMASAN-BERMERK-2,g,1,SI,https://www.bipm.org/en/measurement-units,standard,Konversi massa; ons Indonesia = 100 g
CNV-72E02EC637B5,ING-MINYAK-GORENG-KEMASAN-BERMERK-2,kg,1000,SI,https://www.bipm.org/en/measurement-units,standard,Konversi massa; ons Indonesia = 100 g
CNV-E1EFFC753D96,ING-MINYAK-GORENG-KEMASAN-BERMERK-2,ons,100,Buku Matematika Kemendikdasmen,https://repositori.kemendikdasmen.go.id/19098/1/6.%20%20Matematika_IV%20SD.pdf,standard,Konversi massa; ons Indonesia = 100 g
CNV-B1D1CBEE7E8A,ING-MINYAK-GORENG-KEMASAN-SEDERHANA,g,1,SI,https://www.bipm.org/en/measurement-units,standard,Konversi massa; ons Indonesia = 100 g
CNV-B413E5D2E3D0,ING-MINYAK-GORENG-KEMASAN-SEDERHANA,kg,1000,SI,https://www.bipm.org/en/measurement-units,standard,Konversi massa; ons Indonesia = 100 g
CNV-386EB26DAA00,ING-MINYAK-GORENG-KEMASAN-SEDERHANA,ons,100,Buku Matematika Kemendikdasmen,https://repositori.kemendikdasmen.go.id/19098/1/6.%20%20Matematika_IV%20SD.pdf,standard,Konversi massa; ons Indonesia = 100 g
CNV-826F3B46B753,ING-MINYAK-KELAPA,g,1,SI,https://www.bipm.org/en/measurement-units,standard,Konversi massa; ons Indonesia = 100 g
CNV-7E708BBCCB6C,ING-MINYAK-KELAPA,kg,1000,SI,https://www.bipm.org/en/measurement-units,standard,Konversi massa; ons Indonesia = 100 g
CNV-46A010784885,ING-MINYAK-KELAPA,ons,100,Buku Matematika Kemendikdasmen,https://repositori.kemendikdasmen.go.id/19098/1/6.%20%20Matematika_IV%20SD.pdf,standard,Konversi massa; ons Indonesia = 100 g
CNV-56C86DBB1C04,ING-MINYAK-KITA,g,1,SI,https://www.bipm.org/en/measurement-units,standard,Konversi massa; ons Indonesia = 100 g
CNV-D435B9E0A774,ING-MINYAK-KITA,kg,1000,SI,https://www.bipm.org/en/measurement-units,standard,Konversi massa; ons Indonesia = 100 g
CNV-93F01B0D7A8D,ING-MINYAK-KITA,ons,100,Buku Matematika Kemendikdasmen,https://repositori.kemendikdasmen.go.id/19098/1/6.%20%20Matematika_IV%20SD.pdf,standard,Konversi massa; ons Indonesia = 100 g
CNV-08FBC801A7FD,ING-MINYAK-WIJEN,g,1,SI,https://www.bipm.org/en/measurement-units,standard,Konversi massa; ons Indonesia = 100 g
CNV-5D9AD8AD7B03,ING-MINYAK-WIJEN,kg,1000,SI,https://www.bipm.org/en/measurement-units,standard,Konversi massa; ons Indonesia = 100 g
CNV-3D17E7805A86,ING-MINYAK-WIJEN,ons,100,Buku Matematika Kemendikdasmen,https://repositori.kemendikdasmen.go.id/19098/1/6.%20%20Matematika_IV%20SD.pdf,standard,Konversi massa; ons Indonesia = 100 g
CNV-807EEDCFD154,ING-MINYAK-ZAITUN,g,1,SI,https://www.bipm.org/en/measurement-units,standard,Konversi massa; ons Indonesia = 100 g
CNV-7736EDC32ADB,ING-MINYAK-ZAITUN,kg,1000,SI,https://www.bipm.org/en/measurement-units,standard,Konversi massa; ons Indonesia = 100 g
CNV-9F424F1D90DE,ING-MINYAK-ZAITUN,ons,100,Buku Matematika Kemendikdasmen,https://repositori.kemendikdasmen.go.id/19098/1/6.%20%20Matematika_IV%20SD.pdf,standard,Konversi massa; ons Indonesia = 100 g
CNV-DAEDCA8D023B,ING-NANAS-MADU,g,1,SI,https://www.bipm.org/en/measurement-units,standard,Konversi massa; ons Indonesia = 100 g
CNV-585EDEB98E8C,ING-NANAS-MADU,kg,1000,SI,https://www.bipm.org/en/measurement-units,standard,Konversi massa; ons Indonesia = 100 g
CNV-CDA5A14A808C,ING-NANAS-MADU,ons,100,Buku Matematika Kemendikdasmen,https://repositori.kemendikdasmen.go.id/19098/1/6.%20%20Matematika_IV%20SD.pdf,standard,Konversi massa; ons Indonesia = 100 g
CNV-B6C3A65ABC0D,ING-PAKCOY,g,1,SI,https://www.bipm.org/en/measurement-units,standard,Konversi massa; ons Indonesia = 100 g
CNV-DDAD33DF7E04,ING-PAKCOY,kg,1000,SI,https://www.bipm.org/en/measurement-units,standard,Konversi massa; ons Indonesia = 100 g
CNV-33FCE7195E0A,ING-PAKCOY,ons,100,Buku Matematika Kemendikdasmen,https://repositori.kemendikdasmen.go.id/19098/1/6.%20%20Matematika_IV%20SD.pdf,standard,Konversi massa; ons Indonesia = 100 g
CNV-F48B90B3684C,ING-PALA,g,1,SI,https://www.bipm.org/en/measurement-units,standard,Konversi massa; ons Indonesia = 100 g
CNV-07181202C3B9,ING-PALA,kg,1000,SI,https://www.bipm.org/en/measurement-units,standard,Konversi massa; ons Indonesia = 100 g
CNV-59AB2B32F152,ING-PALA,ons,100,Buku Matematika Kemendikdasmen,https://repositori.kemendikdasmen.go.id/19098/1/6.%20%20Matematika_IV%20SD.pdf,standard,Konversi massa; ons Indonesia = 100 g
CNV-3654C3EBBD0D,ING-PAPRIKA-BUBUK,g,1,SI,https://www.bipm.org/en/measurement-units,standard,Konversi massa; ons Indonesia = 100 g
CNV-8FFFEB62F9E4,ING-PAPRIKA-BUBUK,kg,1000,SI,https://www.bipm.org/en/measurement-units,standard,Konversi massa; ons Indonesia = 100 g
CNV-7AF94DC485FB,ING-PAPRIKA-BUBUK,ons,100,Buku Matematika Kemendikdasmen,https://repositori.kemendikdasmen.go.id/19098/1/6.%20%20Matematika_IV%20SD.pdf,standard,Konversi massa; ons Indonesia = 100 g
CNV-A2A739BF8361,ING-PAPRIKA-HIJAU,g,1,SI,https://www.bipm.org/en/measurement-units,standard,Konversi massa; ons Indonesia = 100 g
CNV-990F3D321E63,ING-PAPRIKA-HIJAU,kg,1000,SI,https://www.bipm.org/en/measurement-units,standard,Konversi massa; ons Indonesia = 100 g
CNV-DBF8E0C38B12,ING-PAPRIKA-HIJAU,ons,100,Buku Matematika Kemendikdasmen,https://repositori.kemendikdasmen.go.id/19098/1/6.%20%20Matematika_IV%20SD.pdf,standard,Konversi massa; ons Indonesia = 100 g
CNV-4B9DE2F7324F,ING-PAPRIKA-MERAH,g,1,SI,https://www.bipm.org/en/measurement-units,standard,Konversi massa; ons Indonesia = 100 g
CNV-11021022702D,ING-PAPRIKA-MERAH,kg,1000,SI,https://www.bipm.org/en/measurement-units,standard,Konversi massa; ons Indonesia = 100 g
CNV-4F460AA94D16,ING-PAPRIKA-MERAH,ons,100,Buku Matematika Kemendikdasmen,https://repositori.kemendikdasmen.go.id/19098/1/6.%20%20Matematika_IV%20SD.pdf,standard,Konversi massa; ons Indonesia = 100 g
CNV-F7C4D07A988B,ING-PARSLEY,g,1,SI,https://www.bipm.org/en/measurement-units,standard,Konversi massa; ons Indonesia = 100 g
CNV-A179D1B85AC3,ING-PARSLEY,kg,1000,SI,https://www.bipm.org/en/measurement-units,standard,Konversi massa; ons Indonesia = 100 g
CNV-205787115E12,ING-PARSLEY,ons,100,Buku Matematika Kemendikdasmen,https://repositori.kemendikdasmen.go.id/19098/1/6.%20%20Matematika_IV%20SD.pdf,standard,Konversi massa; ons Indonesia = 100 g
CNV-80B5DD4EBCF5,ING-PEPAYA,g,1,SI,https://www.bipm.org/en/measurement-units,standard,Konversi massa; ons Indonesia = 100 g
CNV-5B4ACDBE839B,ING-PEPAYA,kg,1000,SI,https://www.bipm.org/en/measurement-units,standard,Konversi massa; ons Indonesia = 100 g
CNV-94891B9EBC85,ING-PEPAYA,ons,100,Buku Matematika Kemendikdasmen,https://repositori.kemendikdasmen.go.id/19098/1/6.%20%20Matematika_IV%20SD.pdf,standard,Konversi massa; ons Indonesia = 100 g
CNV-35AC35AF0B68,ING-PETAI,g,1,SI,https://www.bipm.org/en/measurement-units,standard,Konversi massa; ons Indonesia = 100 g
CNV-CB44EA16AE65,ING-PETAI,kg,1000,SI,https://www.bipm.org/en/measurement-units,standard,Konversi massa; ons Indonesia = 100 g
CNV-864B353F030E,ING-PETAI,ons,100,Buku Matematika Kemendikdasmen,https://repositori.kemendikdasmen.go.id/19098/1/6.%20%20Matematika_IV%20SD.pdf,standard,Konversi massa; ons Indonesia = 100 g
CNV-152A03095752,ING-PISANG,g,1,SI,https://www.bipm.org/en/measurement-units,standard,Konversi massa; ons Indonesia = 100 g
CNV-30B2DE3D1450,ING-PISANG,kg,1000,SI,https://www.bipm.org/en/measurement-units,standard,Konversi massa; ons Indonesia = 100 g
CNV-CB892BF89896,ING-PISANG,ons,100,Buku Matematika Kemendikdasmen,https://repositori.kemendikdasmen.go.id/19098/1/6.%20%20Matematika_IV%20SD.pdf,standard,Konversi massa; ons Indonesia = 100 g
CNV-E006AD8463F8,ING-ROTI,g,1,SI,https://www.bipm.org/en/measurement-units,standard,Konversi massa; ons Indonesia = 100 g
CNV-730D26676089,ING-ROTI,kg,1000,SI,https://www.bipm.org/en/measurement-units,standard,Konversi massa; ons Indonesia = 100 g
CNV-EC9695EDA219,ING-ROTI,ons,100,Buku Matematika Kemendikdasmen,https://repositori.kemendikdasmen.go.id/19098/1/6.%20%20Matematika_IV%20SD.pdf,standard,Konversi massa; ons Indonesia = 100 g
CNV-AB32BCB5F035,ING-SAGU,g,1,SI,https://www.bipm.org/en/measurement-units,standard,Konversi massa; ons Indonesia = 100 g
CNV-4BE07943CC41,ING-SAGU,kg,1000,SI,https://www.bipm.org/en/measurement-units,standard,Konversi massa; ons Indonesia = 100 g
CNV-2DC575542198,ING-SAGU,ons,100,Buku Matematika Kemendikdasmen,https://repositori.kemendikdasmen.go.id/19098/1/6.%20%20Matematika_IV%20SD.pdf,standard,Konversi massa; ons Indonesia = 100 g
CNV-32665A556952,ING-SALAK,g,1,SI,https://www.bipm.org/en/measurement-units,standard,Konversi massa; ons Indonesia = 100 g
CNV-F79C50B1B4C4,ING-SALAK,kg,1000,SI,https://www.bipm.org/en/measurement-units,standard,Konversi massa; ons Indonesia = 100 g
CNV-0C11BB3570B1,ING-SALAK,ons,100,Buku Matematika Kemendikdasmen,https://repositori.kemendikdasmen.go.id/19098/1/6.%20%20Matematika_IV%20SD.pdf,standard,Konversi massa; ons Indonesia = 100 g
CNV-A9A2D968F7A3,ING-SANTAN,g,1,SI,https://www.bipm.org/en/measurement-units,standard,Konversi massa; ons Indonesia = 100 g
CNV-6F10D0F207C6,ING-SANTAN,kg,1000,SI,https://www.bipm.org/en/measurement-units,standard,Konversi massa; ons Indonesia = 100 g
CNV-6CB086AC2198,ING-SANTAN,ons,100,Buku Matematika Kemendikdasmen,https://repositori.kemendikdasmen.go.id/19098/1/6.%20%20Matematika_IV%20SD.pdf,standard,Konversi massa; ons Indonesia = 100 g
CNV-D659960D4FEE,ING-SAUS-TERIYAKI,g,1,SI,https://www.bipm.org/en/measurement-units,standard,Konversi massa; ons Indonesia = 100 g
CNV-A0C83522A595,ING-SAUS-TERIYAKI,kg,1000,SI,https://www.bipm.org/en/measurement-units,standard,Konversi massa; ons Indonesia = 100 g
CNV-59A314A63184,ING-SAUS-TERIYAKI,ons,100,Buku Matematika Kemendikdasmen,https://repositori.kemendikdasmen.go.id/19098/1/6.%20%20Matematika_IV%20SD.pdf,standard,Konversi massa; ons Indonesia = 100 g
CNV-EB9D35B778F4,ING-SAUS-TIRAM,g,1,SI,https://www.bipm.org/en/measurement-units,standard,Konversi massa; ons Indonesia = 100 g
CNV-771EF6328C5C,ING-SAUS-TIRAM,kg,1000,SI,https://www.bipm.org/en/measurement-units,standard,Konversi massa; ons Indonesia = 100 g
CNV-64A304EF06D8,ING-SAUS-TIRAM,ons,100,Buku Matematika Kemendikdasmen,https://repositori.kemendikdasmen.go.id/19098/1/6.%20%20Matematika_IV%20SD.pdf,standard,Konversi massa; ons Indonesia = 100 g
CNV-D02EF828AE54,ING-SAUS-TOMAT,g,1,SI,https://www.bipm.org/en/measurement-units,standard,Konversi massa; ons Indonesia = 100 g
CNV-87B84D61FC6E,ING-SAUS-TOMAT,kg,1000,SI,https://www.bipm.org/en/measurement-units,standard,Konversi massa; ons Indonesia = 100 g
CNV-28B9E34CE0CE,ING-SAUS-TOMAT,ons,100,Buku Matematika Kemendikdasmen,https://repositori.kemendikdasmen.go.id/19098/1/6.%20%20Matematika_IV%20SD.pdf,standard,Konversi massa; ons Indonesia = 100 g
CNV-EB13E62BD611,ING-SAWI-HIJAU,g,1,SI,https://www.bipm.org/en/measurement-units,standard,Konversi massa; ons Indonesia = 100 g
CNV-5DD5F701B4BB,ING-SAWI-HIJAU,kg,1000,SI,https://www.bipm.org/en/measurement-units,standard,Konversi massa; ons Indonesia = 100 g
CNV-A80B850DC4AD,ING-SAWI-HIJAU,ons,100,Buku Matematika Kemendikdasmen,https://repositori.kemendikdasmen.go.id/19098/1/6.%20%20Matematika_IV%20SD.pdf,standard,Konversi massa; ons Indonesia = 100 g
CNV-C7D42DDE7508,ING-SAWI-PUTIH,g,1,SI,https://www.bipm.org/en/measurement-units,standard,Konversi massa; ons Indonesia = 100 g
CNV-4CDB775F7819,ING-SAWI-PUTIH,kg,1000,SI,https://www.bipm.org/en/measurement-units,standard,Konversi massa; ons Indonesia = 100 g
CNV-ADA30C232C3F,ING-SAWI-PUTIH,ons,100,Buku Matematika Kemendikdasmen,https://repositori.kemendikdasmen.go.id/19098/1/6.%20%20Matematika_IV%20SD.pdf,standard,Konversi massa; ons Indonesia = 100 g
CNV-C2482CC366E4,ING-SELADA,g,1,SI,https://www.bipm.org/en/measurement-units,standard,Konversi massa; ons Indonesia = 100 g
CNV-9600EFCCBD7B,ING-SELADA,kg,1000,SI,https://www.bipm.org/en/measurement-units,standard,Konversi massa; ons Indonesia = 100 g
CNV-6AAE965234B5,ING-SELADA,ons,100,Buku Matematika Kemendikdasmen,https://repositori.kemendikdasmen.go.id/19098/1/6.%20%20Matematika_IV%20SD.pdf,standard,Konversi massa; ons Indonesia = 100 g
CNV-524A44185A8B,ING-SELEDRI,g,1,SI,https://www.bipm.org/en/measurement-units,standard,Konversi massa; ons Indonesia = 100 g
CNV-A33BD6749903,ING-SELEDRI,kg,1000,SI,https://www.bipm.org/en/measurement-units,standard,Konversi massa; ons Indonesia = 100 g
CNV-058B4B1ABCCD,ING-SELEDRI,ons,100,Buku Matematika Kemendikdasmen,https://repositori.kemendikdasmen.go.id/19098/1/6.%20%20Matematika_IV%20SD.pdf,standard,Konversi massa; ons Indonesia = 100 g
CNV-0B932917BBB4,ING-SEMANGKA,g,1,SI,https://www.bipm.org/en/measurement-units,standard,Konversi massa; ons Indonesia = 100 g
CNV-7ABAAFC0F793,ING-SEMANGKA,kg,1000,SI,https://www.bipm.org/en/measurement-units,standard,Konversi massa; ons Indonesia = 100 g
CNV-D997AC67BC83,ING-SEMANGKA,ons,100,Buku Matematika Kemendikdasmen,https://repositori.kemendikdasmen.go.id/19098/1/6.%20%20Matematika_IV%20SD.pdf,standard,Konversi massa; ons Indonesia = 100 g
CNV-CECC6F980D4F,ING-SERAI,g,1,SI,https://www.bipm.org/en/measurement-units,standard,Konversi massa; ons Indonesia = 100 g
CNV-E4B685983F44,ING-SERAI,kg,1000,SI,https://www.bipm.org/en/measurement-units,standard,Konversi massa; ons Indonesia = 100 g
CNV-A58171A03C5B,ING-SERAI,ons,100,Buku Matematika Kemendikdasmen,https://repositori.kemendikdasmen.go.id/19098/1/6.%20%20Matematika_IV%20SD.pdf,standard,Konversi massa; ons Indonesia = 100 g
CNV-C29D17D3FF9A,ING-SINGKONG,g,1,SI,https://www.bipm.org/en/measurement-units,standard,Konversi massa; ons Indonesia = 100 g
CNV-2E6CDDAED1C5,ING-SINGKONG,kg,1000,SI,https://www.bipm.org/en/measurement-units,standard,Konversi massa; ons Indonesia = 100 g
CNV-693426D81FD7,ING-SINGKONG,ons,100,Buku Matematika Kemendikdasmen,https://repositori.kemendikdasmen.go.id/19098/1/6.%20%20Matematika_IV%20SD.pdf,standard,Konversi massa; ons Indonesia = 100 g
CNV-50BC0FCCC42D,ING-SOUN,g,1,SI,https://www.bipm.org/en/measurement-units,standard,Konversi massa; ons Indonesia = 100 g
CNV-430B94AF0CA3,ING-SOUN,kg,1000,SI,https://www.bipm.org/en/measurement-units,standard,Konversi massa; ons Indonesia = 100 g
CNV-B342FFCA8CAE,ING-SOUN,ons,100,Buku Matematika Kemendikdasmen,https://repositori.kemendikdasmen.go.id/19098/1/6.%20%20Matematika_IV%20SD.pdf,standard,Konversi massa; ons Indonesia = 100 g
CNV-8018CB4B068E,ING-SUSU-BALITA-SGM-400GR,g,1,SI,https://www.bipm.org/en/measurement-units,standard,Konversi massa; ons Indonesia = 100 g
CNV-8FD6E83ABD51,ING-SUSU-BALITA-SGM-400GR,kg,1000,SI,https://www.bipm.org/en/measurement-units,standard,Konversi massa; ons Indonesia = 100 g
CNV-E0CBA15BADF3,ING-SUSU-BALITA-SGM-400GR,ons,100,Buku Matematika Kemendikdasmen,https://repositori.kemendikdasmen.go.id/19098/1/6.%20%20Matematika_IV%20SD.pdf,standard,Konversi massa; ons Indonesia = 100 g
CNV-F90B6820D867,ING-SUSU-BUBUK-DANCOW,g,1,SI,https://www.bipm.org/en/measurement-units,standard,Konversi massa; ons Indonesia = 100 g
CNV-8416BE041745,ING-SUSU-BUBUK-DANCOW,kg,1000,SI,https://www.bipm.org/en/measurement-units,standard,Konversi massa; ons Indonesia = 100 g
CNV-55DD96E48DA1,ING-SUSU-BUBUK-DANCOW,ons,100,Buku Matematika Kemendikdasmen,https://repositori.kemendikdasmen.go.id/19098/1/6.%20%20Matematika_IV%20SD.pdf,standard,Konversi massa; ons Indonesia = 100 g
CNV-397C6EEDBF34,ING-SUSU-BUBUK-INDOMILK,g,1,SI,https://www.bipm.org/en/measurement-units,standard,Konversi massa; ons Indonesia = 100 g
CNV-223F76B91FA9,ING-SUSU-BUBUK-INDOMILK,kg,1000,SI,https://www.bipm.org/en/measurement-units,standard,Konversi massa; ons Indonesia = 100 g
CNV-182941B9B976,ING-SUSU-BUBUK-INDOMILK,ons,100,Buku Matematika Kemendikdasmen,https://repositori.kemendikdasmen.go.id/19098/1/6.%20%20Matematika_IV%20SD.pdf,standard,Konversi massa; ons Indonesia = 100 g
CNV-BC33E58889BC,ING-SUSU-KENTAL-MANIS-MERK-BENDERA,g,1,SI,https://www.bipm.org/en/measurement-units,standard,Konversi massa; ons Indonesia = 100 g
CNV-4D437CD3F2A9,ING-SUSU-KENTAL-MANIS-MERK-BENDERA,kg,1000,SI,https://www.bipm.org/en/measurement-units,standard,Konversi massa; ons Indonesia = 100 g
CNV-3DE7CF4640AC,ING-SUSU-KENTAL-MANIS-MERK-BENDERA,ons,100,Buku Matematika Kemendikdasmen,https://repositori.kemendikdasmen.go.id/19098/1/6.%20%20Matematika_IV%20SD.pdf,standard,Konversi massa; ons Indonesia = 100 g
CNV-A283CE2FED17,ING-SUSU-KENTAL-MANIS-MERK-INDOMILK,g,1,SI,https://www.bipm.org/en/measurement-units,standard,Konversi massa; ons Indonesia = 100 g
CNV-40F7DB849D5B,ING-SUSU-KENTAL-MANIS-MERK-INDOMILK,kg,1000,SI,https://www.bipm.org/en/measurement-units,standard,Konversi massa; ons Indonesia = 100 g
CNV-A22C73B81173,ING-SUSU-KENTAL-MANIS-MERK-INDOMILK,ons,100,Buku Matematika Kemendikdasmen,https://repositori.kemendikdasmen.go.id/19098/1/6.%20%20Matematika_IV%20SD.pdf,standard,Konversi massa; ons Indonesia = 100 g
CNV-6E4DFAD523D1,ING-SUSU-KOTAK,g,1,SI,https://www.bipm.org/en/measurement-units,standard,Konversi massa; ons Indonesia = 100 g
CNV-6798B64BF7C1,ING-SUSU-KOTAK,kg,1000,SI,https://www.bipm.org/en/measurement-units,standard,Konversi massa; ons Indonesia = 100 g
CNV-1C92BFA38BD3,ING-SUSU-KOTAK,ons,100,Buku Matematika Kemendikdasmen,https://repositori.kemendikdasmen.go.id/19098/1/6.%20%20Matematika_IV%20SD.pdf,standard,Konversi massa; ons Indonesia = 100 g
CNV-1C0AA02D9198,ING-SUSU-SAPI-SEGAR,g,1,SI,https://www.bipm.org/en/measurement-units,standard,Konversi massa; ons Indonesia = 100 g
CNV-AFE7E517B992,ING-SUSU-SAPI-SEGAR,kg,1000,SI,https://www.bipm.org/en/measurement-units,standard,Konversi massa; ons Indonesia = 100 g
CNV-8B889374B3DA,ING-SUSU-SAPI-SEGAR,ons,100,Buku Matematika Kemendikdasmen,https://repositori.kemendikdasmen.go.id/19098/1/6.%20%20Matematika_IV%20SD.pdf,standard,Konversi massa; ons Indonesia = 100 g
CNV-D847C628F4A9,ING-TAHU-MENTAH-PCS,g,1,SI,https://www.bipm.org/en/measurement-units,standard,Konversi massa; ons Indonesia = 100 g
CNV-51E29A5E3CF7,ING-TAHU-MENTAH-PCS,kg,1000,SI,https://www.bipm.org/en/measurement-units,standard,Konversi massa; ons Indonesia = 100 g
CNV-C10759894F80,ING-TAHU-MENTAH-PCS,ons,100,Buku Matematika Kemendikdasmen,https://repositori.kemendikdasmen.go.id/19098/1/6.%20%20Matematika_IV%20SD.pdf,standard,Konversi massa; ons Indonesia = 100 g
CNV-BC23D6C3FE55,ING-TAHU-PUTIH,g,1,SI,https://www.bipm.org/en/measurement-units,standard,Konversi massa; ons Indonesia = 100 g
CNV-061A4D4CDD0D,ING-TAHU-PUTIH,kg,1000,SI,https://www.bipm.org/en/measurement-units,standard,Konversi massa; ons Indonesia = 100 g
CNV-F853D055EDC3,ING-TAHU-PUTIH,ons,100,Buku Matematika Kemendikdasmen,https://repositori.kemendikdasmen.go.id/19098/1/6.%20%20Matematika_IV%20SD.pdf,standard,Konversi massa; ons Indonesia = 100 g
CNV-EE8471C13F29,ING-TALAS,g,1,SI,https://www.bipm.org/en/measurement-units,standard,Konversi massa; ons Indonesia = 100 g
CNV-11855994D7EA,ING-TALAS,kg,1000,SI,https://www.bipm.org/en/measurement-units,standard,Konversi massa; ons Indonesia = 100 g
CNV-329FD7D8BE42,ING-TALAS,ons,100,Buku Matematika Kemendikdasmen,https://repositori.kemendikdasmen.go.id/19098/1/6.%20%20Matematika_IV%20SD.pdf,standard,Konversi massa; ons Indonesia = 100 g
CNV-69ECF030981F,ING-TAUGE,g,1,SI,https://www.bipm.org/en/measurement-units,standard,Konversi massa; ons Indonesia = 100 g
CNV-E48E2A4A32B5,ING-TAUGE,kg,1000,SI,https://www.bipm.org/en/measurement-units,standard,Konversi massa; ons Indonesia = 100 g
CNV-B67618FE57E2,ING-TAUGE,ons,100,Buku Matematika Kemendikdasmen,https://repositori.kemendikdasmen.go.id/19098/1/6.%20%20Matematika_IV%20SD.pdf,standard,Konversi massa; ons Indonesia = 100 g
CNV-FE42D0E88811,ING-TELUR-AYAM,g,1,SI,https://www.bipm.org/en/measurement-units,standard,Konversi massa; ons Indonesia = 100 g
CNV-CE3E9B067A9D,ING-TELUR-AYAM,kg,1000,SI,https://www.bipm.org/en/measurement-units,standard,Konversi massa; ons Indonesia = 100 g
CNV-0F7F016A3DC5,ING-TELUR-AYAM,ons,100,Buku Matematika Kemendikdasmen,https://repositori.kemendikdasmen.go.id/19098/1/6.%20%20Matematika_IV%20SD.pdf,standard,Konversi massa; ons Indonesia = 100 g
CNV-7D81D241B475,ING-TELUR-AYAM-BROILER,g,1,SI,https://www.bipm.org/en/measurement-units,standard,Konversi massa; ons Indonesia = 100 g
CNV-EDBEB08ED39B,ING-TELUR-AYAM-BROILER,kg,1000,SI,https://www.bipm.org/en/measurement-units,standard,Konversi massa; ons Indonesia = 100 g
CNV-793C47E393E7,ING-TELUR-AYAM-BROILER,ons,100,Buku Matematika Kemendikdasmen,https://repositori.kemendikdasmen.go.id/19098/1/6.%20%20Matematika_IV%20SD.pdf,standard,Konversi massa; ons Indonesia = 100 g
CNV-5E2AC286C110,ING-TELUR-AYAM-KAMPUNG,g,1,SI,https://www.bipm.org/en/measurement-units,standard,Konversi massa; ons Indonesia = 100 g
CNV-F8794CB14270,ING-TELUR-AYAM-KAMPUNG,kg,1000,SI,https://www.bipm.org/en/measurement-units,standard,Konversi massa; ons Indonesia = 100 g
CNV-41EBB38A63E5,ING-TELUR-AYAM-KAMPUNG,ons,100,Buku Matematika Kemendikdasmen,https://repositori.kemendikdasmen.go.id/19098/1/6.%20%20Matematika_IV%20SD.pdf,standard,Konversi massa; ons Indonesia = 100 g
CNV-903620464931,ING-TELUR-AYAM-RAS-SEGAR,g,1,SI,https://www.bipm.org/en/measurement-units,standard,Konversi massa; ons Indonesia = 100 g
CNV-59218BE100E4,ING-TELUR-AYAM-RAS-SEGAR,kg,1000,SI,https://www.bipm.org/en/measurement-units,standard,Konversi massa; ons Indonesia = 100 g
CNV-208E284CCE17,ING-TELUR-AYAM-RAS-SEGAR,ons,100,Buku Matematika Kemendikdasmen,https://repositori.kemendikdasmen.go.id/19098/1/6.%20%20Matematika_IV%20SD.pdf,standard,Konversi massa; ons Indonesia = 100 g
CNV-2E7671881AAF,ING-TELUR-PUYUH,g,1,SI,https://www.bipm.org/en/measurement-units,standard,Konversi massa; ons Indonesia = 100 g
CNV-6493F6506DA8,ING-TELUR-PUYUH,kg,1000,SI,https://www.bipm.org/en/measurement-units,standard,Konversi massa; ons Indonesia = 100 g
CNV-8C5C3644609C,ING-TELUR-PUYUH,ons,100,Buku Matematika Kemendikdasmen,https://repositori.kemendikdasmen.go.id/19098/1/6.%20%20Matematika_IV%20SD.pdf,standard,Konversi massa; ons Indonesia = 100 g
CNV-B2EA0E7A06AA,ING-TEMPE,g,1,SI,https://www.bipm.org/en/measurement-units,standard,Konversi massa; ons Indonesia = 100 g
CNV-ACFFA55AF951,ING-TEMPE,kg,1000,SI,https://www.bipm.org/en/measurement-units,standard,Konversi massa; ons Indonesia = 100 g
CNV-42A9E024AF7F,ING-TEMPE,ons,100,Buku Matematika Kemendikdasmen,https://repositori.kemendikdasmen.go.id/19098/1/6.%20%20Matematika_IV%20SD.pdf,standard,Konversi massa; ons Indonesia = 100 g
CNV-E5A845D39910,ING-TEMPE-PCS,g,1,SI,https://www.bipm.org/en/measurement-units,standard,Konversi massa; ons Indonesia = 100 g
CNV-4C2D54F844AB,ING-TEMPE-PCS,kg,1000,SI,https://www.bipm.org/en/measurement-units,standard,Konversi massa; ons Indonesia = 100 g
CNV-621F1FFD6853,ING-TEMPE-PCS,ons,100,Buku Matematika Kemendikdasmen,https://repositori.kemendikdasmen.go.id/19098/1/6.%20%20Matematika_IV%20SD.pdf,standard,Konversi massa; ons Indonesia = 100 g
CNV-54F2A28956BD,ING-TEPUNG-PANIR,g,1,SI,https://www.bipm.org/en/measurement-units,standard,Konversi massa; ons Indonesia = 100 g
CNV-79C4E821DAAF,ING-TEPUNG-PANIR,kg,1000,SI,https://www.bipm.org/en/measurement-units,standard,Konversi massa; ons Indonesia = 100 g
CNV-EC974F23D7E2,ING-TEPUNG-PANIR,ons,100,Buku Matematika Kemendikdasmen,https://repositori.kemendikdasmen.go.id/19098/1/6.%20%20Matematika_IV%20SD.pdf,standard,Konversi massa; ons Indonesia = 100 g
CNV-2FC8A993828A,ING-TEPUNG-TAPIOKA,g,1,SI,https://www.bipm.org/en/measurement-units,standard,Konversi massa; ons Indonesia = 100 g
CNV-A9E78CDBEC5A,ING-TEPUNG-TAPIOKA,kg,1000,SI,https://www.bipm.org/en/measurement-units,standard,Konversi massa; ons Indonesia = 100 g
CNV-9DFD9069B213,ING-TEPUNG-TAPIOKA,ons,100,Buku Matematika Kemendikdasmen,https://repositori.kemendikdasmen.go.id/19098/1/6.%20%20Matematika_IV%20SD.pdf,standard,Konversi massa; ons Indonesia = 100 g
CNV-F4A711713B65,ING-TEPUNG-TERIGU,g,1,SI,https://www.bipm.org/en/measurement-units,standard,Konversi massa; ons Indonesia = 100 g
CNV-DAF5D1DA40FC,ING-TEPUNG-TERIGU,kg,1000,SI,https://www.bipm.org/en/measurement-units,standard,Konversi massa; ons Indonesia = 100 g
CNV-A00A206FEE07,ING-TEPUNG-TERIGU,ons,100,Buku Matematika Kemendikdasmen,https://repositori.kemendikdasmen.go.id/19098/1/6.%20%20Matematika_IV%20SD.pdf,standard,Konversi massa; ons Indonesia = 100 g
CNV-097F1A431189,ING-TEPUNG-TERIGU-CAP-CAKRA-KEMBAR,g,1,SI,https://www.bipm.org/en/measurement-units,standard,Konversi massa; ons Indonesia = 100 g
CNV-9F095307C06B,ING-TEPUNG-TERIGU-CAP-CAKRA-KEMBAR,kg,1000,SI,https://www.bipm.org/en/measurement-units,standard,Konversi massa; ons Indonesia = 100 g
CNV-68EC84738BD3,ING-TEPUNG-TERIGU-CAP-CAKRA-KEMBAR,ons,100,Buku Matematika Kemendikdasmen,https://repositori.kemendikdasmen.go.id/19098/1/6.%20%20Matematika_IV%20SD.pdf,standard,Konversi massa; ons Indonesia = 100 g
CNV-604992A6DB15,ING-TEPUNG-TERIGU-CAP-KUNCI,g,1,SI,https://www.bipm.org/en/measurement-units,standard,Konversi massa; ons Indonesia = 100 g
CNV-15AB8B353DCD,ING-TEPUNG-TERIGU-CAP-KUNCI,kg,1000,SI,https://www.bipm.org/en/measurement-units,standard,Konversi massa; ons Indonesia = 100 g
CNV-7E743CA6EFC5,ING-TEPUNG-TERIGU-CAP-KUNCI,ons,100,Buku Matematika Kemendikdasmen,https://repositori.kemendikdasmen.go.id/19098/1/6.%20%20Matematika_IV%20SD.pdf,standard,Konversi massa; ons Indonesia = 100 g
CNV-C82533C96090,ING-TEPUNG-TERIGU-CAP-SEGITIGA-BIRU,g,1,SI,https://www.bipm.org/en/measurement-units,standard,Konversi massa; ons Indonesia = 100 g
CNV-DB2F0356B5E3,ING-TEPUNG-TERIGU-CAP-SEGITIGA-BIRU,kg,1000,SI,https://www.bipm.org/en/measurement-units,standard,Konversi massa; ons Indonesia = 100 g
CNV-4E56BD1DF46C,ING-TEPUNG-TERIGU-CAP-SEGITIGA-BIRU,ons,100,Buku Matematika Kemendikdasmen,https://repositori.kemendikdasmen.go.id/19098/1/6.%20%20Matematika_IV%20SD.pdf,standard,Konversi massa; ons Indonesia = 100 g
CNV-2DAF75D0BBEE,ING-TEPUNG-TERIGU-CURAH,g,1,SI,https://www.bipm.org/en/measurement-units,standard,Konversi massa; ons Indonesia = 100 g
CNV-73F5F10B7A01,ING-TEPUNG-TERIGU-CURAH,kg,1000,SI,https://www.bipm.org/en/measurement-units,standard,Konversi massa; ons Indonesia = 100 g
CNV-2001E2DA4D80,ING-TEPUNG-TERIGU-CURAH,ons,100,Buku Matematika Kemendikdasmen,https://repositori.kemendikdasmen.go.id/19098/1/6.%20%20Matematika_IV%20SD.pdf,standard,Konversi massa; ons Indonesia = 100 g
CNV-21292B6FB201,ING-TERASI,g,1,SI,https://www.bipm.org/en/measurement-units,standard,Konversi massa; ons Indonesia = 100 g
CNV-13815A23B319,ING-TERASI,kg,1000,SI,https://www.bipm.org/en/measurement-units,standard,Konversi massa; ons Indonesia = 100 g
CNV-2A3985C2EEBD,ING-TERASI,ons,100,Buku Matematika Kemendikdasmen,https://repositori.kemendikdasmen.go.id/19098/1/6.%20%20Matematika_IV%20SD.pdf,standard,Konversi massa; ons Indonesia = 100 g
CNV-9DA09E77EF23,ING-TERONG,g,1,SI,https://www.bipm.org/en/measurement-units,standard,Konversi massa; ons Indonesia = 100 g
CNV-88B69FA37083,ING-TERONG,kg,1000,SI,https://www.bipm.org/en/measurement-units,standard,Konversi massa; ons Indonesia = 100 g
CNV-9BB5A8BFC641,ING-TERONG,ons,100,Buku Matematika Kemendikdasmen,https://repositori.kemendikdasmen.go.id/19098/1/6.%20%20Matematika_IV%20SD.pdf,standard,Konversi massa; ons Indonesia = 100 g
CNV-5BA876EE894E,ING-THYME,g,1,SI,https://www.bipm.org/en/measurement-units,standard,Konversi massa; ons Indonesia = 100 g
CNV-FC7A20F0F4E4,ING-THYME,kg,1000,SI,https://www.bipm.org/en/measurement-units,standard,Konversi massa; ons Indonesia = 100 g
CNV-9AD09EC22D21,ING-THYME,ons,100,Buku Matematika Kemendikdasmen,https://repositori.kemendikdasmen.go.id/19098/1/6.%20%20Matematika_IV%20SD.pdf,standard,Konversi massa; ons Indonesia = 100 g
CNV-8924546F0562,ING-TIMUN,g,1,SI,https://www.bipm.org/en/measurement-units,standard,Konversi massa; ons Indonesia = 100 g
CNV-A86D5747870B,ING-TIMUN,kg,1000,SI,https://www.bipm.org/en/measurement-units,standard,Konversi massa; ons Indonesia = 100 g
CNV-CCDBA7D1920B,ING-TIMUN,ons,100,Buku Matematika Kemendikdasmen,https://repositori.kemendikdasmen.go.id/19098/1/6.%20%20Matematika_IV%20SD.pdf,standard,Konversi massa; ons Indonesia = 100 g
CNV-884192AB0D2A,ING-TOMAT,g,1,SI,https://www.bipm.org/en/measurement-units,standard,Konversi massa; ons Indonesia = 100 g
CNV-E9DF77F6FBAB,ING-TOMAT,kg,1000,SI,https://www.bipm.org/en/measurement-units,standard,Konversi massa; ons Indonesia = 100 g
CNV-8DB0FE065674,ING-TOMAT,ons,100,Buku Matematika Kemendikdasmen,https://repositori.kemendikdasmen.go.id/19098/1/6.%20%20Matematika_IV%20SD.pdf,standard,Konversi massa; ons Indonesia = 100 g
CNV-2ED3E24C1BEA,ING-TOMAT-HIJAU,g,1,SI,https://www.bipm.org/en/measurement-units,standard,Konversi massa; ons Indonesia = 100 g
CNV-D3BE632248E7,ING-TOMAT-HIJAU,kg,1000,SI,https://www.bipm.org/en/measurement-units,standard,Konversi massa; ons Indonesia = 100 g
CNV-1BAF1D1F0653,ING-TOMAT-HIJAU,ons,100,Buku Matematika Kemendikdasmen,https://repositori.kemendikdasmen.go.id/19098/1/6.%20%20Matematika_IV%20SD.pdf,standard,Konversi massa; ons Indonesia = 100 g
CNV-736C75E0DCFC,ING-TOMAT-PUREE,g,1,SI,https://www.bipm.org/en/measurement-units,standard,Konversi massa; ons Indonesia = 100 g
CNV-1686AAAC966C,ING-TOMAT-PUREE,kg,1000,SI,https://www.bipm.org/en/measurement-units,standard,Konversi massa; ons Indonesia = 100 g
CNV-93A6F983A06A,ING-TOMAT-PUREE,ons,100,Buku Matematika Kemendikdasmen,https://repositori.kemendikdasmen.go.id/19098/1/6.%20%20Matematika_IV%20SD.pdf,standard,Konversi massa; ons Indonesia = 100 g
CNV-8D34E5AEF296,ING-UBI-JALAR,g,1,SI,https://www.bipm.org/en/measurement-units,standard,Konversi massa; ons Indonesia = 100 g
CNV-EAD89D504376,ING-UBI-JALAR,kg,1000,SI,https://www.bipm.org/en/measurement-units,standard,Konversi massa; ons Indonesia = 100 g
CNV-36AA6342E8EE,ING-UBI-JALAR,ons,100,Buku Matematika Kemendikdasmen,https://repositori.kemendikdasmen.go.id/19098/1/6.%20%20Matematika_IV%20SD.pdf,standard,Konversi massa; ons Indonesia = 100 g
CNV-FEC16BA411AD,ING-UBI-JALAR-PUTIH,g,1,SI,https://www.bipm.org/en/measurement-units,standard,Konversi massa; ons Indonesia = 100 g
CNV-D649E4847E1C,ING-UBI-JALAR-PUTIH,kg,1000,SI,https://www.bipm.org/en/measurement-units,standard,Konversi massa; ons Indonesia = 100 g
CNV-8AD6BDEEC3DF,ING-UBI-JALAR-PUTIH,ons,100,Buku Matematika Kemendikdasmen,https://repositori.kemendikdasmen.go.id/19098/1/6.%20%20Matematika_IV%20SD.pdf,standard,Konversi massa; ons Indonesia = 100 g
CNV-4D1675DE2832,ING-UDANG,g,1,SI,https://www.bipm.org/en/measurement-units,standard,Konversi massa; ons Indonesia = 100 g
CNV-E040E90D712B,ING-UDANG,kg,1000,SI,https://www.bipm.org/en/measurement-units,standard,Konversi massa; ons Indonesia = 100 g
CNV-04E46912D7A9,ING-UDANG,ons,100,Buku Matematika Kemendikdasmen,https://repositori.kemendikdasmen.go.id/19098/1/6.%20%20Matematika_IV%20SD.pdf,standard,Konversi massa; ons Indonesia = 100 g
CNV-46425E79AEA3,ING-WIJEN,g,1,SI,https://www.bipm.org/en/measurement-units,standard,Konversi massa; ons Indonesia = 100 g
CNV-3802BFD091BA,ING-WIJEN,kg,1000,SI,https://www.bipm.org/en/measurement-units,standard,Konversi massa; ons Indonesia = 100 g
CNV-DD31CB4D2C54,ING-WIJEN,ons,100,Buku Matematika Kemendikdasmen,https://repositori.kemendikdasmen.go.id/19098/1/6.%20%20Matematika_IV%20SD.pdf,standard,Konversi massa; ons Indonesia = 100 g
CNV-E8A91EFDDD8A,ING-WORTEL,g,1,SI,https://www.bipm.org/en/measurement-units,standard,Konversi massa; ons Indonesia = 100 g
CNV-7500FC86F728,ING-WORTEL,kg,1000,SI,https://www.bipm.org/en/measurement-units,standard,Konversi massa; ons Indonesia = 100 g
CNV-B1F22A2FB7D8,ING-WORTEL,ons,100,Buku Matematika Kemendikdasmen,https://repositori.kemendikdasmen.go.id/19098/1/6.%20%20Matematika_IV%20SD.pdf,standard,Konversi massa; ons Indonesia = 100 g
CNV-E3F4936CBA5B,ING-TELUR-AYAM,butir,50,USDA SR Legacy; telur ukuran large,https://fdc.nal.usda.gov/food-details/171287/nutrients,size_specific,50 g bagian yang dimakan per butir large; ukuran lain berbeda
CNV-E91A76B79F12,ING-TELUR-AYAM-BROILER,butir,50,USDA SR Legacy; telur ukuran large,https://fdc.nal.usda.gov/food-details/171287/nutrients,size_specific,50 g bagian yang dimakan per butir large; ukuran lain berbeda
CNV-0AF66397E73A,ING-TELUR-AYAM-KAMPUNG,butir,50,USDA SR Legacy; telur ukuran large,https://fdc.nal.usda.gov/food-details/171287/nutrients,size_specific,50 g bagian yang dimakan per butir large; ukuran lain berbeda
CNV-90FAE4FE40E8,ING-TELUR-AYAM-RAS-SEGAR,butir,50,USDA SR Legacy; telur ukuran large,https://fdc.nal.usda.gov/food-details/171287/nutrients,size_specific,50 g bagian yang dimakan per butir large; ukuran lain berbeda
CNV-9C9A9EE1633C,ING-BAWANG-PUTIH,siung,3,USDA SR Legacy; garlic clove,https://fdc.nal.usda.gov/food-details/169230/nutrients,size_specific,Siung ukuran USDA; perlu timbang bila akurasi penting
CNV-BEAE8FF9FCEC,ING-BAYAM,ikat,,Perlu kemasan/penimbangan lokal,,unusable,Jangan hitung otomatis sebelum bobot SKU atau ikat terukur
CNV-F7E27390F549,ING-KANGKUNG,ikat,,Perlu kemasan/penimbangan lokal,,unusable,Jangan hitung otomatis sebelum bobot SKU atau ikat terukur
CNV-15A67E819CAC,ING-TAHU-PUTIH,pack,,Perlu kemasan/penimbangan lokal,,unusable,Jangan hitung otomatis sebelum bobot SKU atau ikat terukur
CNV-512488245680,ING-TEMPE,pack,,Perlu kemasan/penimbangan lokal,,unusable,Jangan hitung otomatis sebelum bobot SKU atau ikat terukur
