barcode,product_name,brands,quantity,serving_size,category_tags,energy_kcal_100g,protein_g_100g,carbohydrates_g_100g,fat_g_100g,nutrition_complete,data_quality_error_count,source_modified_at,source_url,source_license,review_status
8996001600269,Mountain Mineral Water,Le Minerale,600ml,330ml,en:beverages-and-beverages-preparations;en:beverages;en:waters;en:spring-waters;en:mineral-waters;en:natural-mineral-waters;en:drinking-water,0,0,0,0,true,0,2026-04-07,https://world.openfoodfacts.org/product/8996001600269,Open Database License (ODbL); verify reuse and attribution requirements,candidate_not_for_planner
8996001600146,Teh Pucuk Harum Jasmine 350 ml,Mayora,350 ml,240ml,en:beverages-and-beverages-preparations;en:plant-based-foods-and-beverages;en:beverages;en:hot-beverages;en:plant-based-beverages;en:teas;en:tea-based-beverages;en:iced-teas,29.1666666666667,0,7.5,0,true,0,2026-07-31,https://world.openfoodfacts.org/product/8996001600146,Open Database License (ODbL); verify reuse and attribution requirements,candidate_not_for_planner
8998009010613,Ultra Milk Full Cream,Ultra Jaya,1 l,250 ml,en:dairies;en:milks-liquid-and-powder;en:milks;en:homogenized-milks;en:pasteurised-products;en:uht-milks;en:whole-milks,,,,,false,0,2026-06-24,https://world.openfoodfacts.org/product/8998009010613,Open Database License (ODbL); verify reuse and attribution requirements,candidate_not_for_planner
8998866632287,Aquviva 600ml,Aquviva,700ml,,en:beverages-and-beverages-preparations;en:beverages;en:waters;en:spring-waters;en:mineral-waters,,,,,false,0,2026-09-10,https://world.openfoodfacts.org/product/8998866632287,Open Database License (ODbL); verify reuse and attribution requirements,candidate_not_for_planner
8992770094117,Saori Saos Tiram,Ajinomoto,23ml,,en:condiments;en:sauces;en:oyster-sauces,,,,,false,0,2026-05-31,https://world.openfoodfacts.org/product/8992770094117,Open Database License (ODbL); verify reuse and attribution requirements,candidate_not_for_planner
8997240602854,Creamy Classic Oat M*lk,Nobo,200ml,180ml,en:beverages-and-beverages-preparations;en:plant-based-foods-and-beverages;en:beverages;en:plant-based-foods;en:cereals-and-potatoes;en:dairy-substitutes;en:cereals-and-their-products;en:milk-substitutes;en:plant-based-beverages;en:plant-based-milk-alternatives;en:cereal-based-drinks;en:oat-based-drinks;id:Plant based milk,,,,,false,0,2026-06-24,https://world.openfoodfacts.org/product/8997240602854,Open Database License (ODbL); verify reuse and attribution requirements,candidate_not_for_planner
8886008101053,Aqua Botol 600 ml,Danone,600 ml,,en:beverages-and-beverages-preparations;en:beverages;en:waters;en:spring-waters;en:mineral-waters;en:natural-mineral-waters,,,,,false,0,2026-04-17,https://world.openfoodfacts.org/product/8886008101053,Open Database License (ODbL); verify reuse and attribution requirements,candidate_not_for_planner
8886008101091,AQUA,Danone,1.5l,,en:beverages-and-beverages-preparations;en:beverages;en:waters;en:spring-waters;en:mineral-waters;id:air mineral,,,,,false,0,2026-07-31,https://world.openfoodfacts.org/product/8886008101091,Open Database License (ODbL); verify reuse and attribution requirements,candidate_not_for_planner
0089686010947,Indomie Mi Goreng Original,"Indofood, indomie",85 g,85 g,en:plant-based-foods-and-beverages;en:plant-based-foods;en:dried-products;en:dried-products-to-be-rehydrated;en:pastas;en:noodles;en:instant-noodles,470.588235294118,8.23529411764706,64.7058823529412,18.8235294117647,true,0,2026-09-22,https://world.openfoodfacts.org/product/0089686010947,Open Database License (ODbL); verify reuse and attribution requirements,candidate_not_for_planner
8992760221028,17000725 Oreo Original (Vanilla),BABYMONSTER OREO,123g g,27.6 g,en:snacks;en:sweet-snacks;en:biscuits-and-cakes;en:biscuits-and-crackers;en:biscuits;en:filled-biscuits;en:sandwich-biscuits;en:chocolate-sandwich-cookies,471.014492753623,3.6231884057971,72.463768115942,21.7391304347826,true,0,2026-09-15,https://world.openfoodfacts.org/product/8992760221028,Open Database License (ODbL); verify reuse and attribution requirements,candidate_not_for_planner
8996129809131,Cleo,Cleo,220,,en:beverages-and-beverages-preparations;en:beverages;en:waters;id:Air mineral,,,,,false,0,2026-05-23,https://world.openfoodfacts.org/product/8996129809131,Open Database License (ODbL); verify reuse and attribution requirements,candidate_not_for_planner
8997035563414,POCARI SWEAT 500 ml,otsuka,500ml,1 serving (250 ml),en:beverages-and-beverages-preparations;en:beverages;en:artificially-sweetened-beverages;en:diet-beverages;id:Isotonik,24,0,6,0,true,0,2025-09-20,https://world.openfoodfacts.org/product/8997035563414,Open Database License (ODbL); verify reuse and attribution requirements,candidate_not_for_planner
8997035563544,POCARI SWEAT 350ml,Otsuka,350 ml,250ml,en:beverages-and-beverages-preparations;en:beverages;en:artificially-sweetened-beverages;en:diet-beverages;en:dietary-drink-for-sport;id:Isotonik,24,0,6,0,true,0,2026-09-26,https://world.openfoodfacts.org/product/8997035563544,Open Database License (ODbL); verify reuse and attribution requirements,candidate_not_for_planner
8996001440049,ENERGEN COKLAT 34g,Energen,34g,1 serving (35 g),en:plant-based-foods-and-beverages;en:plant-based-foods;en:breakfasts;en:cereals-and-potatoes;en:cereals-and-their-products;en:breakfast-cereals,428.571428571429,5.71428571428571,80,10,true,0,2026-08-04,https://world.openfoodfacts.org/product/8996001440049,Open Database License (ODbL); verify reuse and attribution requirements,candidate_not_for_planner
8997240600010,Oat Milk,Oatside,,1 serving (200 g),en:dairies;en:milks-liquid-and-powder;en:milks,130,1,16,6,true,0,2026-06-20,https://world.openfoodfacts.org/product/8997240600010,Open Database License (ODbL); verify reuse and attribution requirements,candidate_not_for_planner
8996001302620,Malkist,Mayora,,24g,en:snacks;en:sweet-snacks;en:biscuits-and-cakes;en:biscuits-and-crackers;en:biscuits;en:chocolate-biscuits,500,8.33333333333333,62.5,25,true,0,2026-04-03,https://world.openfoodfacts.org/product/8996001302620,Open Database License (ODbL); verify reuse and attribution requirements,candidate_not_for_planner
8888166606395,Salcheese combo,KHONG GUAN,,1 portion (17 g),en:snacks;en:sweet-snacks;en:biscuits-and-cakes;en:biscuits-and-crackers;en:biscuits,529.411764705882,5.88235294117647,64.7058823529412,26.4705882352941,true,0,2026-04-24,https://world.openfoodfacts.org/product/8888166606395,Open Database License (ODbL); verify reuse and attribution requirements,candidate_not_for_planner
8996006858030,Teh botol less sugar,,,225.0g,,20,,4.88888888888889,,false,0,2026-01-29,https://world.openfoodfacts.org/product/8996006858030,Open Database License (ODbL); verify reuse and attribution requirements,candidate_not_for_planner
8997020180961,3 In 1 Oats Vanilla,Quacker,,28 g,en:plant-based-foods-and-beverages;en:plant-based-foods;en:breakfasts;en:cereals-and-potatoes;en:cereals-and-their-products;en:breakfast-cereals,392.857142857143,7.14285714285714,75,8.92857142857143,true,0,2026-03-24,https://world.openfoodfacts.org/product/8997020180961,Open Database License (ODbL); verify reuse and attribution requirements,candidate_not_for_planner
8996001600399,Le Minerale 1.5l,Le Minerale,1.5 L,,en:beverages-and-beverages-preparations;en:beverages;en:waters;en:spring-waters;en:mineral-waters,0,0,0,0,true,0,2026-04-17,https://world.openfoodfacts.org/product/8996001600399,Open Database License (ODbL); verify reuse and attribution requirements,candidate_not_for_planner
8999510785540,Pristine,,,,en:beverages-and-beverages-preparations;en:beverages;en:waters,,,,,false,0,2025-04-08,https://world.openfoodfacts.org/product/8999510785540,Open Database License (ODbL); verify reuse and attribution requirements,candidate_not_for_planner
8997009510123,Orange water,You C1000,500ml,500ml,en:beverages-and-beverages-preparations;en:plant-based-foods-and-beverages;en:beverages;en:waters;id:Isotonic water,32,0,8,0,true,0,2026-02-01,https://world.openfoodfacts.org/product/8997009510123,Open Database License (ODbL); verify reuse and attribution requirements,candidate_not_for_planner
8998866202732,milku stroberi 200ml,wings food,200ml,200ml,id:Milk beverage,75,3,11,2,true,0,2026-03-31,https://world.openfoodfacts.org/product/8998866202732,Open Database License (ODbL); verify reuse and attribution requirements,candidate_not_for_planner
8888166603431,Superco (Malkist dengan Krim Rasa Cokelat),Khong Guan,22g,18g,en:snacks;en:sweet-snacks;en:biscuits-and-cakes;en:biscuits-and-crackers;en:biscuits,444.444444444444,5.55555555555556,72.2222222222222,16.6666666666667,true,0,2025-09-04,https://world.openfoodfacts.org/product/8888166603431,Open Database License (ODbL); verify reuse and attribution requirements,candidate_not_for_planner
8996001308059,Sari Gandum,Roma,"38,5 g",4 pieces (27 g),en:150,518.518518518518,7.40740740740741,62.962962962963,25.9259259259259,true,0,2026-04-25,https://world.openfoodfacts.org/product/8996001308059,Open Database License (ODbL); verify reuse and attribution requirements,candidate_not_for_planner
8995102708591,Gimbori rumput laut kering tabur,Mamasuka,30g,5 g,,500,20,40,30,true,0,2025-11-04,https://world.openfoodfacts.org/product/8995102708591,Open Database License (ODbL); verify reuse and attribution requirements,candidate_not_for_planner
8992858527308,Hydro Coco - Original 250ml,Kalbe,250ml,250 ml,en:beverages-and-beverages-preparations;en:plant-based-foods-and-beverages;en:beverages;en:plant-based-foods;en:fruit-based-foods-and-beverages;en:fruits-and-vegetables-based-foods;en:fruit-based-foods;en:plant-based-beverages;en:fruit-based-beverages;en:coconuts-and-their-products;en:coconut-waters,24,0,6,0,true,0,2026-09-24,https://world.openfoodfacts.org/product/8992858527308,Open Database License (ODbL); verify reuse and attribution requirements,candidate_not_for_planner
8994834000218,Deo Goriorio vanilla,Siantar top,10g,,en:snacks;en:sweet-snacks;en:confectioneries,,,,,false,0,2026-05-24,https://world.openfoodfacts.org/product/8994834000218,Open Database License (ODbL); verify reuse and attribution requirements,candidate_not_for_planner
8993004789083,Mr potato original,,,,,,,,,false,0,2025-10-21,https://world.openfoodfacts.org/product/8993004789083,Open Database License (ODbL); verify reuse and attribution requirements,candidate_not_for_planner
8996001354124,beng-beng extra chocolate&caramel,beng-beng,25 g,20 g,en:snacks;en:sweet-snacks;en:biscuits-and-cakes;en:biscuits-and-crackers;en:biscuits;en:bars;en:dietary-supplements;en:wafers,500,5,65,25,true,0,2025-12-10,https://world.openfoodfacts.org/product/8996001354124,Open Database License (ODbL); verify reuse and attribution requirements,candidate_not_for_planner
8992696521797,Milo,Nestlé,22g,"22g, 1sachet",en:beverages-and-beverages-preparations;en:cocoa-and-its-products;en:beverage-preparations;en:cocoa-and-chocolate-powders;en:instant-beverages,409.090909090909,9.09090909090909,72.7272727272727,11.3636363636364,true,0,2026-08-05,https://world.openfoodfacts.org/product/8992696521797,Open Database License (ODbL); verify reuse and attribution requirements,candidate_not_for_planner
8992982206001,Npl 600 ml,Nestlé,,,,,,,,false,0,2024-07-04,https://world.openfoodfacts.org/product/8992982206001,Open Database License (ODbL); verify reuse and attribution requirements,candidate_not_for_planner
8997009510017,12001004 You C1000 Vitamin Lemon,You C1000,140 ml,140ml,en:beverages-and-beverages-preparations;en:beverages;en:waters;en:vitamin-waters,50,0,11.4285714285714,0,true,0,2026-09-30,https://world.openfoodfacts.org/product/8997009510017,Open Database License (ODbL); verify reuse and attribution requirements,candidate_not_for_planner
8998009010231,SUSU ULTRA MILK  COKLAT 250ML,Ultra jaya,250ml,200 ml,en:beverages-and-beverages-preparations;en:beverages;en:dairies;en:dairy-drinks,80,3,12,2,true,0,2025-03-13,https://world.openfoodfacts.org/product/8998009010231,Open Database License (ODbL); verify reuse and attribution requirements,candidate_not_for_planner
8996006852045,,,,,en:beverages-and-beverages-preparations;en:beverages;en:waters;en:spring-waters;en:mineral-waters;id:air mineral,,,,,false,0,2025-05-03,https://world.openfoodfacts.org/product/8996006852045,Open Database License (ODbL); verify reuse and attribution requirements,candidate_not_for_planner
8992752112013,mizone activ lychee lemon,mizone,500 ml,250 ml,en:beverages-and-beverages-preparations;en:beverages;en:sweetened-beverages;id:minunan,35,0,8,0,true,0,2025-04-09,https://world.openfoodfacts.org/product/8992752112013,Open Database License (ODbL); verify reuse and attribution requirements,candidate_not_for_planner
8998009010248,Ultra Milk Stroberi 250 ml E-1B,Ultra Jaya,4,1 serving (250 g),,56,2.4,8.8,17.2,true,1,2026-06-20,https://world.openfoodfacts.org/product/8998009010248,Open Database License (ODbL); verify reuse and attribution requirements,candidate_not_for_planner
8997009781110,Hydro Coco ori,Kalbe,500ml,1 portion (250 ml),en:beverages-and-beverages-preparations;en:plant-based-foods-and-beverages;en:beverages;en:plant-based-foods;en:fruit-based-foods-and-beverages;en:fruits-and-vegetables-based-foods;en:fruit-based-foods;en:plant-based-beverages;en:fruit-based-beverages;en:coconuts-and-their-products;en:coconut-waters,60,0,15,0,true,0,2026-08-10,https://world.openfoodfacts.org/product/8997009781110,Open Database License (ODbL); verify reuse and attribution requirements,candidate_not_for_planner
8993351121307,GreenFields Full Cream Milk,Greenfields,950ml,250ml,en:dairies;en:milks-liquid-and-powder;en:milks;en:homogenized-milks;en:pasteurised-products;en:uht-milks;en:whole-milks;en:whole-milk-uht,60,3.2,4.4,3.2,true,0,2026-07-31,https://world.openfoodfacts.org/product/8993351121307,Open Database License (ODbL); verify reuse and attribution requirements,candidate_not_for_planner
0089686010015,Indomie Ayam Bawang,indomie,69g,69 g,en:plant-based-foods-and-beverages;en:plant-based-foods;en:dried-products;en:dried-products-to-be-rehydrated;en:pastas;en:noodles;en:instant-noodles,447,7.7,49.4,11.4,true,0,2026-09-22,https://world.openfoodfacts.org/product/0089686010015,Open Database License (ODbL); verify reuse and attribution requirements,candidate_not_for_planner
8998009020186,Buavita Juice Jambu 245ml,Uniliver,RH. 30,250ml,en:Juice,120,0,30,0,true,0,2023-01-26,https://world.openfoodfacts.org/product/8998009020186,Open Database License (ODbL); verify reuse and attribution requirements,candidate_not_for_planner
8992775311615,Chocolatos 24Pcs,Garudafood,24 x 6.5g,,en:Wafer roll,,,,,false,0,2025-07-28,https://world.openfoodfacts.org/product/8992775311615,Open Database License (ODbL); verify reuse and attribution requirements,candidate_not_for_planner
8996001600375,Le Minerale Mini 330 ml,,,,en:beverages-and-beverages-preparations;en:beverages;en:waters;en:spring-waters;en:mineral-waters,,,,,false,0,2026-07-31,https://world.openfoodfacts.org/product/8996001600375,Open Database License (ODbL); verify reuse and attribution requirements,candidate_not_for_planner
8998009020216,Buavita Lychee 245ml,,1,250.0g,,52,,12,,false,0,2026-02-22,https://world.openfoodfacts.org/product/8998009020216,Open Database License (ODbL); verify reuse and attribution requirements,candidate_not_for_planner
8996006858016,Tehbotol sosro original,teh botol sosro,350 ml,350ml,en:Dirinks,80,,19,0,false,0,2026-01-29,https://world.openfoodfacts.org/product/8996006858016,Open Database License (ODbL); verify reuse and attribution requirements,candidate_not_for_planner
0089686010527,Indomie Kari Ayam,indomie,72g,1 serving (72 g),en:plant-based-foods-and-beverages;en:plant-based-foods;en:cereals-and-potatoes;en:cereals-and-their-products;en:dried-products;en:pastas;en:dried-products-to-be-rehydrated;en:noodles;en:instant-noodles;en:instant-noodle-soups,458.333333333333,9.72222222222222,59.7222222222222,19.4444444444444,true,0,2026-09-29,https://world.openfoodfacts.org/product/0089686010527,Open Database License (ODbL); verify reuse and attribution requirements,candidate_not_for_planner
8994834000331,Go potato,,,,,,,,,false,0,2025-05-07,https://world.openfoodfacts.org/product/8994834000331,Open Database License (ODbL); verify reuse and attribution requirements,candidate_not_for_planner
8997225200051,Greensand lime apple,green sands,1,250 ml,en:beverages-and-beverages-preparations;en:beverages;en:non-alcoholic-beverages;en:carbonated-drinks;en:soft-drinks;en:sodas,36,0,8.8,0,true,0,2026-07-21,https://world.openfoodfacts.org/product/8997225200051,Open Database License (ODbL); verify reuse and attribution requirements,candidate_not_for_planner
8992775204054,garuda kacang atom,garuda,33g,,,,,,,false,0,2024-08-07,https://world.openfoodfacts.org/product/8992775204054,Open Database License (ODbL); verify reuse and attribution requirements,candidate_not_for_planner
9556001288547,Nescafe cappucino 220ml,Nescafe,220ml,220 ml,en:beverages-and-beverages-preparations;en:plant-based-foods-and-beverages;en:plant-based-foods;en:beverage-preparations;en:instant-beverages;en:coffees;en:instant-coffees,54.5454545454545,0.909090909090909,9.09090909090909,1.81818181818182,true,0,2026-03-22,https://world.openfoodfacts.org/product/9556001288547,Open Database License (ODbL); verify reuse and attribution requirements,candidate_not_for_planner
8995102703091,Bumbu Kuah Bakso,Mama Suka,8 g,,en:condiments;id:Bumbu Kuah Bakso Rasa Sapi,,,,,false,0,2026-04-23,https://world.openfoodfacts.org/product/8995102703091,Open Database License (ODbL); verify reuse and attribution requirements,candidate_not_for_planner
8996001305119,Arden tender bite cookies choco Splendid,Roma,30gr,20g,en:snacks;en:sweet-snacks;en:biscuits-and-cakes;en:biscuits-and-crackers;en:biscuits;en:biscuit-cookie-snack-w-chocolate-filling,110,5,60,3e-05,true,3,2026-07-30,https://world.openfoodfacts.org/product/8996001305119,Open Database License (ODbL); verify reuse and attribution requirements,candidate_not_for_planner
8997225840134,aoka susu,aoka,65g,65g,id:roti,240,5,34,9,true,3,2025-03-06,https://world.openfoodfacts.org/product/8997225840134,Open Database License (ODbL); verify reuse and attribution requirements,candidate_not_for_planner
8992772586030,Adem Sari - Herbal Lemon - kaleng sparkling,"Adem Sari, Enesis",320ml,1.5,en:beverages-and-beverages-preparations;en:beverages;en:carbonated-drinks,,,,,false,0,2025-12-12,https://world.openfoodfacts.org/product/8992772586030,Open Database License (ODbL); verify reuse and attribution requirements,candidate_not_for_planner
8996001526231,WOW Spaghetti - Bolognese,Mayora,84gr,1 portion (84 g),en:plant-based-foods-and-beverages;en:plant-based-foods;en:pastas,428.571428571429,13.0952380952381,61.9047619047619,14.2857142857143,true,0,2026-05-03,https://world.openfoodfacts.org/product/8996001526231,Open Database License (ODbL); verify reuse and attribution requirements,candidate_not_for_planner
8992775211465,Garuda Pilus - Abon Sapi,Garuda Food,10 x 7g,,,,,,,false,0,2025-10-08,https://world.openfoodfacts.org/product/8992775211465,Open Database License (ODbL); verify reuse and attribution requirements,candidate_not_for_planner
8996001370032,Choki Choki - Chococashew,,36g,,en:snacks;en:sweet-snacks;en:confectioneries,,,,,false,0,2026-07-31,https://world.openfoodfacts.org/product/8996001370032,Open Database License (ODbL); verify reuse and attribution requirements,candidate_not_for_planner
8991002103436,Good Day - Coolin',Kapal Api Group,10 x 20g,,,,,,,false,0,2026-05-21,https://world.openfoodfacts.org/product/8991002103436,Open Database License (ODbL); verify reuse and attribution requirements,candidate_not_for_planner
8992775305034,saluut Malkist Sweet Cheese,Gery,,1 portion (15 g),,466.666666666667,6.66666666666667,66.6666666666667,20,true,0,2026-02-05,https://world.openfoodfacts.org/product/8992775305034,Open Database License (ODbL); verify reuse and attribution requirements,candidate_not_for_planner
8996006000019,Sosro Tea Original 300Ml,Sosro,300ml,200ml,en:beverages-and-beverages-preparations;en:beverages,15,0,0,0,true,2,2026-04-24,https://world.openfoodfacts.org/product/8996006000019,Open Database License (ODbL); verify reuse and attribution requirements,candidate_not_for_planner
8991818030070,Uleg - Sambal Pedas Serbaguna,Uleg,190g,,,,,,,false,0,2025-11-12,https://world.openfoodfacts.org/product/8991818030070,Open Database License (ODbL); verify reuse and attribution requirements,candidate_not_for_planner
8991001503664,Chic Choc Mini,Delfi,20g,,en:snacks;en:sweet-snacks;en:cocoa-and-its-products;en:confectioneries;en:chocolate-candies,,,,,false,0,2026-05-31,https://world.openfoodfacts.org/product/8991001503664,Open Database License (ODbL); verify reuse and attribution requirements,candidate_not_for_planner
8992696404441,Bear Brand milk susu steril,Nestlé,189ml,189ml,en:dairies;en:milks-liquid-and-powder;en:milks,63.4920634920635,3.17460317460317,4.76190476190476,3.7037037037037,true,0,2026-09-01,https://world.openfoodfacts.org/product/8992696404441,Open Database License (ODbL); verify reuse and attribution requirements,candidate_not_for_planner
8886008101336,aqua botol kecil,Danone,330 ml,,en:beverages-and-beverages-preparations;en:beverages;en:waters;en:spring-waters;en:Sehat minum aqua,0,0,0,0,true,0,2025-08-17,https://world.openfoodfacts.org/product/8886008101336,Open Database License (ODbL); verify reuse and attribution requirements,candidate_not_for_planner
8998866500708,Floridina Orange 350ML,wings food,350ml,175ml,en:beverages-and-beverages-preparations;en:plant-based-foods-and-beverages;en:beverages;en:fruit-based-foods-and-beverages;en:plant-based-beverages;en:fruit-based-beverages;en:juices-and-nectars;en:fruit-juices;en:fruit-juices-from-concentrate;en:orange-juices;en:orange-juices-from-concentrate,45.7142857142857,0,12,0,true,0,2026-03-31,https://world.openfoodfacts.org/product/8998866500708,Open Database License (ODbL); verify reuse and attribution requirements,candidate_not_for_planner
9556174802236,Instant Oatmeal,Quaker,1,1 portion (35 g),en:plant-based-foods-and-beverages;en:plant-based-foods;en:breakfasts;en:cereals-and-potatoes;en:cereals-and-their-products;en:breakfast-cereals;en:flakes;en:cereal-flakes;en:rolled-flakes;en:rolled-oats;fr:instant-oatmeal,,,,,false,0,2026-02-24,https://world.openfoodfacts.org/product/9556174802236,Open Database License (ODbL); verify reuse and attribution requirements,candidate_not_for_planner
0089686041705,Indomie - Mi Goreng Jumbo,"indomie, Indofood",129g,120 g,en:plant-based-foods-and-beverages;en:plant-based-foods;en:cereals-and-potatoes;en:cereals-and-their-products;en:dried-products;en:pastas;en:dried-products-to-be-rehydrated;en:noodles;en:instant-noodles,482,10,63,22,true,0,2026-09-18,https://world.openfoodfacts.org/product/0089686041705,Open Database License (ODbL); verify reuse and attribution requirements,candidate_not_for_planner
8992753004010,Frisian flag INDONESIA,Frisian Flag,535 g,30g,en:plant-based-foods-and-beverages;en:dairy-substitutes;en:milk-substitutes;en:creamer,333.333333333333,3.33333333333333,60,10,true,0,2026-09-14,https://world.openfoodfacts.org/product/8992753004010,Open Database License (ODbL); verify reuse and attribution requirements,candidate_not_for_planner
8999999195649,Sari Wangi 100% Teh Asli,"Sari Wangi, Unilever",25 pockets,1.85g,en:beverages-and-beverages-preparations;en:plant-based-foods-and-beverages;en:beverages;en:hot-beverages;en:plant-based-beverages;en:teas,0,0,0,0,true,0,2026-04-23,https://world.openfoodfacts.org/product/8999999195649,Open Database License (ODbL); verify reuse and attribution requirements,candidate_not_for_planner
8998866200301,Mi Sedaap,Mi Sedaap,90g,1 pack (90 g),en:plant-based-foods-and-beverages;en:plant-based-foods;en:cereals-and-potatoes;en:cereals-and-their-products;en:dried-products;en:pastas;en:dried-products-to-be-rehydrated;en:noodles;en:instant-noodles,466.666666666667,10,63.3333333333333,18.8888888888889,true,0,2026-03-29,https://world.openfoodfacts.org/product/8998866200301,Open Database License (ODbL); verify reuse and attribution requirements,candidate_not_for_planner
0896867700326,Club Air Mineral,Club Air Mineral,600,,en:beverages-and-beverages-preparations;en:beverages;en:waters;en:spring-waters;en:mineral-waters,,,,,false,0,2024-09-15,https://world.openfoodfacts.org/product/0896867700326,Open Database License (ODbL); verify reuse and attribution requirements,candidate_not_for_planner
8992761002015,Coca Cola btl 390ml,Coca-cola,390ml,350 ml,en:beverages-and-beverages-preparations;en:beverages;en:non-alcoholic-beverages;en:carbonated-drinks;en:soft-drinks;en:sodas;en:colas;en:sweetened-beverages,40,0,10,0,true,0,2026-07-21,https://world.openfoodfacts.org/product/8992761002015,Open Database License (ODbL); verify reuse and attribution requirements,candidate_not_for_planner
8998009010552,Ultra Milk Full Cream,Ultrajaya,200mL,200mL,en:dairies;en:milks-liquid-and-powder;en:milks;en:homogenized-milks;en:pasteurised-products;en:uht-milks,60,3,5,3,true,0,2025-03-13,https://world.openfoodfacts.org/product/8998009010552,Open Database License (ODbL); verify reuse and attribution requirements,candidate_not_for_planner
8996129803504,Cleo,Cleo,,,,,,,,false,0,2022-03-17,https://world.openfoodfacts.org/product/8996129803504,Open Database License (ODbL); verify reuse and attribution requirements,candidate_not_for_planner
8996001431030,Drink beng-beng,Torabika Eka Semesta,29g,,en:beverages-and-beverages-preparations;en:beverages;en:dairies;en:dairy-drinks,,,,,false,0,2026-05-18,https://world.openfoodfacts.org/product/8996001431030,Open Database License (ODbL); verify reuse and attribution requirements,candidate_not_for_planner
8998009010224,Ultra milk full cream,"Ultrajaya, ultra milk",250 ml,200 ml,en:dairies;en:milks-liquid-and-powder;en:milks,60,3,,3,false,0,2025-11-20,https://world.openfoodfacts.org/product/8998009010224,Open Database License (ODbL); verify reuse and attribution requirements,candidate_not_for_planner
8998866202893,Golda Coffee cappuchino,Wingsfood,coffe,200ml,en:beverages-and-beverages-preparations;en:plant-based-foods-and-beverages;en:beverages;en:plant-based-foods;en:beverage-preparations;en:instant-beverages;en:coffees;en:instant-coffees,90,1,15.5,2.5,true,0,2026-02-15,https://world.openfoodfacts.org/product/8998866202893,Open Database License (ODbL); verify reuse and attribution requirements,candidate_not_for_planner
8994171101289,Luwak white coffee rtg,luwak,20 g,20 g,en:plant-based-foods-and-beverages;en:plant-based-foods;en:coffees,450,5,,7.5,false,0,2026-06-03,https://world.openfoodfacts.org/product/8994171101289,Open Database License (ODbL); verify reuse and attribution requirements,candidate_not_for_planner
8992770096128,Saori saos tiram,Ajinomoto,133 ml,133ml,en:plant-based-foods-and-beverages;en:plant-based-foods;en:condiments;en:herbs-and-spices;en:spices,,,,,false,0,2026-08-29,https://world.openfoodfacts.org/product/8992770096128,Open Database License (ODbL); verify reuse and attribution requirements,candidate_not_for_planner
4545593011447,SOP SUBARASHI,AFC,,,en:dietary-supplements,,,,,false,0,2023-08-14,https://world.openfoodfacts.org/product/4545593011447,Open Database License (ODbL); verify reuse and attribution requirements,candidate_not_for_planner
8992752112518,Mizone,Mood Up,500 ml,,id:Minuman,,,,,false,0,2025-03-13,https://world.openfoodfacts.org/product/8992752112518,Open Database License (ODbL); verify reuse and attribution requirements,candidate_not_for_planner
8999898971221,Biokul Greek yogurt plain,Bio Kul,473g,100 g,en:dairies;en:fermented-foods;en:desserts;en:fermented-milk-products;en:dairy-desserts;en:fermented-dairy-desserts;en:yogurts;en:greek-style-yogurts,130,6,11,7,true,0,2026-09-11,https://world.openfoodfacts.org/product/8999898971221,Open Database License (ODbL); verify reuse and attribution requirements,candidate_not_for_planner
8998009010590,ULTRA MILK MINI CHOCO,ULTRAJAYA,125,125ml,en:dairies;en:milks-liquid-and-powder;en:milks;en:homogenized-milks;en:pasteurised-products;en:uht-milks,,,,,false,0,2026-02-09,https://world.openfoodfacts.org/product/8998009010590,Open Database License (ODbL); verify reuse and attribution requirements,candidate_not_for_planner
8888900415009,LaFonte Spaghetti -10 pasta,La Fonte,225g,60 g,,366.666666666667,15,71.6666666666667,1.66666666666667,true,0,2026-05-02,https://world.openfoodfacts.org/product/8888900415009,Open Database License (ODbL); verify reuse and attribution requirements,candidate_not_for_planner
8998866203531,Isoplus Coco 350ml,Wings Food,350ml,175 ml,en:beverages-and-beverages-preparations;en:plant-based-foods-and-beverages;en:beverages;en:plant-based-foods;en:fruit-based-foods-and-beverages;en:fruits-and-vegetables-based-foods;en:fruit-based-foods;en:plant-based-beverages;en:fruit-based-beverages;en:coconuts-and-their-products;en:coconut-waters,28.5714285714286,0,6.85714285714286,0,true,0,2025-09-25,https://world.openfoodfacts.org/product/8998866203531,Open Database License (ODbL); verify reuse and attribution requirements,candidate_not_for_planner
8998866203920,Milku,Wings Food,200 ml,200 ml,en:dairies;en:milks-liquid-and-powder;en:milks,52,3,5.5,2,true,0,2026-06-25,https://world.openfoodfacts.org/product/8998866203920,Open Database License (ODbL); verify reuse and attribution requirements,candidate_not_for_planner
8998866202626,Top Coffee Palm sugar,Top Coffee,22g,22g,en:beverages-and-beverages-preparations;en:plant-based-foods-and-beverages;en:beverages;en:plant-based-foods;en:beverage-preparations;en:coffees;en:instant-beverages;en:coffee-drinks;en:instant-coffees,454.545454545455,4.54545454545455,81.8181818181818,11.3636363636364,true,0,2026-07-10,https://world.openfoodfacts.org/product/8998866202626,Open Database License (ODbL); verify reuse and attribution requirements,candidate_not_for_planner
8993007000680,Indomilk UHT Full Cream Plain,Indofood Nutrition,1L,250 g,en:dairies;en:milks-liquid-and-powder;en:milks;en:homogenized-milks;en:pasteurised-products;en:uht-milks,60,3.2,5.2,3.2,true,0,2026-01-23,https://world.openfoodfacts.org/product/8993007000680,Open Database License (ODbL); verify reuse and attribution requirements,candidate_not_for_planner
8992753721597,FF SKM POUCH 280,Frisian Flag,280 g,40g,,130,1,23,4,true,0,2023-08-14,https://world.openfoodfacts.org/product/8992753721597,Open Database License (ODbL); verify reuse and attribution requirements,candidate_not_for_planner
8998888712295,Del Monte BBQ,Del Monte,250g,50g,en:condiments;en:sauces;en:groceries,60,0,14,0,true,0,2025-07-03,https://world.openfoodfacts.org/product/8998888712295,Open Database License (ODbL); verify reuse and attribution requirements,candidate_not_for_planner
8999898962694,Biokul set Yog plain,Biokul,500ml,100.0g,en:dairies;en:fermented-foods;en:desserts;en:fermented-milk-products;en:dairy-desserts;en:fermented-dairy-desserts;en:yogurts,10,5,10,1,true,2,2026-03-12,https://world.openfoodfacts.org/product/8999898962694,Open Database License (ODbL); verify reuse and attribution requirements,candidate_not_for_planner
8997035600546,Ion Supply Drink 900ml,Pocari,900 ml,250 ml,en:beverages-and-beverages-preparations;en:beverages;en:artificially-sweetened-beverages;en:diet-beverages;en:dietary-drink-for-sport;en:Electrolyte drink,60,0,15,0,true,0,2025-10-28,https://world.openfoodfacts.org/product/8997035600546,Open Database License (ODbL); verify reuse and attribution requirements,candidate_not_for_planner
8998866610377,Iso plus 350 ml,Wingsfood,1,1 portion (175 ml),,22.8571428571429,0,5.71428571428571,0,true,0,2026-07-18,https://world.openfoodfacts.org/product/8998866610377,Open Database License (ODbL); verify reuse and attribution requirements,candidate_not_for_planner
8993175537285,Nabati Wafer,Richeese,110g,15g,en:snacks;en:sweet-snacks;en:biscuits-and-cakes;en:biscuits-and-crackers;en:biscuits;en:wafers;en:Cheese cream wafer;en:Food,466.666666666667,6.66666666666667,73.3333333333333,16.6666666666667,true,0,2025-11-07,https://world.openfoodfacts.org/product/8993175537285,Open Database License (ODbL); verify reuse and attribution requirements,candidate_not_for_planner
8992753005499,Ff full cream 1 L,Frisian Flag,946ml,225 ml,en:dairies;en:milks-liquid-and-powder;en:milks;en:whole-milks,52,2.8,4,2.8,true,0,2026-05-25,https://world.openfoodfacts.org/product/8992753005499,Open Database License (ODbL); verify reuse and attribution requirements,candidate_not_for_planner
8886007811113,Teh Cap Poci,PT Gunung Slamat,50g,,en:beverages-and-beverages-preparations;en:plant-based-foods-and-beverages;en:beverages;en:hot-beverages;en:plant-based-beverages;en:beverage-preparations;en:teas;en:tea-leaves;en:tea-bags,,,,,false,0,2025-06-21,https://world.openfoodfacts.org/product/8886007811113,Open Database License (ODbL); verify reuse and attribution requirements,candidate_not_for_planner
9556174802212,Instant Oatmeal,Quaker,1,35,en:plant-based-foods-and-beverages;en:plant-based-foods;en:breakfasts;en:cereals-and-potatoes;en:cereals-and-their-products;en:breakfast-cereals;en:flakes;en:cereal-flakes;en:rolled-flakes;en:rolled-oats,,,,,false,0,2025-08-27,https://world.openfoodfacts.org/product/9556174802212,Open Database License (ODbL); verify reuse and attribution requirements,candidate_not_for_planner
8998888110114,Marjan,,460 ml,,,428.57142857143,0,100,0,true,0,2025-01-27,https://world.openfoodfacts.org/product/8998888110114,Open Database License (ODbL); verify reuse and attribution requirements,candidate_not_for_planner
8997225840035,,,,,,,,,,false,0,2024-05-17,https://world.openfoodfacts.org/product/8997225840035,Open Database License (ODbL); verify reuse and attribution requirements,candidate_not_for_planner
8993007000239,Indomilk Kids Chocolate UHT Milk,Indomilk,115ml,115ml,en:beverages-and-beverages-preparations;en:beverages;en:dairies;en:dairy-drinks;en:milks-liquid-and-powder;en:milks;en:flavoured-milks;en:homogenized-milks;en:pasteurised-products;en:chocolate-milks;en:uht-milks,69.5652173913043,2.60869565217391,10.4347826086957,2.17391304347826,true,0,2025-01-05,https://world.openfoodfacts.org/product/8993007000239,Open Database License (ODbL); verify reuse and attribution requirements,candidate_not_for_planner
4002309037219,Ceres choco hazelnut,Ceres,180g,20g,id:Selai coklat,600,5,60,35,true,0,2026-06-21,https://world.openfoodfacts.org/product/4002309037219,Open Database License (ODbL); verify reuse and attribution requirements,candidate_not_for_planner
8997014450421,Gold slices,Prochiz,,1 portion (24 g),en:dairies;en:fermented-foods;en:fermented-milk-products;en:cheeses,333.333333333333,4.16666666666667,20.8333333333333,25,true,0,2026-06-03,https://world.openfoodfacts.org/product/8997014450421,Open Database License (ODbL); verify reuse and attribution requirements,candidate_not_for_planner
8992775001608,Chocolatos Cheese Flavor,Chocolatos,14g,,en:snacks;en:sweet-snacks;en:biscuits-and-cakes;en:biscuits-and-crackers;en:biscuits,,,,,false,0,2026-08-25,https://world.openfoodfacts.org/product/8992775001608,Open Database License (ODbL); verify reuse and attribution requirements,candidate_not_for_planner
8994588342114,Air Mineral,cheers,600ml,,en:beverages-and-beverages-preparations;en:beverages;en:waters;en:Watter,,,,,false,0,2025-11-01,https://world.openfoodfacts.org/product/8994588342114,Open Database License (ODbL); verify reuse and attribution requirements,candidate_not_for_planner
8992761002039,Fanta,Fanta,,250 ml,en:beverages-and-beverages-preparations;en:beverages;en:non-alcoholic-beverages;en:carbonated-drinks;en:soft-drinks;en:sodas;en:sweetened-beverages,50,12,12,0,true,1,2026-08-25,https://world.openfoodfacts.org/product/8992761002039,Open Database License (ODbL); verify reuse and attribution requirements,candidate_not_for_planner
8993175537810,,,,,,,,,,false,0,2022-10-06,https://world.openfoodfacts.org/product/8993175537810,Open Database License (ODbL); verify reuse and attribution requirements,candidate_not_for_planner
69012877,,,,,,,,,,false,0,2023-01-15,https://world.openfoodfacts.org/product/69012877,Open Database License (ODbL); verify reuse and attribution requirements,candidate_not_for_planner
8997035601222,Oranamin C Drink,"Oronamin, Otsuka",120 ml,120ml,en:Health supplement,,,,,false,0,2026-07-31,https://world.openfoodfacts.org/product/8997035601222,Open Database License (ODbL); verify reuse and attribution requirements,candidate_not_for_planner
8886001012080,Biskuit Roma Kelapa,Mayora,450g,,,,,,,false,0,2023-01-27,https://world.openfoodfacts.org/product/8886001012080,Open Database License (ODbL); verify reuse and attribution requirements,candidate_not_for_planner
8993004785160,Smax Ring Cheese 40gr,,1,,,,,,,false,0,2023-02-03,https://world.openfoodfacts.org/product/8993004785160,Open Database License (ODbL); verify reuse and attribution requirements,candidate_not_for_planner
9556001295248,Nescafee ice black 220ml,,1,,,,,,,false,0,2026-01-29,https://world.openfoodfacts.org/product/9556001295248,Open Database License (ODbL); verify reuse and attribution requirements,candidate_not_for_planner
8998009010927,ultra mimi kids stroberi 125ML,,7,,,,,,,false,0,2025-04-06,https://world.openfoodfacts.org/product/8998009010927,Open Database License (ODbL); verify reuse and attribution requirements,candidate_not_for_planner
8991102222006,Teh Gelas Cup,OT ( Orang Tua),160ml,160ml,en:beverages-and-beverages-preparations;en:plant-based-foods-and-beverages;en:beverages;en:hot-beverages;en:plant-based-beverages;en:teas;en:tea-based-beverages;id:Tea cup,28.125,0,6.875,0,true,0,2024-01-01,https://world.openfoodfacts.org/product/8991102222006,Open Database License (ODbL); verify reuse and attribution requirements,candidate_not_for_planner
8996001600849,Nipis Madu Smooth Soda Lime,Mayora,330ml,240 ml,en:beverages-and-beverages-preparations;en:beverages;en:non-alcoholic-beverages;en:carbonated-drinks;en:soft-drinks;en:sodas;en:Smooth Soda,41.6666666666667,0,10.4166666666667,0,true,0,2026-08-17,https://world.openfoodfacts.org/product/8996001600849,Open Database License (ODbL); verify reuse and attribution requirements,candidate_not_for_planner
8992907952136,SARI ROTI TAWAR KUPAS,Sari Roti,,40.0g,,100,3,17,2,true,0,2026-06-17,https://world.openfoodfacts.org/product/8992907952136,Open Database License (ODbL); verify reuse and attribution requirements,candidate_not_for_planner
8999999000189,Taro Net Potato Bbq 32gr,,1,,id:cemilan,,,,,false,0,2024-06-16,https://world.openfoodfacts.org/product/8999999000189,Open Database License (ODbL); verify reuse and attribution requirements,candidate_not_for_planner
8992761136161,Coca-Cola 1 lt,Coca-Cola,,,en:beverages-and-beverages-preparations;en:beverages;en:carbonated-drinks;en:sodas;en:colas;en:sweetened-beverages,,,,,false,0,2026-06-04,https://world.openfoodfacts.org/product/8992761136161,Open Database License (ODbL); verify reuse and attribution requirements,candidate_not_for_planner
8995899215159,BonCabe level 50 Max End,"Boncabe, Kobe",30 gram,1.8 gram,en:plant-based-foods-and-beverages;en:plant-based-foods;en:condiments;en:herbs-and-spices;en:spices;en:chili-peppers;en:chili-flakes;id:Cabai,,,,,false,0,2026-08-11,https://world.openfoodfacts.org/product/8995899215159,Open Database License (ODbL); verify reuse and attribution requirements,candidate_not_for_planner
8886007811410,Teh poci celup wangi teh asli 25's,Poci,25 teabags,,en:beverages-and-beverages-preparations;en:plant-based-foods-and-beverages;en:beverages;en:hot-beverages;en:plant-based-beverages;en:teas;en:green-teas,,,,,false,0,2026-08-25,https://world.openfoodfacts.org/product/8886007811410,Open Database License (ODbL); verify reuse and attribution requirements,candidate_not_for_planner
8993175538572,Nabati Bites: Rasa keju,Pt. Kaldu Sari Nabati Indonesia,112 gram,15 gram,en:snacks,70,1,11,2.5,true,0,2026-07-13,https://world.openfoodfacts.org/product/8993175538572,Open Database License (ODbL); verify reuse and attribution requirements,candidate_not_for_planner
8993351120416,Strawberry Yogurt Drink,Greenfields,,190.0g,,100,2.63157894736842,16.3157894736842,2.63157894736842,true,0,2024-12-18,https://world.openfoodfacts.org/product/8993351120416,Open Database License (ODbL); verify reuse and attribution requirements,candidate_not_for_planner
0089686041767,Indomie Mie Goreng Jumbo panggang,indomie,127 g,127g,en:plant-based-foods-and-beverages;en:plant-based-foods;en:cereals-and-potatoes;en:cereals-and-their-products;en:dried-products;en:pastas;en:dried-products-to-be-rehydrated;en:noodles;en:instant-noodles,448.818897637795,11.0236220472441,59.0551181102362,19.6850393700787,true,0,2026-05-07,https://world.openfoodfacts.org/product/0089686041767,Open Database License (ODbL); verify reuse and attribution requirements,candidate_not_for_planner
8993175532297,Ahh',,,5.0g,,500,,60,40,false,0,2026-04-08,https://world.openfoodfacts.org/product/8993175532297,Open Database License (ODbL); verify reuse and attribution requirements,candidate_not_for_planner
0711844162419,Abc sari kacang hijau,Abc,1,200 ml,en:Mung Bean Drinks,40,1,9.5,0,true,0,2026-06-28,https://world.openfoodfacts.org/product/0711844162419,Open Database License (ODbL); verify reuse and attribution requirements,candidate_not_for_planner
8999908808905,Hemaviton C1000 Ls can,,330ml,,,,,,,false,0,2025-11-19,https://world.openfoodfacts.org/product/8999908808905,Open Database License (ODbL); verify reuse and attribution requirements,candidate_not_for_planner
8998009020193,Buavita Juice Mango 245ml,,1,,en:beverages-and-beverages-preparations;en:plant-based-foods-and-beverages;en:beverages;en:fruit-based-foods-and-beverages;en:plant-based-beverages;en:fruit-based-beverages;en:juices-and-nectars;en:fruit-juices;en:orange-juices,,,,,false,0,2026-08-27,https://world.openfoodfacts.org/product/8998009020193,Open Database License (ODbL); verify reuse and attribution requirements,candidate_not_for_planner
8991002121089,GOODDAY ORIGINAL,,1,,,,,,,false,0,2026-01-29,https://world.openfoodfacts.org/product/8991002121089,Open Database License (ODbL); verify reuse and attribution requirements,candidate_not_for_planner
8992718853158,Gekikara ramen jamur 109G,Nissin,108g,1 portion (108 g),,425.925925925926,7.40740740740741,64.8148148148148,14.8148148148148,true,0,2026-04-12,https://world.openfoodfacts.org/product/8992718853158,Open Database License (ODbL); verify reuse and attribution requirements,candidate_not_for_planner
8992702005945,indomilk coklat btl 190ML,,1,,id:Susu instan,,,,,false,0,2026-02-01,https://world.openfoodfacts.org/product/8992702005945,Open Database License (ODbL); verify reuse and attribution requirements,candidate_not_for_planner
8993200666836,CIMORY SUSU ALMOND,,250ml,,,,,,,false,0,2025-09-20,https://world.openfoodfacts.org/product/8993200666836,Open Database License (ODbL); verify reuse and attribution requirements,candidate_not_for_planner
8991002133327,Good Day Duet Moca Caramel,Good Day,22g,,,,,,,false,0,2025-07-09,https://world.openfoodfacts.org/product/8991002133327,Open Database License (ODbL); verify reuse and attribution requirements,candidate_not_for_planner
0089686401721,Saus tomat,Indofood,135ml,,,,,,,false,0,2026-04-17,https://world.openfoodfacts.org/product/0089686401721,Open Database License (ODbL); verify reuse and attribution requirements,candidate_not_for_planner
8991102387262,Tango Vanilla Delight,,39 g,,,,,,,false,0,2024-01-11,https://world.openfoodfacts.org/product/8991102387262,Open Database License (ODbL); verify reuse and attribution requirements,candidate_not_for_planner
8993296201119,Tepung terigu segitiga biru,,1 kg,,id:makanan,350,11,73,1.5,true,3,2025-11-04,https://world.openfoodfacts.org/product/8993296201119,Open Database License (ODbL); verify reuse and attribution requirements,candidate_not_for_planner
8994907001302,Sambal Terasi,ABC,,1 sachet (18 g),,250,5.55555555555556,38.8888888888889,8.33333333333333,true,0,2025-07-26,https://world.openfoodfacts.org/product/8994907001302,Open Database License (ODbL); verify reuse and attribution requirements,candidate_not_for_planner
8996001301562,Malkist cokelat kelapa,Roma,19g,,en:food,,,,,false,0,2025-01-31,https://world.openfoodfacts.org/product/8996001301562,Open Database License (ODbL); verify reuse and attribution requirements,candidate_not_for_planner
0711844115057,ABC Kecap Asin,ABC,131ml,,en:condiments;en:sauces;en:soy-sauces,,,,,false,0,2026-08-25,https://world.openfoodfacts.org/product/0711844115057,Open Database License (ODbL); verify reuse and attribution requirements,candidate_not_for_planner
8997240601154,Caramel Macchiato Oat Milk,Oatside,,1 serving (200 ml),en:plant-based-foods-and-beverages;en:dairy-substitutes;en:milk-substitutes,80,1,13,3,true,0,2026-08-25,https://world.openfoodfacts.org/product/8997240601154,Open Database License (ODbL); verify reuse and attribution requirements,candidate_not_for_planner
8997240600393,Oatside Oat Milk Barista Blend,Oatside,,200 ml,en:plant-based-foods-and-beverages;en:dairy-substitutes;en:milk-substitutes,65,0.5,4,4.5,true,0,2026-06-26,https://world.openfoodfacts.org/product/8997240600393,Open Database License (ODbL); verify reuse and attribution requirements,candidate_not_for_planner
8992775311981,Chocolatos,Garuda,,6 g,en:snacks;en:sweet-snacks;en:confectioneries,500,,66.6666666666667,25,false,0,2026-08-27,https://world.openfoodfacts.org/product/8992775311981,Open Database License (ODbL); verify reuse and attribution requirements,candidate_not_for_planner
8997225840028,Aoka bread (chocolate,,,65.0g,,250,5,35,10,true,0,2025-08-20,https://world.openfoodfacts.org/product/8997225840028,Open Database License (ODbL); verify reuse and attribution requirements,candidate_not_for_planner
0089686605037,makanan,Jets coklat,,18 g,id:cemilan,,,66.6666666666667,22.2222222222222,false,0,2025-07-31,https://world.openfoodfacts.org/product/0089686605037,Open Database License (ODbL); verify reuse and attribution requirements,candidate_not_for_planner
8992696525054,Susu Dancow Vanilla,Dancow Nestle,26g,1 sachet (26 g),,461.538461538462,19.2307692307692,50,19.2307692307692,true,0,2026-04-27,https://world.openfoodfacts.org/product/8992696525054,Open Database License (ODbL); verify reuse and attribution requirements,candidate_not_for_planner
8995227500261,Larutan Penyegar,Cap Kaki Tiga,500ml,,,,,,,false,0,2025-11-03,https://world.openfoodfacts.org/product/8995227500261,Open Database License (ODbL); verify reuse and attribution requirements,candidate_not_for_planner
8996001601051,Collagena,,189ml,189 ml,en:beverages-and-beverages-preparations;en:beverages,68.7830687830688,4.23280423280423,5.82010582010582,3.17460317460317,true,0,2025-12-08,https://world.openfoodfacts.org/product/8996001601051,Open Database License (ODbL); verify reuse and attribution requirements,candidate_not_for_planner
8997003110176,,,,,en:snacks;en:sweet-snacks;en:confectioneries,,,,,false,0,2026-07-31,https://world.openfoodfacts.org/product/8997003110176,Open Database License (ODbL); verify reuse and attribution requirements,candidate_not_for_planner
8996001350522,wafer dengan krim cokelat,,17 g,17,en:snacks,90,1,11,,false,0,2025-05-28,https://world.openfoodfacts.org/product/8996001350522,Open Database License (ODbL); verify reuse and attribution requirements,candidate_not_for_planner
0711844130128,ABC Saus Tomat 275ml,ABC,,1 portion (15 ml),,166.666666666667,0,40,0,true,0,2025-06-18,https://world.openfoodfacts.org/product/0711844130128,Open Database License (ODbL); verify reuse and attribution requirements,candidate_not_for_planner
8997226414020,mozA,Emina,"75gr ,5 lembar",15g,en:dairies;en:fermented-foods;en:fermented-milk-products;en:cheeses;en:cheese-preparations;en:processed-cheeses;en:processed-cheese-in-slices,333.333333333333,13.3333333333333,13.3333333333333,26.6666666666667,true,3,2025-09-13,https://world.openfoodfacts.org/product/8997226414020,Open Database License (ODbL); verify reuse and attribution requirements,candidate_not_for_planner
8888166989832,Genji Soft Pie biscuits,,85 g,,en:snacks,,,,,false,3,2025-03-17,https://world.openfoodfacts.org/product/8888166989832,Open Database License (ODbL); verify reuse and attribution requirements,candidate_not_for_planner
8992761131012,Coca Cola Zero,Coca cola,1l,250ml,en:beverages-and-beverages-preparations;en:beverages;en:non-alcoholic-beverages;en:carbonated-drinks;en:soft-drinks;en:artificially-sweetened-beverages;en:sodas;en:diet-beverages;en:colas;en:diet-sodas,0,0,0,0,true,0,2026-07-21,https://world.openfoodfacts.org/product/8992761131012,Open Database License (ODbL); verify reuse and attribution requirements,candidate_not_for_planner
8996001600726,,,,330ml,en:beverages-and-beverages-preparations;en:beverages;en:waters;en:spring-waters;en:mineral-waters,0,0,0,0,true,0,2025-04-09,https://world.openfoodfacts.org/product/8996001600726,Open Database License (ODbL); verify reuse and attribution requirements,candidate_not_for_planner
0089686611236,Qtela tempe orek,,100 g,,,,,,,false,0,2025-10-21,https://world.openfoodfacts.org/product/0089686611236,Open Database License (ODbL); verify reuse and attribution requirements,candidate_not_for_planner
8993838990044,YOA LADA HTM BBK 35 GR 1C12P,yoa food,35gr,,,,,,,false,0,2025-04-21,https://world.openfoodfacts.org/product/8993838990044,Open Database License (ODbL); verify reuse and attribution requirements,candidate_not_for_planner
8993492102395,Peanut Butter,Noccio,,1 portion (20 g),en:plant-based-foods-and-beverages;en:plant-based-foods;en:legumes-and-their-products;en:spreads;en:plant-based-spreads;en:oilseed-purees;en:legume-butters;en:peanut-butters,600,20,30,45,true,0,2026-07-31,https://world.openfoodfacts.org/product/8993492102395,Open Database License (ODbL); verify reuse and attribution requirements,candidate_not_for_planner
8997240600935,Oatside choco malt 200ml,Oatside,,1 portion (200 ml),,95,1,15,3.5,true,0,2026-07-03,https://world.openfoodfacts.org/product/8997240600935,Open Database License (ODbL); verify reuse and attribution requirements,candidate_not_for_planner
2102686200137,,セブンイレブン,,,en:meals;en:prepared-salads;en:salads-with-meat,228,16.2,5.4,16.4,true,0,2025-05-14,https://world.openfoodfacts.org/product/2102686200137,Open Database License (ODbL); verify reuse and attribution requirements,candidate_not_for_planner
8993083935647,,,,,,,,,,false,0,2025-05-28,https://world.openfoodfacts.org/product/8993083935647,Open Database License (ODbL); verify reuse and attribution requirements,candidate_not_for_planner
8999999601331,Royco Bumbu Kaldu Rasa Ayam,Royko,8g,,,,,,,false,0,2026-04-20,https://world.openfoodfacts.org/product/8999999601331,Open Database License (ODbL); verify reuse and attribution requirements,candidate_not_for_planner
8991002135376,Kapal Api Spesial Mix,PT. Santosa Jaya Abadi,25 g,,,,,,,false,0,2026-06-29,https://world.openfoodfacts.org/product/8991002135376,Open Database License (ODbL); verify reuse and attribution requirements,candidate_not_for_planner
8995952001224,Kaya Spread,Morin,170g,14 g,en:Food,321.428571428571,0,64.2857142857143,7.14285714285714,true,0,2026-06-12,https://world.openfoodfacts.org/product/8995952001224,Open Database License (ODbL); verify reuse and attribution requirements,candidate_not_for_planner
8997035120020,Pocari Sweat Sachet,Pocari Sweat,5x13g,,,,,,,false,0,2025-11-24,https://world.openfoodfacts.org/product/8997035120020,Open Database License (ODbL); verify reuse and attribution requirements,candidate_not_for_planner
8991976103142,Kecap Manis,Nasional,16 g,16,id:Kecap,,,,,false,3,2025-07-13,https://world.openfoodfacts.org/product/8991976103142,Open Database License (ODbL); verify reuse and attribution requirements,candidate_not_for_planner
8998866202244,Mi Instan,"EkoMie, Rasa Kaldu ayam",55 g,55 g,id:Mi Instan;id:Mi-instan,80,7,32,9,true,3,2025-07-14,https://world.openfoodfacts.org/product/8998866202244,Open Database License (ODbL); verify reuse and attribution requirements,candidate_not_for_planner
8992718853868,Gekikara Ramen Pas - Hot Carbo,Nissin,81g,,en:plant-based-foods-and-beverages;en:plant-based-foods;en:pastas;en:noodles,,,,,false,0,2025-07-27,https://world.openfoodfacts.org/product/8992718853868,Open Database License (ODbL); verify reuse and attribution requirements,candidate_not_for_planner
8996001356753,,,,,,,,,,false,0,2025-07-31,https://world.openfoodfacts.org/product/8996001356753,Open Database License (ODbL); verify reuse and attribution requirements,candidate_not_for_planner
8992907952327,Sandwich Cokelat,Sari Roti,42g,42g,en:sandwiches;en:sandwiches-filled-with-cold-cuts;en:sandwich-made-with-loaf-bread-and-various-fillings,285.714285714286,7.14285714285714,50,7.14285714285714,true,0,2025-08-18,https://world.openfoodfacts.org/product/8992907952327,Open Database License (ODbL); verify reuse and attribution requirements,candidate_not_for_planner
0625349019805,,,,,,,,,,false,0,2025-08-20,https://world.openfoodfacts.org/product/0625349019805,Open Database License (ODbL); verify reuse and attribution requirements,candidate_not_for_planner
8994075240657,Makanan Ringan Ekstrudat Rasa Rumput Laut,Momogi,,10 g,,500,10,60,30,true,0,2025-08-21,https://world.openfoodfacts.org/product/8994075240657,Open Database License (ODbL); verify reuse and attribution requirements,candidate_not_for_planner
0089686040227,Indomie K-rose goreng,,,,en:plant-based-foods-and-beverages;en:plant-based-foods;en:dried-products;en:dried-products-to-be-rehydrated;en:pastas;en:noodles;en:instant-noodles,,,,,false,0,2026-08-06,https://world.openfoodfacts.org/product/0089686040227,Open Database License (ODbL); verify reuse and attribution requirements,candidate_not_for_planner
9556247506603,,,,,,,,,,false,0,2025-09-10,https://world.openfoodfacts.org/product/9556247506603,Open Database License (ODbL); verify reuse and attribution requirements,candidate_not_for_planner
8991001113108,,,,,,,,,,false,0,2025-09-12,https://world.openfoodfacts.org/product/8991001113108,Open Database License (ODbL); verify reuse and attribution requirements,candidate_not_for_planner
8999988888842,Larutan Penyegar Cap Badak Jambu 320 ml,,,,,,,,,false,0,2025-09-20,https://world.openfoodfacts.org/product/8999988888842,Open Database License (ODbL); verify reuse and attribution requirements,candidate_not_for_planner
9199406858030,Teh Botol Sosro Less Sugar,Sosro,350,225 ml,id:Minuman,20,0,4.88888888888889,0,true,0,2025-09-26,https://world.openfoodfacts.org/product/9199406858030,Open Database License (ODbL); verify reuse and attribution requirements,candidate_not_for_planner
8888166994393,Monde Snack Gold,Nissin,27g,,,,,,,false,0,2026-01-31,https://world.openfoodfacts.org/product/8888166994393,Open Database License (ODbL); verify reuse and attribution requirements,candidate_not_for_planner
0996646000019,Teh botol sosro original,Sosro,300 ml,200,id:Minuman,,,,,false,1,2025-10-04,https://world.openfoodfacts.org/product/0996646000019,Open Database License (ODbL); verify reuse and attribution requirements,candidate_not_for_planner
8993027164034,Happy Tos Jagung Bakar Biru,,,,,,,,,false,0,2026-01-11,https://world.openfoodfacts.org/product/8993027164034,Open Database License (ODbL); verify reuse and attribution requirements,candidate_not_for_planner
8997014021867,Lemonilo chimi keripik ubi jagung balado,Lemonilo,41,20g,en:snacks;en:salty-snacks;en:appetizers;en:chips-and-fries;en:crisps,550,0,60,35,true,0,2026-08-25,https://world.openfoodfacts.org/product/8997014021867,Open Database License (ODbL); verify reuse and attribution requirements,candidate_not_for_planner
8993407105008,Favourite Processed Cheddar Cheese,Cheesy,480g,30g,en:dairies;en:fermented-foods;en:fermented-milk-products;en:cheeses;en:cheese-preparations;en:processed-cheeses;en:Processed-cheddar-cheese,333.333333333333,13.3333333333333,10,26.6666666666667,true,0,2025-10-24,https://world.openfoodfacts.org/product/8993407105008,Open Database License (ODbL); verify reuse and attribution requirements,candidate_not_for_planner
8996006000026,,,,120ml,en:beverages-and-beverages-preparations;en:beverages;en:non-alcoholic-beverages;en:carbonated-drinks;en:soft-drinks;en:sodas,0,,0,0,false,0,2025-10-24,https://world.openfoodfacts.org/product/8996006000026,Open Database License (ODbL); verify reuse and attribution requirements,candidate_not_for_planner
0089686945003,Indomie Pop Spageti - Spicy Bolognese,indomie,84g,,,,,,,false,0,2026-05-12,https://world.openfoodfacts.org/product/0089686945003,Open Database License (ODbL); verify reuse and attribution requirements,candidate_not_for_planner
8888166343825,Pola Snack - Balado,Monde,17g,,,,,,,false,0,2025-12-20,https://world.openfoodfacts.org/product/8888166343825,Open Database License (ODbL); verify reuse and attribution requirements,candidate_not_for_planner
8995555171225,Kimbo reddi Sosis Ikan Siap Makan - Rasa Otak-Otak - 533g(24+2),Kimbo,26 x 20.5g,,,,,,,false,0,2025-12-20,https://world.openfoodfacts.org/product/8995555171225,Open Database License (ODbL); verify reuse and attribution requirements,candidate_not_for_planner
8998009040023,Teh kotak teh melati,ultrajaya,300ml,200ml,en:beverages-and-beverages-preparations;en:plant-based-foods-and-beverages;en:beverages;en:hot-beverages;en:plant-based-beverages;en:teas;en:green-teas;en:tea-based-beverages,70,0,18,0,true,0,2026-07-13,https://world.openfoodfacts.org/product/8998009040023,Open Database License (ODbL); verify reuse and attribution requirements,candidate_not_for_planner
8993007003902,INDOMILK Creamy Original,Indomilk,545 g,30 g,en:dairies;en:milks-liquid-and-powder;en:milks;en:homogenized-milks;en:semi-skimmed-milks,100,1,,3,false,0,2026-01-28,https://world.openfoodfacts.org/product/8993007003902,Open Database License (ODbL); verify reuse and attribution requirements,candidate_not_for_planner
8996001440124,Energen Minuman Serbuk Sereal Susu Vanilla 34g,Energen,40 g,40g,en:beverages-and-beverages-preparations;en:beverages;en:hot-beverages,450,2,31,4.5,true,2,2026-05-28,https://world.openfoodfacts.org/product/8996001440124,Open Database License (ODbL); verify reuse and attribution requirements,candidate_not_for_planner
8886467100017,Pringles original,Pringles Salt & Seaweed,134gr,25 g,en:plant-based-foods-and-beverages;en:plant-based-foods;en:snacks;en:cereals-and-potatoes;en:salty-snacks;en:appetizers;en:chips-and-fries;en:potatoes-and-their-products;en:crisps;en:salty-snacks-made-from-potato;en:stacked-extruded-potato-crisps,532,4.4,60,,false,0,2026-09-05,https://world.openfoodfacts.org/product/8886467100017,Open Database License (ODbL); verify reuse and attribution requirements,candidate_not_for_planner
8998866201841,golda coffee latte,wings food,200ml,200ml,en:beverages-and-beverages-preparations;en:plant-based-foods-and-beverages;en:beverages;en:plant-based-foods;en:coffees;en:Botol,120,2,22,2.5,true,0,2026-02-16,https://world.openfoodfacts.org/product/8998866201841,Open Database License (ODbL); verify reuse and attribution requirements,candidate_not_for_planner
8991102374309,Tango Wafer Chocolate,Tango,240 g,20 g,en:snacks;en:sweet-snacks;en:biscuits-and-cakes;en:biscuits-and-crackers;en:biscuits,500,5,70,20,true,0,2026-09-29,https://world.openfoodfacts.org/product/8991102374309,Open Database License (ODbL); verify reuse and attribution requirements,candidate_not_for_planner
8998009010637,Ultra Milk Low Fat,Ultra,,250 g,en:dairies;en:milks-liquid-and-powder;en:milks,44,3.2,5.2,1.2,true,0,2025-10-08,https://world.openfoodfacts.org/product/8998009010637,Open Database License (ODbL); verify reuse and attribution requirements,candidate_not_for_planner
8999999556327,Sariwangi teh clp asli 25s,,1,,en:beverages-and-beverages-preparations;en:plant-based-foods-and-beverages;en:beverages;en:hot-beverages;en:plant-based-beverages;en:teas,,,,,false,0,2025-04-25,https://world.openfoodfacts.org/product/8999999556327,Open Database License (ODbL); verify reuse and attribution requirements,candidate_not_for_planner
8999999002503,Kecap Manis,Bango,275 ml,15 ml,en:condiments;en:sauces;en:soy-sauces;en:groceries,312,2.3,76,0,true,0,2026-03-23,https://world.openfoodfacts.org/product/8999999002503,Open Database License (ODbL); verify reuse and attribution requirements,candidate_not_for_planner
0089686910704,Indomie Goreng Rendang 5X91G,"indomie, Indo Mie, Indofood",91g,1 serving (91 g),en:plant-based-foods-and-beverages;en:plant-based-foods;en:cereals-and-potatoes;en:cereals-and-their-products;en:dried-products;en:pastas;en:dried-products-to-be-rehydrated;en:noodles;en:instant-noodles,483.516483516484,8.79120879120879,62.6373626373626,21.978021978022,true,0,2026-04-11,https://world.openfoodfacts.org/product/0089686910704,Open Database License (ODbL); verify reuse and attribution requirements,candidate_not_for_planner
0089686043433,Indomie Mi Goreng Rasa Ayam Geprek,indomie,85g,85 g,en:plant-based-foods-and-beverages;en:plant-based-foods;en:cereals-and-potatoes;en:cereals-and-their-products;en:dried-products;en:pastas;en:dried-products-to-be-rehydrated;en:noodles;en:instant-noodles,410,9,9,20,true,1,2026-09-26,https://world.openfoodfacts.org/product/0089686043433,Open Database License (ODbL); verify reuse and attribution requirements,candidate_not_for_planner
8998888710147,Del Monte,Del Monte,270ml,15ml,en:plant-based-foods-and-beverages;en:plant-based-foods;en:fruits-and-vegetables-based-foods;en:vegetable-based-foods-and-beverages;en:condiments;en:vegetables-based-foods;en:tomatoes-and-their-products;en:sauces;en:tomato-sauces;en:ketchup;en:groceries,20,0,5,0,true,0,2026-07-14,https://world.openfoodfacts.org/product/8998888710147,Open Database License (ODbL); verify reuse and attribution requirements,candidate_not_for_planner
8999898962533,Diamond  UHT Full Cream 1 L,Diamond,1,,en:dairies;en:milks-liquid-and-powder;en:milks,,,,,false,0,2026-06-30,https://world.openfoodfacts.org/product/8999898962533,Open Database License (ODbL); verify reuse and attribution requirements,candidate_not_for_planner
8993083932141,Vegetable and Cheese Stick,Biskitop,50g,15g,en:snacks;en:sweet-snacks;en:biscuits-and-cakes;en:biscuits-and-crackers;en:biscuits;en:dry-biscuits;en:biscuit-with-vegetal-fat,466.666666666667,6.66666666666667,66.6666666666667,20,true,0,2025-10-30,https://world.openfoodfacts.org/product/8993083932141,Open Database License (ODbL); verify reuse and attribution requirements,candidate_not_for_planner
8993175535885,Nabati Wafer Cokelat,Richoco,37 g,15g,en:snacks;en:sweet-snacks;en:biscuits-and-cakes;en:biscuits-and-crackers;en:biscuits;en:wafers;en:chocolate-biscuits,466.666666666667,6.66666666666667,73.3333333333333,20,true,0,2026-08-27,https://world.openfoodfacts.org/product/8993175535885,Open Database License (ODbL); verify reuse and attribution requirements,candidate_not_for_planner
8997009510116,Lemon Water 500ml,,1,,en:beverages-and-beverages-preparations;en:beverages;en:sweetened-beverages,30,0,7.4,0,true,0,2026-03-21,https://world.openfoodfacts.org/product/8997009510116,Open Database License (ODbL); verify reuse and attribution requirements,candidate_not_for_planner
9323795000187,Monster Tropical Muesli,Monster Health Food Co.,700 g,45g,en:plant-based-foods-and-beverages;en:plant-based-foods;en:breakfasts;en:cereals-and-potatoes;en:cereals-and-their-products;en:breakfast-cereals;en:cereals-with-fruits;en:mueslis;en:mueslis-with-fruits;en:cereals-with-nuts;en:mueslis-with-nuts,355,9,62,8.2,true,0,2026-03-09,https://world.openfoodfacts.org/product/9323795000187,Open Database License (ODbL); verify reuse and attribution requirements,candidate_not_for_planner
0089686010343,Indomie Soto Mie,indomie,70 g,70g,en:plant-based-foods-and-beverages;en:plant-based-foods;en:dried-products;en:pastas;en:dried-products-to-be-rehydrated;en:noodles;en:instant-noodles,437.5,10,65,14.2,true,0,2026-09-29,https://world.openfoodfacts.org/product/0089686010343,Open Database License (ODbL); verify reuse and attribution requirements,candidate_not_for_planner
0089686043204,Indomie Mi Goreng Aceh,indomie,90g,90g,en:plant-based-foods-and-beverages;en:plant-based-foods;en:dried-products;en:dried-products-to-be-rehydrated;en:pastas;en:noodles;en:instant-noodles,477.777777777778,10,61.1111111111111,21.1111111111111,true,0,2026-09-23,https://world.openfoodfacts.org/product/0089686043204,Open Database License (ODbL); verify reuse and attribution requirements,candidate_not_for_planner
0089686043051,Indomie Rasa Coto Makassar,indomie,75g,,,,,,,false,0,2026-02-08,https://world.openfoodfacts.org/product/0089686043051,Open Database License (ODbL); verify reuse and attribution requirements,candidate_not_for_planner
0089686043815,Indomie Bangladesh,indomie,80 g,80 g,id:mie instan,,,,,false,0,2026-08-02,https://world.openfoodfacts.org/product/0089686043815,Open Database License (ODbL); verify reuse and attribution requirements,candidate_not_for_planner
0089686945010,Indomie Pop Spageti - Spicy Carbonara,indomie,80g,78 g,,358.974358974359,12.8205128205128,69.2307692307692,3.20512820512821,true,0,2026-01-06,https://world.openfoodfacts.org/product/0089686945010,Open Database License (ODbL); verify reuse and attribution requirements,candidate_not_for_planner
0089686010824,Indomie Mi Goreng,indomie,80g,1 wrap,en:plant-based-foods-and-beverages;en:plant-based-foods;en:cereals-and-potatoes;en:cereals-and-their-products;en:dried-products;en:pastas;en:dried-products-to-be-rehydrated;en:noodles;en:instant-noodles,,,,,false,0,2026-02-08,https://world.openfoodfacts.org/product/0089686010824,Open Database License (ODbL); verify reuse and attribution requirements,candidate_not_for_planner
0089686040098,Indomie Tori Miso,indomie,86 gram,86g,en:plant-based-foods-and-beverages;en:plant-based-foods;en:dried-products;en:pastas;en:dried-products-to-be-rehydrated;en:noodles;en:instant-noodles,453.488372093023,9.30232558139535,65.1162790697674,17.4418604651163,true,0,2026-01-23,https://world.openfoodfacts.org/product/0089686040098,Open Database License (ODbL); verify reuse and attribution requirements,candidate_not_for_planner
5016369043904,Indomie Mi Goreng Aceh,indomie,90g,90 g,id:Mie,477,10,61.11,21.11,true,0,2025-11-18,https://world.openfoodfacts.org/product/5016369043904,Open Database License (ODbL); verify reuse and attribution requirements,candidate_not_for_planner
0089686170795,Indomie Instant Mi Goreng Fried Noodles,indomie,425 g (5 x 85 g packages),1 pack (85 g),en:plant-based-foods-and-beverages;en:plant-based-foods;en:dried-products;en:dried-products-to-be-rehydrated;en:pastas;en:noodles;en:instant-noodles,470.588235294118,9.41176470588235,62.3529411764706,18.8235294117647,true,0,2026-04-19,https://world.openfoodfacts.org/product/0089686170795,Open Database License (ODbL); verify reuse and attribution requirements,candidate_not_for_planner
0089686171648,,indomie,80 g,,,459,10.3,67,15.5,true,0,2026-03-14,https://world.openfoodfacts.org/product/0089686171648,Open Database License (ODbL); verify reuse and attribution requirements,candidate_not_for_planner
0089686180633,Indo mie Fried noodles,indomie,,1 serving (85 g),en:plant-based-foods-and-beverages;en:plant-based-foods;en:dried-products;en:dried-products-to-be-rehydrated;en:pastas;en:noodles;en:instant-noodles,465.882352941176,10.1176470588235,59.8823529411765,20.1176470588235,true,0,2026-03-24,https://world.openfoodfacts.org/product/0089686180633,Open Database License (ODbL); verify reuse and attribution requirements,candidate_not_for_planner
0089686011036,Indomie Mi Goreng Pedas,indomie,79g,1 serving (79 g),en:plant-based-foods-and-beverages;en:plant-based-foods;en:meals;en:dried-products;en:pastas;en:dried-products-to-be-rehydrated;en:soups;en:dried-meals;en:noodles;en:chinese-noodles;en:dehydrated-soups;en:instant-noodles;en:flavoured-asian-noodles;en:instant-noodle-soups;en:dehydrated-asian-style-soup-with-noodles;en:flavoured-dehydrated-asian-noodles,482.278481012658,10.126582278481,61.3924050632911,21.2658227848101,true,0,2026-05-12,https://world.openfoodfacts.org/product/0089686011036,Open Database License (ODbL); verify reuse and attribution requirements,candidate_not_for_planner
0089686910384,Indomie Soto Spesial,indomie,75g,,,,,,,false,0,2026-05-15,https://world.openfoodfacts.org/product/0089686910384,Open Database License (ODbL); verify reuse and attribution requirements,candidate_not_for_planner
0089686043495,Indomie Hype Abis Mi Kuah Rasa Seblak Hot Jeletot,"indomie, Indofood",75g,75g,en:plant-based-foods-and-beverages;en:plant-based-foods;en:dried-products;en:dried-products-to-be-rehydrated;en:pastas;en:noodles;en:instant-noodles,440,9.33333333333333,62.6666666666667,17.3333333333333,true,0,2026-08-05,https://world.openfoodfacts.org/product/0089686043495,Open Database License (ODbL); verify reuse and attribution requirements,candidate_not_for_planner
0089686010046,Indomie Ayam Spesial 68Gr,indomie,6,,,,,,,false,0,2026-04-17,https://world.openfoodfacts.org/product/0089686010046,Open Database License (ODbL); verify reuse and attribution requirements,candidate_not_for_planner
0089686040647,Indomie Keriting Goreng Spesial,indomie,90g,90g,en:plant-based-foods-and-beverages;en:plant-based-foods;en:dried-products;en:pastas;en:dried-products-to-be-rehydrated;en:noodles;en:instant-noodles,444.444444444444,11.1111111111111,62.2222222222222,16.6666666666667,true,0,2026-03-26,https://world.openfoodfacts.org/product/0089686040647,Open Database License (ODbL); verify reuse and attribution requirements,candidate_not_for_planner
8994963002824,Chicken noodles,indomie,70 g,70 g,en:plant-based-foods-and-beverages;en:plant-based-foods;en:cereals-and-potatoes;en:cereals-and-their-products;en:dried-products;en:dried-products-to-be-rehydrated;en:pastas;en:noodles;en:instant-noodles;en:instant-noodle-soups,444.285714285714,9.42857142857143,67.1428571428571,14.2857142857143,true,0,2026-04-09,https://world.openfoodfacts.org/product/8994963002824,Open Database License (ODbL); verify reuse and attribution requirements,candidate_not_for_planner
0089686182033,Indo Mie soto,indomie,78g x 5,78g,en:plant-based-foods-and-beverages;en:plant-based-foods;en:dried-products;en:pastas;en:dried-products-to-be-rehydrated;en:noodles;en:instant-noodles;en:N,464.102564102564,10.7692307692308,62.1794871794872,18.3333333333333,true,0,2025-09-15,https://world.openfoodfacts.org/product/0089686182033,Open Database License (ODbL); verify reuse and attribution requirements,candidate_not_for_planner
8888327831130,Gaga mie kuah,indomie,1,1 serving (75 g),,453.333333333333,8,66.6666666666667,16,true,0,2026-04-06,https://world.openfoodfacts.org/product/8888327831130,Open Database License (ODbL); verify reuse and attribution requirements,candidate_not_for_planner
0089686043419,imdomie soto lamongan,indomie,80g,80g,,450,12.5,60,17.5,true,0,2026-09-22,https://world.openfoodfacts.org/product/0089686043419,Open Database License (ODbL); verify reuse and attribution requirements,candidate_not_for_planner
0089686011692,Indomie Soto Banjar Limau Kuit,indomie,75,,en:plant-based-foods-and-beverages;en:plant-based-foods;en:pastas;en:noodles,,,,,false,0,2026-04-09,https://world.openfoodfacts.org/product/0089686011692,Open Database License (ODbL); verify reuse and attribution requirements,candidate_not_for_planner
0089686043273,Indomie sambal rica rica,indomie,85g,,,,,,,false,0,2026-09-22,https://world.openfoodfacts.org/product/0089686043273,Open Database License (ODbL); verify reuse and attribution requirements,candidate_not_for_planner
0089686060256,indomi torikara,indomie,,1 portion (70 g),,471.428571428571,7.14285714285714,64.2857142857143,21.4285714285714,true,0,2025-08-02,https://world.openfoodfacts.org/product/0089686060256,Open Database License (ODbL); verify reuse and attribution requirements,candidate_not_for_planner
8994963003876,Indomie Mi Goreng Fried Noodles,"indomie, อินโดหมี่",85 g,85.0 g,en:plant-based-foods-and-beverages;en:plant-based-foods;en:dried-products;en:pastas;en:dried-products-to-be-rehydrated;en:noodles;en:instant-noodles,458.823529411765,9.41176470588235,58.8235294117647,21.1764705882353,true,0,2025-07-16,https://world.openfoodfacts.org/product/8994963003876,Open Database License (ODbL); verify reuse and attribution requirements,candidate_not_for_planner
0089686170924,Mi goreng Fried Noodles,indomie,5 x 85g,1 serving (175 g),en:plant-based-foods-and-beverages;en:plant-based-foods;en:cereals-and-potatoes;en:cereals-and-their-products;en:dried-products;en:dried-products-to-be-rehydrated;en:pastas;en:noodles;en:instant-noodles,226,4.5,29.371428571429,4.5,true,2,2026-08-17,https://world.openfoodfacts.org/product/0089686170924,Open Database License (ODbL); verify reuse and attribution requirements,candidate_not_for_planner
0089686010107,Indomie Kuah Kaldu Ayam,indomie,75g,1 portion (75 g),en:plant-based-foods-and-beverages;en:plant-based-foods;en:dried-products;en:dried-products-to-be-rehydrated;en:pastas;en:noodles;en:instant-noodles,453.333333333333,8,66.6666666666667,16,true,0,2026-08-12,https://world.openfoodfacts.org/product/0089686010107,Open Database License (ODbL); verify reuse and attribution requirements,candidate_not_for_planner
8994963003913,Spicy Gourmet Noodles,"indomie, อินโดหมี่",83 g,83 g,en:plant-based-foods-and-beverages;en:plant-based-foods;en:dried-products;en:dried-products-to-be-rehydrated;en:pastas;en:noodles;en:instant-noodles,497.590361445783,10.1204819277108,60,23.3734939759036,true,0,2026-07-14,https://world.openfoodfacts.org/product/8994963003913,Open Database License (ODbL); verify reuse and attribution requirements,candidate_not_for_planner
0089686040173,Indomie spicy ramyeon 83gr (Rak CC2),indomie,,83 g,,421.686746987952,7.2289156626506,69.8795180722892,13.2530120481928,true,0,2026-03-01,https://world.openfoodfacts.org/product/0089686040173,Open Database License (ODbL); verify reuse and attribution requirements,candidate_not_for_planner
0089686040142,Tori Kara,indomie,,89 g,,460.674157303371,7.86516853932584,65.1685393258427,19.1011235955056,true,0,2026-02-10,https://world.openfoodfacts.org/product/0089686040142,Open Database License (ODbL); verify reuse and attribution requirements,candidate_not_for_planner
8994963004101,Spicy Mushroom Soup Noodle,indomie,83g,1 package (83 g),en:plant-based-foods-and-beverages;en:plant-based-foods;en:meals;en:dried-products;en:dried-products-to-be-rehydrated;en:pastas;en:soups;en:noodles;en:instant-noodles,358,8.6,55,12,true,0,2026-08-12,https://world.openfoodfacts.org/product/8994963004101,Open Database License (ODbL); verify reuse and attribution requirements,candidate_not_for_planner
0089686043860,Indomie Mie Goreng Rasa Cabe Ijo Jumbo,indomie,,120 g,,483.333333333333,9.16666666666667,63.3333333333333,21.6666666666667,true,0,2026-08-29,https://world.openfoodfacts.org/product/0089686043860,Open Database License (ODbL); verify reuse and attribution requirements,candidate_not_for_planner
