barcode,product_name,candidate_ingredient_code,candidate_ingredient_name,match_basis,source_url,review_status
0089686010947,Indomie Mi Goreng Original,ING-MIE-INSTAN,Mie Instan,product_name_keyword_only,https://world.openfoodfacts.org/product/0089686010947,needs_human_review_not_recipe_equivalent
0089686010015,Indomie Ayam Bawang,ING-MIE-INSTAN,Mie Instan,product_name_keyword_only,https://world.openfoodfacts.org/product/0089686010015,needs_human_review_not_recipe_equivalent
0089686010527,Indomie Kari Ayam,ING-MIE-INSTAN,Mie Instan,product_name_keyword_only,https://world.openfoodfacts.org/product/0089686010527,needs_human_review_not_recipe_equivalent
0089686041705,Indomie - Mi Goreng Jumbo,ING-MIE-INSTAN,Mie Instan,product_name_keyword_only,https://world.openfoodfacts.org/product/0089686041705,needs_human_review_not_recipe_equivalent
8998866200301,Mi Sedaap,ING-MIE-INSTAN,Mie Instan,product_name_keyword_only,https://world.openfoodfacts.org/product/8998866200301,needs_human_review_not_recipe_equivalent
0089686041767,Indomie Mie Goreng Jumbo panggang,ING-MIE-INSTAN,Mie Instan,product_name_keyword_only,https://world.openfoodfacts.org/product/0089686041767,needs_human_review_not_recipe_equivalent
8998866202244,Mi Instan,ING-MIE-INSTAN,Mie Instan,product_name_keyword_only,https://world.openfoodfacts.org/product/8998866202244,needs_human_review_not_recipe_equivalent
0089686040227,Indomie K-rose goreng,ING-MIE-INSTAN,Mie Instan,product_name_keyword_only,https://world.openfoodfacts.org/product/0089686040227,needs_human_review_not_recipe_equivalent
0089686945003,Indomie Pop Spageti - Spicy Bolognese,ING-MIE-INSTAN,Mie Instan,product_name_keyword_only,https://world.openfoodfacts.org/product/0089686945003,needs_human_review_not_recipe_equivalent
0089686910704,Indomie Goreng Rendang 5X91G,ING-MIE-INSTAN,Mie Instan,product_name_keyword_only,https://world.openfoodfacts.org/product/0089686910704,needs_human_review_not_recipe_equivalent
0089686043433,Indomie Mi Goreng Rasa Ayam Geprek,ING-MIE-INSTAN,Mie Instan,product_name_keyword_only,https://world.openfoodfacts.org/product/0089686043433,needs_human_review_not_recipe_equivalent
0089686010343,Indomie Soto Mie,ING-MIE-INSTAN,Mie Instan,product_name_keyword_only,https://world.openfoodfacts.org/product/0089686010343,needs_human_review_not_recipe_equivalent
0089686043204,Indomie Mi Goreng Aceh,ING-MIE-INSTAN,Mie Instan,product_name_keyword_only,https://world.openfoodfacts.org/product/0089686043204,needs_human_review_not_recipe_equivalent
0089686043051,Indomie Rasa Coto Makassar,ING-MIE-INSTAN,Mie Instan,product_name_keyword_only,https://world.openfoodfacts.org/product/0089686043051,needs_human_review_not_recipe_equivalent
0089686043815,Indomie Bangladesh,ING-MIE-INSTAN,Mie Instan,product_name_keyword_only,https://world.openfoodfacts.org/product/0089686043815,needs_human_review_not_recipe_equivalent
0089686945010,Indomie Pop Spageti - Spicy Carbonara,ING-MIE-INSTAN,Mie Instan,product_name_keyword_only,https://world.openfoodfacts.org/product/0089686945010,needs_human_review_not_recipe_equivalent
0089686010824,Indomie Mi Goreng,ING-MIE-INSTAN,Mie Instan,product_name_keyword_only,https://world.openfoodfacts.org/product/0089686010824,needs_human_review_not_recipe_equivalent
0089686040098,Indomie Tori Miso,ING-MIE-INSTAN,Mie Instan,product_name_keyword_only,https://world.openfoodfacts.org/product/0089686040098,needs_human_review_not_recipe_equivalent
5016369043904,Indomie Mi Goreng Aceh,ING-MIE-INSTAN,Mie Instan,product_name_keyword_only,https://world.openfoodfacts.org/product/5016369043904,needs_human_review_not_recipe_equivalent
0089686170795,Indomie Instant Mi Goreng Fried Noodles,ING-MIE-INSTAN,Mie Instan,product_name_keyword_only,https://world.openfoodfacts.org/product/0089686170795,needs_human_review_not_recipe_equivalent
0089686180633,Indo mie Fried noodles,ING-MIE-INSTAN,Mie Instan,product_name_keyword_only,https://world.openfoodfacts.org/product/0089686180633,needs_human_review_not_recipe_equivalent
0089686011036,Indomie Mi Goreng Pedas,ING-MIE-INSTAN,Mie Instan,product_name_keyword_only,https://world.openfoodfacts.org/product/0089686011036,needs_human_review_not_recipe_equivalent
0089686910384,Indomie Soto Spesial,ING-MIE-INSTAN,Mie Instan,product_name_keyword_only,https://world.openfoodfacts.org/product/0089686910384,needs_human_review_not_recipe_equivalent
0089686043495,Indomie Hype Abis Mi Kuah Rasa Seblak Hot Jeletot,ING-MIE-INSTAN,Mie Instan,product_name_keyword_only,https://world.openfoodfacts.org/product/0089686043495,needs_human_review_not_recipe_equivalent
0089686010046,Indomie Ayam Spesial 68Gr,ING-MIE-INSTAN,Mie Instan,product_name_keyword_only,https://world.openfoodfacts.org/product/0089686010046,needs_human_review_not_recipe_equivalent
0089686040647,Indomie Keriting Goreng Spesial,ING-MIE-INSTAN,Mie Instan,product_name_keyword_only,https://world.openfoodfacts.org/product/0089686040647,needs_human_review_not_recipe_equivalent
8994963002824,Chicken noodles,ING-MIE-INSTAN,Mie Instan,product_name_keyword_only,https://world.openfoodfacts.org/product/8994963002824,needs_human_review_not_recipe_equivalent
0089686182033,Indo Mie soto,ING-MIE-INSTAN,Mie Instan,product_name_keyword_only,https://world.openfoodfacts.org/product/0089686182033,needs_human_review_not_recipe_equivalent
8888327831130,Gaga mie kuah,ING-MIE-INSTAN,Mie Instan,product_name_keyword_only,https://world.openfoodfacts.org/product/8888327831130,needs_human_review_not_recipe_equivalent
0089686011692,Indomie Soto Banjar Limau Kuit,ING-MIE-INSTAN,Mie Instan,product_name_keyword_only,https://world.openfoodfacts.org/product/0089686011692,needs_human_review_not_recipe_equivalent
0089686043273,Indomie sambal rica rica,ING-MIE-INSTAN,Mie Instan,product_name_keyword_only,https://world.openfoodfacts.org/product/0089686043273,needs_human_review_not_recipe_equivalent
8994963003876,Indomie Mi Goreng Fried Noodles,ING-MIE-INSTAN,Mie Instan,product_name_keyword_only,https://world.openfoodfacts.org/product/8994963003876,needs_human_review_not_recipe_equivalent
0089686170924,Mi goreng Fried Noodles,ING-MIE-INSTAN,Mie Instan,product_name_keyword_only,https://world.openfoodfacts.org/product/0089686170924,needs_human_review_not_recipe_equivalent
0089686010107,Indomie Kuah Kaldu Ayam,ING-MIE-INSTAN,Mie Instan,product_name_keyword_only,https://world.openfoodfacts.org/product/0089686010107,needs_human_review_not_recipe_equivalent
8994963003913,Spicy Gourmet Noodles,ING-MIE-INSTAN,Mie Instan,product_name_keyword_only,https://world.openfoodfacts.org/product/8994963003913,needs_human_review_not_recipe_equivalent
0089686040173,Indomie spicy ramyeon 83gr (Rak CC2),ING-MIE-INSTAN,Mie Instan,product_name_keyword_only,https://world.openfoodfacts.org/product/0089686040173,needs_human_review_not_recipe_equivalent
8994963004101,Spicy Mushroom Soup Noodle,ING-MIE-INSTAN,Mie Instan,product_name_keyword_only,https://world.openfoodfacts.org/product/8994963004101,needs_human_review_not_recipe_equivalent
0089686043860,Indomie Mie Goreng Rasa Cabe Ijo Jumbo,ING-MIE-INSTAN,Mie Instan,product_name_keyword_only,https://world.openfoodfacts.org/product/0089686043860,needs_human_review_not_recipe_equivalent
