source_id,name,area,category,source_url,image_url,raw_ingredients_json,instructions,review_status
53430,Antiguan Breakfast (Chop Up and ‘Saltfish’),,Breakfast,https://www.atastefortravel.ca/24626-antigua-chop-up/#recipe,https://www.themealdb.com/images/media/meals/jvjnoh1780086318.jpg,"[{""ingredient"": ""Egg Plants"", ""measure"": ""4""}, {""ingredient"": ""Callaloo"", ""measure"": ""8 oz""}, {""ingredient"": ""Pumpkin"", ""measure"": ""1 lb""}, {""ingredient"": ""Garlic"", ""measure"": ""3 cloves Chopped""}, {""ingredient"": ""Onion"", ""measure"": ""1 Diced""}, {""ingredient"": ""Butter"", ""measure"": ""2 oz""}, {""ingredient"": ""Salt"", ""measure"": ""1/2 tsp""}, {""ingredient"": ""Black Pepper"", ""measure"": ""1/4 tsp""}]","Peel and chop eggplant and pumpkin into medium-sized pieces.

Heat butter and add onions and garlic in a medium sized pot set to medium to high heat. Sauté for 2 minutes until softened but not browned.
Add pumpkin and eggplant. Sauté for an additional two to three minutes.
Add water just to cover the vegetables. Bring to a boil, reduce heat to a simmer and cook until the vegetables are soft.
Add the chopped spinach, stir and cook for an additional 3 minutes.
Pour the vegetable mixture into a colander and let drain.
After vegetable mixture has been drained return it to the pot and mash vigorously with a potato masher or a thick whisk.
Add salt and pepper. Adjust seasoning to taste.",needs_manual_mapping_and_rights_review
53076,Bread omelette,India,Breakfast,https://www.themealdb.com/meal/53076,https://www.themealdb.com/images/media/meals/hqaejl1695738653.jpg,"[{""ingredient"": ""Bread"", ""measure"": ""2""}, {""ingredient"": ""Egg"", ""measure"": ""2""}, {""ingredient"": ""Salt"", ""measure"": ""0.5""}]",Make and enjoy,needs_manual_mapping_and_rights_review
52965,Breakfast Potatoes,Canadian,Breakfast,http://www.vodkaandbiscuits.com/2014/03/06/bangin-breakfast-potatoes/,https://www.themealdb.com/images/media/meals/1550441882.jpg,"[{""ingredient"": ""Potatoes"", ""measure"": ""3 Medium""}, {""ingredient"": ""Olive Oil"", ""measure"": ""1 tbs""}, {""ingredient"": ""Bacon"", ""measure"": ""2 strips""}, {""ingredient"": ""Garlic Clove"", ""measure"": ""Minced""}, {""ingredient"": ""Maple Syrup"", ""measure"": ""1 tbs""}, {""ingredient"": ""Parsley"", ""measure"": ""Garnish""}, {""ingredient"": ""Salt"", ""measure"": ""Pinch""}, {""ingredient"": ""Pepper"", ""measure"": ""Pinch""}, {""ingredient"": ""Allspice"", ""measure"": ""To taste""}]","Before you do anything, freeze your bacon slices that way when you're ready to prep, it'll be so much easier to chop!
Wash the potatoes and cut medium dice into square pieces. To prevent any browning, place the already cut potatoes in a bowl filled with water.
In the meantime, heat 1-2 tablespoons of oil in a large skillet over medium-high heat. Tilt the skillet so the oil spreads evenly.
Once the oil is hot, drain the potatoes and add to the skillet. Season with salt, pepper, and Old Bay as needed.
Cook for 10 minutes, stirring the potatoes often, until brown. If needed, add a tablespoon more of oil.
Chop up the bacon and add to the potatoes. The bacon will start to render and the fat will begin to further cook the potatoes. Toss it up a bit! The bacon will take 5-6 minutes to crisp.
Once the bacon is cooked, reduce the heat to medium-low, add the minced garlic and toss. Season once more. Add dried or fresh parsley. Control heat as needed.
Let the garlic cook until fragrant, about one minute.
Just before serving, drizzle over the maple syrup and toss. Let that cook another minute, giving the potatoes a caramelized effect.
Serve in a warm bowl with a sunny side up egg!",needs_manual_mapping_and_rights_review
53379,Dutch poffertjes (mini pancakes),Netherlands,Breakfast,https://insimoneskitchen.com/old-dutch-poffertjes/#recipe,https://www.themealdb.com/images/media/meals/oaqz9f1766593912.jpg,"[{""ingredient"": ""Flour"", ""measure"": ""125g""}, {""ingredient"": ""Buckwheat Flour"", ""measure"": ""125g""}, {""ingredient"": ""Eggs"", ""measure"": ""2""}, {""ingredient"": ""Butter"", ""measure"": ""1 knob""}, {""ingredient"": ""Milk"", ""measure"": ""300ml""}, {""ingredient"": ""Yeast"", ""measure"": ""10g""}, {""ingredient"": ""vanilla sugar"", ""measure"": ""1tsp""}, {""ingredient"": ""Butter"", ""measure"": ""To serve""}, {""ingredient"": ""Icing Sugar"", ""measure"": ""To serve""}]","Mix the dry yeast with some of the luke warm milk en stir until dissolved.
Place buckwheat and the flour together in a bowl and make a small circle in the middle. Add the yeast mixture into it. Add the milk and stir until you have a smooth batter.
Add the eggs, salt and vanille sugar and stir through. Leave to stand and rise for about 45 minutes.
Heat the poffertjespan and add a bit of butter into each hole. Fill halfway with batter and first bake one side until you can see the top dry out a little. Turn the poffertjes around with a small fork and bake the other side until cooked and golden brown.
Serve the poffertjes with butter and icing sugar",needs_manual_mapping_and_rights_review
52895,English Breakfast,British,Breakfast,https://www.bbc.co.uk/food/recipes/stressfreefullenglis_67721,https://www.themealdb.com/images/media/meals/utxryw1511721587.jpg,"[{""ingredient"": ""Sausages"", ""measure"": ""2""}, {""ingredient"": ""Bacon"", ""measure"": ""3""}, {""ingredient"": ""Mushrooms"", ""measure"": ""2""}, {""ingredient"": ""Tomatoes"", ""measure"": ""2""}, {""ingredient"": ""Black Pudding"", ""measure"": ""1 Slice""}, {""ingredient"": ""Eggs"", ""measure"": ""2""}, {""ingredient"": ""Bread"", ""measure"": ""1 Slice""}]","Heat the flat grill plate over a low heat, on top of 2 rings/flames if it fits, and brush sparingly with light olive oil.
Cook the sausages first. Add the sausages to the hot grill plate/the coolest part if there is one and allow to cook slowly for about 15-20 minutes, turning occasionally, until golden. After the first 10 minutes, increase the heat to medium before beginning to cook the other ingredients. If you are struggling for space, completely cook the sausages and keep hot on a plate in the oven.
Snip a few small cuts into the fatty edge of the bacon. Place the bacon straight on to the grill plate and fry for 2-4 minutes each side or until your preferred crispiness is reached. Like the sausages, the cooked bacon can be kept hot on a plate in the oven.
For the mushrooms, brush away any dirt using a pastry brush and trim the stalk level with the mushroom top. Season with salt and pepper and drizzle over a little olive oil. Place stalk-side up on the grill plate and cook for 1-2 minutes before turning and cooking for a further 3-4 minutes. Avoid moving the mushrooms too much while cooking, as this releases the natural juices, making them soggy.
For the tomatoes, cut the tomatoes across the centre/or in half lengthways if using plum tomatoes , and with a small, sharp knife remove the green 'eye'. Season with salt and pepper and drizzle with a little olive oil. Place cut-side down on the grill plate and cook without moving for 2 minutes. Gently turn over and season again. Cook for a further 2-3 minutes until tender but still holding their shape.
For the black pudding, cut the black pudding into 3-4 slices and remove the skin. Place on the grill plate and cook for 1½-2 minutes each side until slightly crispy.
For 'proper' fried bread it's best to cook it in a separate pan. Ideally, use bread that is a couple of days old. Heat a frying pan to a medium heat and cover the base with oil. Add the bread and cook for 2-3 minutes each side until crispy and golden. If the pan becomes too dry, add a little more oil. For a richer flavour, add a knob of butter after you turn the slice.
For the fried eggs, break the egg straight into the pan with the fried bread and leave for 30 seconds. Add a good knob of butter and lightly splash/baste the egg with the butter when melted. Cook to your preferred stage, season and gently remove with a fish slice.
Once all the ingredients are cooked, serve on warm plates and enjoy straight away with a good squeeze of tomato ketchup or brown sauce.",needs_manual_mapping_and_rights_review
53413,Flija Layered Pancake / Crepe,,Breakfast,https://www.myalbanianfood.com/recipe/albanian-flija-pancake/,https://www.themealdb.com/images/media/meals/eqnf3p1779649407.jpg,"[{""ingredient"": ""Flour"", ""measure"": ""1 kg""}, {""ingredient"": ""Water"", ""measure"": ""1 L""}, {""ingredient"": ""Salt"", ""measure"": ""1 tsp""}, {""ingredient"": ""Melted Butter"", ""measure"": ""220g""}, {""ingredient"": ""Vegetable Oil"", ""measure"": ""200ml""}, {""ingredient"": ""Greek Yogurt"", ""measure"": ""5 tablespoons""}, {""ingredient"": ""Melted Butter"", ""measure"": ""220g""}, {""ingredient"": ""Vegetable Oil"", ""measure"": ""200ml""}, {""ingredient"": ""Clotted Cream"", ""measure"": ""3  tablespoons""}, {""ingredient"": ""Melted Butter"", ""measure"": ""220g""}, {""ingredient"": ""Sour Cream"", ""measure"": ""500ml""}, {""ingredient"": ""Olive Oil"", ""measure"": ""3  tablespoons""}]","
1
Prepare the Flour Batter
Mix together the flour, water and salt ensuring all the lumps are dissolved. The mixture should be thick but still of a pouring consistency, add a little extra water if required. Put to one side.
2
Prepare the Batter Filling
Mix together the butter, oil and chosen yogurt / cream ensuring all the lumps are dissolved. The mixture should be runny, leave to rest for 10 minutes before given it another good mix. The consistency should be similar to custard. Put to one side.
3
Baking
Preheat the gill to a medium setting (I use mark 4 of 6). Take a large deep baking tray or pie pan and rub some olive oil over the base. Make the first layer of flour batter using a squirty bottle or laydel, don't try to pour the batter as it will be too thick in the pan. You need to make a star effect by leaving triangles between each line of batter layers. Place under the grill until golden brown. This will take between 3 - 5 minutes.
4
Remove from under the grill and using a brush or the back of spoon rub over the whole pan (both battered and un-battered areas) a layer of the batter filling. Then, add a layer of the flour filling, use the same star effect this time placing the lines of batter through the gaps left from the previous layering. Also, leaving the same triangle shapes between each line. Place under the grill until golden brown. This will take between 3 - 5 minutes.
5
Repeat step 4 until all the mixture has been used and ensuring each triangle gap is filled with flour batter on each layer - this will take around 2 hours. After every couple of layers, use one layer just to fill up any spaces (large gaps between the batter stars) that may have started to show.
6
Serving
Once the Flija is ready serve straight away with honey or yogurt.",needs_manual_mapping_and_rights_review
52957,Fruit and Cream Cheese Breakfast Pastries,United States,Breakfast,https://www.themealdb.com/meal/52957,https://www.themealdb.com/images/media/meals/1543774956.jpg,"[{""ingredient"": ""Cream Cheese"", ""measure"": ""1 1/4 oz""}, {""ingredient"": ""Sugar"", ""measure"": ""1 1/4 cup""}, {""ingredient"": ""Vanilla Extract"", ""measure"": ""1 teaspoon""}, {""ingredient"": ""Flour"", ""measure"": """"}, {""ingredient"": ""Puff Pastry"", ""measure"": ""2""}, {""ingredient"": ""Strawberries"", ""measure"": """"}, {""ingredient"": ""Raspberries"", ""measure"": """"}, {""ingredient"": ""Blackberries"", ""measure"": """"}]","Preheat oven to 400ºF (200ºC), and prepare two cookie sheets with parchment paper. In a bowl, mix cream cheese, sugar, and vanilla until fully combined. Lightly flour the surface and roll out puff pastry on top to flatten. Cut each sheet of puff pastry into 9 equal squares. On the top right and bottom left of the pastry, cut an L shape approximately ½ inch (1 cm) from the edge.
NOTE: This L shape should reach all the way down and across the square, however both L shapes should not meet at the ends. Your pastry should look like a picture frame with two corners still intact.
Take the upper right corner and fold down towards the inner bottom corner. You will now have a diamond shape.
Place 1 to 2 teaspoons of the cream cheese filling in the middle, then place berries on top.
Repeat with the remaining pastry squares and place them onto the parchment covered baking sheet.
Bake for 15-20 minutes or until pastry is golden brown and puffed.
Enjoy!
",needs_manual_mapping_and_rights_review
52896,Full English Breakfast,British,Breakfast,https://www.bbc.co.uk/food/recipes/stressfreefullenglis_67721,https://www.themealdb.com/images/media/meals/sqrtwu1511721265.jpg,"[{""ingredient"": ""Sausages"", ""measure"": ""4""}, {""ingredient"": ""Bacon"", ""measure"": ""4""}, {""ingredient"": ""Mushrooms"", ""measure"": ""4""}, {""ingredient"": ""Tomatoes"", ""measure"": ""3""}, {""ingredient"": ""Black Pudding"", ""measure"": ""2 sliced""}, {""ingredient"": ""Eggs"", ""measure"": ""2""}, {""ingredient"": ""Bread"", ""measure"": ""1 Slice""}, {""ingredient"": ""Baked Beans"", ""measure"": ""100g""}]","Heat the flat grill plate over a low heat, on top of 2 rings/flames if it fits, and brush sparingly with light olive oil.
Cook the sausages first. Add the sausages to the hot grill plate/the coolest part if there is one and allow to cook slowly for about 15-20 minutes, turning occasionally, until golden. After the first 10 minutes, increase the heat to medium before beginning to cook the other ingredients. If you are struggling for space, completely cook the sausages and keep hot on a plate in the oven.
Snip a few small cuts into the fatty edge of the bacon. Place the bacon straight on to the grill plate and fry for 2-4 minutes each side or until your preferred crispiness is reached. Like the sausages, the cooked bacon can be kept hot on a plate in the oven.
For the mushrooms, brush away any dirt using a pastry brush and trim the stalk level with the mushroom top. Season with salt and pepper and drizzle over a little olive oil. Place stalk-side up on the grill plate and cook for 1-2 minutes before turning and cooking for a further 3-4 minutes. Avoid moving the mushrooms too much while cooking, as this releases the natural juices, making them soggy.
For the tomatoes, cut the tomatoes across the centre/or in half lengthways if using plum tomatoes , and with a small, sharp knife remove the green 'eye'. Season with salt and pepper and drizzle with a little olive oil. Place cut-side down on the grill plate and cook without moving for 2 minutes. Gently turn over and season again. Cook for a further 2-3 minutes until tender but still holding their shape.
For the black pudding, cut the black pudding into 3-4 slices and remove the skin. Place on the grill plate and cook for 1½-2 minutes each side until slightly crispy.
For 'proper' fried bread it's best to cook it in a separate pan. Ideally, use bread that is a couple of days old. Heat a frying pan to a medium heat and cover the base with oil. Add the bread and cook for 2-3 minutes each side until crispy and golden. If the pan becomes too dry, add a little more oil. For a richer flavour, add a knob of butter after you turn the slice.
For the fried eggs, break the egg straight into the pan with the fried bread and leave for 30 seconds. Add a good knob of butter and lightly splash/baste the egg with the butter when melted. Cook to your preferred stage, season and gently remove with a fish slice.
Once all the ingredients are cooked, serve on warm plates and enjoy straight away with a good squeeze of tomato ketchup or brown sauce.",needs_manual_mapping_and_rights_review
53450,Grits,,Breakfast,https://www.bahamas.gov.bs/native-dishes,https://www.themealdb.com/images/media/meals/bfok4w1780242078.jpg,"[{""ingredient"": ""Grits"", ""measure"": ""1/4 cup""}, {""ingredient"": ""Salt"", ""measure"": ""1 tsp""}, {""ingredient"": ""Water"", ""measure"": ""1 cup""}]",Bring water with salt to a boil then add grits; reduce heat and cover. occasionally stirring. Cook approximately 15 minutes or until grits have desired consistency. Cool then serve,needs_manual_mapping_and_rights_review
52967,Home-made Mandazi,Kenyan,Breakfast,http://chef-raphael.com/home-made-mandazi-recipe/#more-106,https://www.themealdb.com/images/media/meals/thazgm1555350962.jpg,"[{""ingredient"": ""Self-raising Flour"", ""measure"": ""750g""}, {""ingredient"": ""Sugar"", ""measure"": ""6 tablespoons""}, {""ingredient"": ""Eggs"", ""measure"": ""2""}, {""ingredient"": ""Milk"", ""measure"": ""1 cup""}]","This is one recipe a lot of people have requested and I have tried to make it as simple as possible and I hope it will work for you. Make sure you use the right flour which is basically one with raising agents. Adjust the amount of sugar to your taste and try using different flavours to have variety whenever you have them.
You can use Coconut milk instead of regular milk, you can also add desiccated coconut to the dry flour or other spices like powdered cloves or cinnamon.
For “healthy looking” mandazis do not roll the dough too thin before frying and use the procedure I have indicated above.

1. Mix the flour,cinnamon and sugar in a suitable bowl.
2. In a separate bowl whisk the egg into the milk
3. Make a well at the centre of the flour and add the milk and egg mixture and slowly mix to form a dough.
4. Knead the dough for 3-4 minutes or until it stops sticking to the sides of the bowl and you have a smooth surface.
5. Cover the dough with a damp cloth  and allow to rest for 15 minutes.
6. Roll the dough on a lightly floured surface into a 1cm thick piece.
7. Using a sharp small knife, cut the dough into the desired size setting aside ready for deep frying.
8. Heat your oil in a suitable pot and gently dip the mandazi pieces to cook until light brown on the first side then turn to cook on the second side.
9. Serve them warm or cold",needs_manual_mapping_and_rights_review
53363,Jamaican Cornmeal Porridge,Jamaican,Breakfast,https://www.myforkinglife.com/jamaican-cornmeal-porridge/#recipe,https://www.themealdb.com/images/media/meals/sng9bm1765320170.jpg,"[{""ingredient"": ""Water"", ""measure"": ""4 cups""}, {""ingredient"": ""Coconut Milk"", ""measure"": ""380g""}, {""ingredient"": ""Fine Yellow Cornmeal"", ""measure"": ""1 cup""}, {""ingredient"": ""Vanilla Extract"", ""measure"": ""1 1/2 tsp""}, {""ingredient"": ""Ground Cinnamon"", ""measure"": ""1/2 tsp""}, {""ingredient"": ""Ground Nutmeg"", ""measure"": ""1/2 tsp""}, {""ingredient"": ""Ground Allspice"", ""measure"": ""1/4 tsp""}, {""ingredient"": ""Sweetened Condensed Milk"", ""measure"": ""1/2 cup""}]","Add 2 ½ cups water, 1 can coconut milk to a 4 QT heavy bottomed pot. Bring to a boil over medium-high heat.
Meanwhile, add 1 cup cornmeal and 1 ½ cup water to a large mixing cup and whisk until smooth.
Once the pot begins to boil, whisk in cornmeal mixture and continue to whisk for about 1 minute, ensuring there are no lumps. Reduce heat to low and cover with a tight fitting lid.
Cook over low heat for 15-20 minutes, stirring occasionally. When there is about 5 minutes left, stir in vanilla extract, cinnamon, nutmeg, and all-spice. Remove from heat and sweeten with condensed milk.
Serve and enjoy.",needs_manual_mapping_and_rights_review
53331,Oatmeal pancakes,Venezuela,Breakfast,https://goya.es/en/recipes/oatmeal-pancakes,https://www.themealdb.com/images/media/meals/c400ok1764439058.jpg,"[{""ingredient"": ""Egg"", ""measure"": ""1 medium""}, {""ingredient"": ""Milk"", ""measure"": ""80 ml""}, {""ingredient"": ""Sugar"", ""measure"": ""1 tablespoon""}, {""ingredient"": ""Baking Powder"", ""measure"": ""1 tsp""}, {""ingredient"": ""Salt"", ""measure"": ""Pinch""}, {""ingredient"": ""Vanilla Extract"", ""measure"": ""1 dash""}, {""ingredient"": ""Ground Oats"", ""measure"": ""150g""}, {""ingredient"": ""Butter"", ""measure"": ""150g""}, {""ingredient"": ""Sugar Syrup"", ""measure"": ""1 tablespoon""}, {""ingredient"": ""Strawberries"", ""measure"": ""3""}]","Place all the ingredients in the glass and beat.
Let the mixture stand for 10 minutes.
Grease a hot frying pan with a little butter and pour a little of the mixture.
When it starts to bubble on the surface, turn over with a spatula. Cook over medium-low heat so that they do not burn.
Finally, add the caramel and strawberries.",needs_manual_mapping_and_rights_review
53118,Rømmegrøt – Norwegian Sour Cream Porridge,Norway,Breakfast,https://scandinaviancookbook.com/rommegrot-norwegian-sour-cream-porridge/,https://www.themealdb.com/images/media/meals/hyk47c1762772689.jpg,"[{""ingredient"": ""Full fat sour cream"", ""measure"": ""2 cups""}, {""ingredient"": ""Flour"", ""measure"": ""3/4 cup""}, {""ingredient"": ""Milk"", ""measure"": ""2 cups""}, {""ingredient"": ""Salt"", ""measure"": ""1 tsp""}, {""ingredient"": ""Sugar"", ""measure"": ""Sprinkling""}, {""ingredient"": ""Cinnamon"", ""measure"": ""Sprinkling""}, {""ingredient"": ""Butter"", ""measure"": ""To taste""}]","▢
Cook the sour cream in a covered saucepan on medium heat for about 5 minutes.
▢
Turn down the heat and add half of the flour and stir well with a whisk. Once the flour is fully incorporated, let the mixture continue to cook, stirring occasionally, until fat starts to release. Use a spoon to gather as much of the fat as you can in a small bowl, saving for later. (Don't worry if you can't get any fat – in that case you can add butter later.)
▢
Whisk in the rest of the flour and then slowly add the milk, whisking constantly to avoid lumps. Let the porridge continue to cook on low heat for 5 minutes and then add salt.
▢
Serve with sugar, cinnamon, and the fat from the porridge. If you're using lower fat sour cream you can top the rømmegrøt with some butter instead.",needs_manual_mapping_and_rights_review
52962,Salmon Eggs Eggs Benedict,United States,Breakfast,https://www.bbcgoodfood.com/recipes/73606/eggs-benedict-with-smoked-salmon-and-chives,https://www.themealdb.com/images/media/meals/1550440197.jpg,"[{""ingredient"": ""Eggs"", ""measure"": ""4""}, {""ingredient"": ""White Wine Vinegar"", ""measure"": ""2 tbs""}, {""ingredient"": ""English Muffins"", ""measure"": ""2""}, {""ingredient"": ""Butter"", ""measure"": ""To serve""}, {""ingredient"": ""Smoked Salmon"", ""measure"": ""8 slices""}, {""ingredient"": ""Lemon Juice"", ""measure"": ""2 tsp""}, {""ingredient"": ""White Wine Vinegar"", ""measure"": ""2 tsp""}, {""ingredient"": ""Egg"", ""measure"": ""3 Yolkes""}, {""ingredient"": ""Unsalted Butter"", ""measure"": ""125g""}]","First make the Hollandaise sauce. Put the lemon juice and vinegar in a small bowl, add the egg yolks and whisk with a balloon whisk until light and frothy. Place the bowl over a pan of simmering water and whisk until mixture thickens. Gradually add the butter, whisking constantly until thick – if it looks like it might be splitting, then whisk off the heat for a few mins. Season and keep warm.

To poach the eggs, bring a large pan of water to the boil and add the vinegar. Lower the heat so that the water is simmering gently. Stir the water so you have a slight whirlpool, then slide in the eggs one by one. Cook each for about 4 mins, then remove with a slotted spoon.

Lightly toast and butter the muffins, then put a couple of slices of salmon on each half. Top each with an egg, spoon over some Hollandaise and garnish with chopped chives.",needs_manual_mapping_and_rights_review
52964,Smoked Haddock Kedgeree,India,Breakfast,https://www.bbcgoodfood.com/recipes/2256/smoked-haddock-kedgeree,https://www.themealdb.com/images/media/meals/1550441275.jpg,"[{""ingredient"": ""Butter"", ""measure"": ""50g""}, {""ingredient"": ""Onion"", ""measure"": ""1 chopped""}, {""ingredient"": ""Cardamom"", ""measure"": ""3 Pods""}, {""ingredient"": ""Turmeric"", ""measure"": ""1/4 tsp""}, {""ingredient"": ""Cinnamon Stick"", ""measure"": ""1 small""}, {""ingredient"": ""Bay Leaf"", ""measure"": ""Sprigs of fresh""}, {""ingredient"": ""Basmati Rice"", ""measure"": ""450g""}, {""ingredient"": ""Chicken Stock"", ""measure"": ""1 Litre""}, {""ingredient"": ""Smoked Haddock"", ""measure"": ""750g""}, {""ingredient"": ""Eggs"", ""measure"": ""3""}, {""ingredient"": ""Parsley"", ""measure"": ""3 tblsp chopped""}, {""ingredient"": ""Lemon"", ""measure"": ""1 chopped""}]","Melt 50g butter in a large saucepan (about 20cm across), add 1 finely chopped medium onion and cook gently over a medium heat for 5 minutes, until softened but not browned.

Stir in 3 split cardamom pods, ¼ tsp turmeric, 1 small cinnamon stick and 2 bay leaves, then cook for 1 minute.

Tip in 450g basmati rice and stir until it is all well coated in the spicy butter.

Pour in 1 litre chicken or fish stock, add ½ teaspoon salt and bring to the boil, stir once to release any rice from the bottom of the pan. Cover with a close-fitting lid, reduce the heat to low and leave to cook very gently for 12 minutes.

Meanwhile, bring some water to the boil in a large shallow pan. Add 750g un-dyed smoked haddock fillet and simmer for 4 minutes, until the fish is just cooked. Lift it out onto a plate and leave until cool enough to handle.

Hard-boil 3 eggs for 8 minutes.

Flake the fish, discarding any skin and bones. Drain the eggs, cool slightly, then peel and chop. 

Uncover the rice and remove the bay leaves, cinnamon stick and cardamom pods if you wish to. Gently fork in the fish and the chopped eggs, cover again and return to the heat for 2-3 minutes, or until the fish has heated through.

Gently stir in almost all the 3 tbsp chopped fresh parsley, and season with a little salt and black pepper to taste. Serve scattered with the remaining parsley and garnished with 1 lemon, cut into wedges.",needs_manual_mapping_and_rights_review
53415,Torrijas,,Breakfast,https://www.thekitchn.com/torrijas-recipe-23214033#post-recipe-286240303,https://www.themealdb.com/images/media/meals/927vvp1779732018.jpg,"[{""ingredient"": ""Orange"", ""measure"": ""1 medium""}, {""ingredient"": ""Lemon"", ""measure"": ""1 medium""}, {""ingredient"": ""Whole Milk"", ""measure"": ""4 cups""}, {""ingredient"": ""Sugar"", ""measure"": ""1/2 cup""}, {""ingredient"": ""Cinnamon Stick"", ""measure"": ""1""}, {""ingredient"": ""Dry sherry"", ""measure"": ""1/3 cup""}, {""ingredient"": ""Baguette"", ""measure"": ""1""}, {""ingredient"": ""Olive Oil"", ""measure"": ""1 cup""}, {""ingredient"": ""Eggs"", ""measure"": ""4 large""}, {""ingredient"": ""Honey"", ""measure"": ""To serve""}]","Finely grate the zest of 1 medium orange (about 2 teaspoons) and 1 medium lemon (about 1 teaspoon) into a medium saucepan.
Add 1 quart whole milk, 1/2 cup granulated sugar, and 1 (3-inch) cinnamon stick. Bring to a boil over medium heat. Remove the pan from the heat and add 1/3 cup dry sherry. Let sit until cool enough to handle. Meanwhile, cut 1 (12-ounce) day-old baguette crosswise into 1-inch-thick slices (about 16). Arrange in a single layer on a rimmed baking sheet.
Pour the milk mixture over the bread and let it soak for 5 minutes. Flip each slice of bread. Let the bread sit until it absorbs most of the liquid but isn't falling apart, about 5 minutes more.
Heat 1 cup olive oil in a large frying pan over medium-high heat until shimmering. Meanwhile, whisk 4 eggs together in a medium bowl.
Working with 1 slice at a time, dip the bread in the egg mixture to coat. Let the excess drip off, then add to the pan. Repeat with as many slices as needed until the pan is filled with a single layer. Fry until golden-brown on the bottom, about 4 minutes. Flip the slices and fry until the second side until golden-brown, 3 to 4 minutes more. Transfer to a paper towel-lined plate or baking sheet. Repeat dipping and frying the remaining bread. Drizzle with honey to serve.",needs_manual_mapping_and_rights_review
53165,Torrijas with sherry,Spanish,Breakfast,https://www.bbcgoodfood.com/recipes/torrijas-sherry,https://www.themealdb.com/images/media/meals/f3ee3y1763309332.jpg,"[{""ingredient"": ""Egg"", ""measure"": ""2 medium""}, {""ingredient"": ""Double Cream"", ""measure"": ""2 tbsp""}, {""ingredient"": ""Milk"", ""measure"": ""2 tblsp""}, {""ingredient"": ""Golden Caster Sugar"", ""measure"": ""3 tsp""}, {""ingredient"": ""Sweet Sherry"", ""measure"": ""3  tablespoons""}, {""ingredient"": ""Bread"", ""measure"": ""4 thick slices""}, {""ingredient"": ""Olive Oil"", ""measure"": ""For frying""}, {""ingredient"": ""Icing Sugar"", ""measure"": ""To serve""}, {""ingredient"": ""Creme Fraiche"", ""measure"": ""To serve""}]","step 1
In a wide, shallow bowl, beat the eggs with the cream, milk, golden caster sugar and sherry. Cut each slice of bread in two and dip them into the egg mix, turning to make sure they get a good coating on either side. Soak bread in egg mixture for 10 mins to absorb the liquid (carefully turn them over from time to time and make sure they don’t get too soggy).

step 2
Heat 1½ tbsp olive oil in a large frying pan and cook the bread for about 3 mins on each side until dark golden and crisp on the edge. Keep the slices warm in a low oven as you cook the rest.

step 3
Divide the torrijas between plates and dust with the icing sugar. Serve with crème fraîche or Greek yogurt on the side.",needs_manual_mapping_and_rights_review
53114,Ugali – Kenyan cornmeal,Kenyan,Breakfast,https://tasteoftheplace.com/ugali-kenyan-cornmeal/,https://www.themealdb.com/images/media/meals/smoa3h1762341142.jpg,"[{""ingredient"": ""Water"", ""measure"": ""2 cups""}, {""ingredient"": ""White Cornmeal"", ""measure"": ""1 1/2 cups""}]","Bring the water to a boil in a medium saucepan.
Reduce the heat to low, and stirring constantly with a whisk, slowly add the cornmeal to the boiling water. The ugali will begin to thicken quite quickly.
Continue cooking on low heat, stirring constantly with a sturdy wooden spoon, until the ugali begins to pull away from the sides of the pan, hold together, and takes on the aroma of roasted corn. Turn it out immediately onto a serving plate. If you would like, using a spoon or spatula, quickly shape it into a thick disk or round.
The ugali will continue to firm as it cools and will be thick enough to cut with a knife (similar to firm polenta).",needs_manual_mapping_and_rights_review
53225,Yemeni Lahsa (Elite Shakshuka),Saudi Arabian,Breakfast,https://cookpad.com/eng/recipes/24629321?ref=search&search_term=saudi+arabia,https://www.themealdb.com/images/media/meals/30s7vf1763741844.jpg,"[{""ingredient"": ""Egg"", ""measure"": ""5""}, {""ingredient"": ""Onion"", ""measure"": ""1 Diced""}, {""ingredient"": ""Tomato"", ""measure"": ""1 Diced""}, {""ingredient"": ""Olive Oil"", ""measure"": ""2 tablespoons""}, {""ingredient"": ""Allspice"", ""measure"": ""1/4 tsp""}, {""ingredient"": ""Black Pepper"", ""measure"": ""1/4 tsp""}, {""ingredient"": ""Liquid Cheese"", ""measure"": ""3  tablespoons""}]","1
First, On medium heat, heat the olive oil and add the diced onion until it wethers. Next, add the tomatoes and cook for another 4-5 min. Lastly, add the all spice, salt, and cracked pepper.
2
Add the eggs and mix throughly for 2 minutes and cover to cook 5-6 minutes until top is solidified. Lastly, spread the liquid cheese and have it covered for a minute.
3
I served mine Mediterranean style with hash-browns, Egyptian fava beans, Turkish salami and olives, cheese wedges, and greek feta.",needs_manual_mapping_and_rights_review
53425,Authentic Laos Tapioca Pudding with Bananas,,Dessert,https://cookingwithlane.com/laos-banana-tapioca-pudding-nam-van-mak-kuay/,https://www.themealdb.com/images/media/meals/5pmn0g1779813285.jpg,"[{""ingredient"": ""Warm Water"", ""measure"": ""1 cup""}, {""ingredient"": ""Water"", ""measure"": ""4 cups""}, {""ingredient"": ""Tapioca"", ""measure"": ""3  tablespoons""}, {""ingredient"": ""Coconut Milk"", ""measure"": ""14 oz jar""}, {""ingredient"": ""Sugar"", ""measure"": ""2 tablespoons""}, {""ingredient"": ""Banana"", ""measure"": ""3 Cups""}, {""ingredient"": ""Water"", ""measure"": ""4 cups""}, {""ingredient"": ""Salt"", ""measure"": ""To taste""}]","In a bowl of warm water, add tapioca pearls and allow them to soak for 20 minutes.
Prepare bananas by peeling them and cutting them into ½ inch slices. Set the slices aside
On a stove, pour in 4 cups of water and bring it to a boil. Add in the banana slices.
After 20 minutes, drain the tapioca pearls in cold water to allow the pearls to separate from each other.
Add the tapioca pearls into the the pot. Allow to simmer for 3 minutes or until the tapioca pearls turn clear.
Next, add in sugar and pour in the coconut cream. Stir the ingredients gently for 3 minutes to incorporate the flavors.
Add salt to taste.",needs_manual_mapping_and_rights_review
53441,Banana den Forno,,Dessert,https://www.visitaruba.com/aruba-recipes/banana-den-forno/,https://www.themealdb.com/images/media/meals/6v583k1780093743.jpg,"[{""ingredient"": ""Banana"", ""measure"": ""4""}, {""ingredient"": ""Ground Cinnamon"", ""measure"": ""2 tablespoons""}, {""ingredient"": ""Vanilla Extract"", ""measure"": ""3  tablespoons""}, {""ingredient"": ""Sugar"", ""measure"": ""1 cup""}, {""ingredient"": ""Water"", ""measure"": ""4 cups""}]","Peal the bananas and boil them together with the cinnamon, vanilla extract, sugar and water for about 20 minutes. Bake the bananas in the oven at 275°F for 10 minutes. Serve with favorite ice cream.",needs_manual_mapping_and_rights_review
52855,Banana Pancakes,United States,Dessert,https://www.bbcgoodfood.com/recipes/banana-pancakes,https://www.themealdb.com/images/media/meals/sywswr1511383814.jpg,"[{""ingredient"": ""Banana"", ""measure"": ""1 large""}, {""ingredient"": ""Eggs"", ""measure"": ""2 medium""}, {""ingredient"": ""Baking Powder"", ""measure"": ""pinch""}, {""ingredient"": ""Vanilla Extract"", ""measure"": ""spinkling""}, {""ingredient"": ""Oil"", ""measure"": ""1 tsp""}, {""ingredient"": ""Pecan Nuts"", ""measure"": ""25g""}, {""ingredient"": ""Raspberries"", ""measure"": ""125g""}]","In a bowl, mash the banana with a fork until it resembles a thick purée. Stir in the eggs, baking powder and vanilla.
Heat a large non-stick frying pan or pancake pan over a medium heat and brush with half the oil. Using half the batter, spoon two pancakes into the pan, cook for 1-2 mins each side, then tip onto a plate. Repeat the process with the remaining oil and batter. Top the pancakes with the pecans and raspberries.",needs_manual_mapping_and_rights_review
52939,Callaloo Jamaican Style,Jamaican,Miscellaneous,https://www.africanbites.com/callaloo-jamaican-style/,https://www.themealdb.com/images/media/meals/ussyxw1515364536.jpg,"[{""ingredient"": ""Kale"", ""measure"": ""1  bunch""}, {""ingredient"": ""Bacon"", ""measure"": ""2 strips""}, {""ingredient"": ""Garlic"", ""measure"": ""3 cloves Chopped""}, {""ingredient"": ""Onion"", ""measure"": ""1 medium""}, {""ingredient"": ""Paprika"", ""measure"": ""1/2 tsp""}, {""ingredient"": ""Thyme"", ""measure"": ""1 Sprig""}, {""ingredient"": ""Tomato"", ""measure"": ""1""}, {""ingredient"": ""Red Pepper"", ""measure"": ""1""}, {""ingredient"": ""Banana"", ""measure"": ""4""}, {""ingredient"": ""Vegetable Oil"", ""measure"": ""Splash""}]","Cut leaves and soft stems from the kale branches, them soak in a bowl of cold water for about 5-10 minutes or until finish with prep.
Proceed to slicing the onions, mincing the garlic and dicing the tomatoes. Set aside
Remove kale from water cut in chunks.
Place bacon on saucepan and cook until crispy. Then add onions, garlic, thyme, stir for about a minute or more
Add tomatoes; scotch bonnet pepper, smoked paprika. Sauté for about 2-3 more minutes.
Finally add vegetable, salt, mix well, and steamed for about 6-8 minutes or until leaves are tender. Add a tiny bit of water as needed. Adjust seasonings and turn off the heat.
Using a sharp knife cut both ends off the plantain. This will make it easy to grab the skin of the plantains. Slit a shallow line down the long seam of the plantain; peel only as deep as the peel. Remove plantain peel by pulling it back.
Slice the plantain into medium size lengthwise slices and set aside.
Coat a large frying pan with cooking oil spray. Spray the tops of the plantains with a generous layer of oil spray and sprinkle with salt, freshly ground pepper.
Let the plantains ""fry"" on medium heat, shaking the frying pan to redistribute them every few minutes.
As the plantains brown, continue to add more cooking oil spray, salt and pepper (if needed) until they have reached the desired color and texture.
Remove and serve with kale",needs_manual_mapping_and_rights_review
52853,Chocolate Avocado Mousse,British,Dessert,http://www.hemsleyandhemsley.com/recipe/chocolate-avocado-mousse/,https://www.themealdb.com/images/media/meals/uttuxy1511382180.jpg,"[{""ingredient"": ""Banana"", ""measure"": ""1""}, {""ingredient"": ""Cacao"", ""measure"": ""3 tbsp""}, {""ingredient"": ""Avocado"", ""measure"": ""1""}, {""ingredient"": ""Honey"", ""measure"": ""2 tblsp""}, {""ingredient"": ""Lemon Juice"", ""measure"": ""1 tsp""}, {""ingredient"": ""Vanilla"", ""measure"": ""1 tsp""}, {""ingredient"": ""Water"", ""measure"": ""2 tbsp""}, {""ingredient"": ""Sea Salt"", ""measure"": ""pinch""}]","1. Blend all the mousse ingredients together in your food processor until smooth. Add the cacao powder first and, as you blend, have all the ingredients to hand in order to adjust the ratios slightly as the size of avocados and bananas varies so much. The perfect ratio in order to avoid the dish tasting too much of either is to use equal amounts of both.

2. Taste and add a few drops of stevia if you feel you need more sweetness.

3. Fill little cups or shot glasses with the mousse, sprinkle with the cacao powder or nibs and serve.

Tip If you don’t have a frozen banana to hand you can just use a normal one and then chill the mousse before serving for a cooling dessert.",needs_manual_mapping_and_rights_review
53351,Jamaican Banana Fritters,Jamaican,Dessert,https://www.myforkinglife.com/banana-fritters/#recipe,https://www.themealdb.com/images/media/meals/ul2uy31764794321.jpg,"[{""ingredient"": ""Banana"", ""measure"": ""3 Medium""}, {""ingredient"": ""Vanilla Extract"", ""measure"": ""1 tsp""}, {""ingredient"": ""Cinnamon"", ""measure"": ""1/2 tsp""}, {""ingredient"": ""Nutmeg"", ""measure"": ""1/4 tsp""}, {""ingredient"": ""Brown Sugar"", ""measure"": ""3  tablespoons""}, {""ingredient"": ""Salt"", ""measure"": ""Pinch""}, {""ingredient"": ""All purpose flour"", ""measure"": ""1 cup""}, {""ingredient"": ""Oil"", ""measure"": ""For frying""}]","Mash bananas with fork in bowl.
Add brown sugar, vanilla, extract, cinnamon, nutmeg and a pinch of salt. Sift in flour and stir with spoon until fully combined.
Add oil to a 10 inch skillet over medium-high heat. Once oil is hot, drop banana fritter batter in oil by the spoonful. Once one side is golden and bubbles appear on the top, flip fritter and cook until the other side is browned as well.
Remove fritters and drain on paper towels. Enjoy",needs_manual_mapping_and_rights_review
53271,"Walnut, date & honey cake",Turkish,Dessert,https://www.bbcgoodfood.com/recipes/walnut-date-honey-cake,https://www.themealdb.com/images/media/meals/towo9c1763814590.jpg,"[{""ingredient"": ""Self-raising Flour"", ""measure"": ""225g""}, {""ingredient"": ""Ground Cinnamon"", ""measure"": ""1/2 teaspoon""}, {""ingredient"": ""Butter"", ""measure"": ""175g""}, {""ingredient"": ""Muscovado Sugar"", ""measure"": ""100g""}, {""ingredient"": ""Clear Honey"", ""measure"": ""3  tablespoons""}, {""ingredient"": ""Egg"", ""measure"": ""2 Beaten""}, {""ingredient"": ""Banana"", ""measure"": ""2 medium""}, {""ingredient"": ""Stoned Dates"", ""measure"": ""100g""}, {""ingredient"": ""Walnuts"", ""measure"": ""50g""}]","step 1
Preheat the oven to 160C/Gas 3/fan oven 140C. Line the base and long sides of a 900g/2lb loaf tin with greaseproof paper, buttering the tin and paper.

step 2
Tip the flour, cinnamon, butter, sugar, 2 tablespoons of the honey and the eggs into a large mixing bowl. Mash the bananas and chop the dates (kitchen scissors are easiest for this) and add to the bowl. Beat the mixture for 2-3 minutes, using a wooden spoon or hand-held mixer, until well blended.

step 3
Spoon into the prepared tin and level the top. Scatter the walnut pieces over. Bake for 1 hour, then lightly press the top – it will feel firm if cooked. If not, bake for a further 10 minutes.

step 4
Cool for 15 minutes, then lift out of the tin using the paper. When cold, drizzle the remaining honey over. Cut into thick slices.",needs_manual_mapping_and_rights_review
